IDX,LID,CI_1,CI_2,Lon,Lat,Time,Measure,[Call Test] Call Start Network,[Call Test] Call Type,[Call Test] Call Result,[Call Test] Call Middle Network,[Call Test] Call End Network,[Call Test] Mobile ChipSet,[Call Test] [VoNR VoLTE] [Duration] SIP Setup Duration (Invite~200OK),[Call Test] [Misc] [Mobile] IMEI,[Call Test] [Throughput] Application DL TP,[General] Serving Network (In Traffic),[Call Test] [HTTP Transfer] HTTP Transfer Call Event,[Call Test] [KR PS-LTE] [SMS] [Timestamp] SIP Message,[Packet Data] [SIP] UL/DL,[Packet Data] [SIP] Request Method,[Packet Data] [SIP] Status,[Packet Data] [SIP] 200 OK - Method,[Call Test] [Voice or Video Call] Call Result,[Call Test] [Voice or Video Call] Orig/Term,[Call Test] [Voice or Video Call] Result & Reason,[LTE] [L1] [RF] PCI,[LTE] [L1] [RF] RSRP,[Event] Total Call Result,[Event] Voice Call Event,[Event] [Event Occurrence Count] Call Completed #,[Event] [Event Occurrence Count] Outgoing Call Setup Fail #,[Event] [Event Occurrence Count] Call Dropped #,[Event] [Event Occurrence Count] Call Start #,[Call Test] [Voice or Video Call] [Duration] Traffic Duration (LoggingTool),[NR5G] [RF] PCI,[Call Test] [Voice Quality] [Sampled Values] MOS (POLQA),[WiFi] On Off,[WiFi] Connect State,[WiFi] [Serving AP] RSSI,[WiFi] [Serving AP] Frequency,[WiFi] [Serving AP] Link Speed,[Call Test] [VoNR VoLTE] [Handover] Rx RTP Delay (Control Plane),[Call Test] [Voice or Video Call] Call Type,[Event] [Event Occurrence Count] Handover OK #,[Mobile Info] [Android] [Radio] Network Type (Data Svc),[NR5G] [RF] RSRP
1,1,,,-121.9314830,47.5244923,2026-01-26 23:50:50.000,_20260126_155046_CH02_TMO_5GNR_WFC_REF_TC-178-R1.dml,,,,,,,,,,,,,,,,,,,,,,,,,,,,,594,,On,Disconnected,,,,,,,NR (NR_SA),-114.560000
2,1,,,-121.9314830,47.5244923,2026-01-26 23:50:51.000,_20260126_155046_CH02_TMO_5GNR_WFC_REF_TC-178-R1.dml,,,,,,,,,,,,,,,,,,,,,,,,,,,,,594,,On,Disconnected,,,,,,,NR (NR_SA),-112.720000
3,1,,,-121.9314830,47.5244923,2026-01-26 23:50:52.000,_20260126_155046_CH02_TMO_5GNR_WFC_REF_TC-178-R1.dml,,,,,,,,,,,,,,,,,,,,,,,,,,,,,594,,On,Disconnected,,,,,,,NR (NR_SA),-111.950000
4,1,,,-121.9314830,47.5244923,2026-01-26 23:50:53.000,_20260126_155046_CH02_TMO_5GNR_WFC_REF_TC-178-R1.dml,,,,,,,,,,,,,,,,,,,,,,,,,,,,,594,,On,Disconnected,,,,,,,NR (NR_SA),-113.140000
5,1,,,-121.9314830,47.5244923,2026-01-26 23:50:54.000,_20260126_155046_CH02_TMO_5GNR_WFC_REF_TC-178-R1.dml,,,,,,,,,,,,,,,,,,,,,,,,,,,,,594,,On,Disconnected,,,,,,,NR (NR_SA),-109.850000
6,1,,,-121.9314830,47.5244923,2026-01-26 23:50:55.000,_20260126_155046_CH02_TMO_5GNR_WFC_REF_TC-178-R1.dml,,,,,,,,,,,,,,,,,,,,,,,,,,,,,594,,On,Disconnected,,,,,,,NR (NR_SA),-113.870000
7,1,,,-121.9314830,47.5244923,2026-01-26 23:50:56.000,_20260126_155046_CH02_TMO_5GNR_WFC_REF_TC-178-R1.dml,,,,,,,,,,,,,,,,,,,,,,,,,,,,,594,,On,Disconnected,,,,,,,NR (NR_SA),-109.770000
8,1,,,-121.9314830,47.5244923,2026-01-26 23:50:57.000,_20260126_155046_CH02_TMO_5GNR_WFC_REF_TC-178-R1.dml,,,,,,,,,,,,,,,,,,,,,,,,,,,,,594,,On,Disconnected,,,,,,,NR (NR_SA),-108.460000
9,1,,,-121.9314830,47.5244923,2026-01-26 23:50:58.000,_20260126_155046_CH02_TMO_5GNR_WFC_REF_TC-178-R1.dml,,,,,,,,,,,,,,,,,,,,,,,,,,,,,594,,On,Disconnected,,,,,,,NR (NR_SA),-109.460000
10,1,,,-121.9314830,47.5244923,2026-01-26 23:50:59.402,_20260126_155046_CH02_TMO_5GNR_WFC_REF_TC-178-R1.dml,,,,,,,,,,,,,,,,,,,,,,,[Tool] Voice - Call Scheduling Start(Orig),,,,,,,,,,,,,,,,,
11,1,,,-121.9314830,47.5244923,2026-01-26 23:50:59.402,_20260126_155046_CH02_TMO_5GNR_WFC_REF_TC-178-R1.dml,,,,,,,,,,,,,,,,,,,,,,,[UE]   Voice - Orig Success,,,,,,,,,,,,,,,,,
12,1,,,-121.9314830,47.5244923,2026-01-26 23:50:59.419,_20260126_155046_CH02_TMO_5GNR_WFC_REF_TC-178-R1.dml,,,,,,,,,,,,,,,,,,,,,,,[Tool] Voice - Orig Request,,,,,,,,,,,,,,,,,
13,1,,,-121.9314830,47.5244923,2026-01-26 23:50:59.000,_20260126_155046_CH02_TMO_5GNR_WFC_REF_TC-178-R1.dml,,,,,,,,,,,,,,,,,,,,,,,,,,,,,594,,On,Disconnected,,,,,,,NR (NR_SA),-111.460000
14,1,,,-121.9314830,47.5244923,2026-01-26 23:50:59.225,_20260126_155046_CH02_TMO_5GNR_WFC_REF_TC-178-R1.dml,,,,,,,,,,,,,UL,INVITE,,,,,,,,,,,,,,,,,,,,,,,,,,
15,1,,,-121.9314830,47.5244923,2026-01-26 23:51:00.000,_20260126_155046_CH02_TMO_5GNR_WFC_REF_TC-178-R1.dml,,,,,,,,,,,,,,,,,,,,,,,,,,,,,594,,On,Disconnected,,,,,,,NR (NR_SA),-113.960000
16,1,,,-121.9314830,47.5244923,2026-01-26 23:51:00.595,_20260126_155046_CH02_TMO_5GNR_WFC_REF_TC-178-R1.dml,,,,,,,,,,,,,DL,,200 OK,,,,,,,,,,,,,,,,,,,,,,,,,
17,1,,,-121.9314830,47.5244923,2026-01-26 23:51:01.638,_20260126_155046_CH02_TMO_5GNR_WFC_REF_TC-178-R1.dml,,,,,,,,,,,,,,,,,,,,,,,[UE]   Voice - Setup Success,,,,,,,,,,,,,,,,,
18,1,,,-121.9314830,47.5244923,2026-01-26 23:51:01.000,_20260126_155046_CH02_TMO_5GNR_WFC_REF_TC-178-R1.dml,,,,,,,,,,NR SA,,,,,,,,,,,,,,,,,,,594,,On,Disconnected,,,,,,,NR (NR_SA),-115.080000
19,1,,,-121.9314830,47.5244923,2026-01-26 23:51:02.000,_20260126_155046_CH02_TMO_5GNR_WFC_REF_TC-178-R1.dml,,,,,,,,,,NR SA,,,,,,,,,,,,,,,,,,,594,,On,Disconnected,,,,,,,NR (NR_SA),-113.570000
20,1,,,-121.9314830,47.5244923,2026-01-26 23:51:03.000,_20260126_155046_CH02_TMO_5GNR_WFC_REF_TC-178-R1.dml,,,,,,,,,,NR SA,,,,,,,,,,,,,,,,,,,594,,On,Disconnected,,,,,,,NR (NR_SA),-114.400000
21,1,,,-121.9314830,47.5244923,2026-01-26 23:51:04.000,_20260126_155046_CH02_TMO_5GNR_WFC_REF_TC-178-R1.dml,,,,,,,,,,NR SA,,,,,,,,,,,,,,,,,,,594,,On,Disconnected,,,,,,,NR (NR_SA),-115.300000
22,1,,,-121.9314830,47.5244923,2026-01-26 23:51:05.000,_20260126_155046_CH02_TMO_5GNR_WFC_REF_TC-178-R1.dml,,,,,,,,,,NR SA,,,,,,,,,,,,,,,,,,,594,,On,Disconnected,,,,,,,NR (NR_SA),-114.380000
23,1,,,-121.9314830,47.5244923,2026-01-26 23:51:06.000,_20260126_155046_CH02_TMO_5GNR_WFC_REF_TC-178-R1.dml,,,,,,,,,,NR SA,,,,,,,,,,,,,,,,,,,594,,On,Disconnected,,,,,,,NR (NR_SA),-112.210000
24,1,,,-121.9314830,47.5244923,2026-01-26 23:51:07.000,_20260126_155046_CH02_TMO_5GNR_WFC_REF_TC-178-R1.dml,,,,,,,,,,NR SA,,,,,,,,,,,,,,,,,,,594,,On,Disconnected,,,,,,,NR (NR_SA),-112.710000
25,1,,,-121.9314830,47.5244923,2026-01-26 23:51:08.000,_20260126_155046_CH02_TMO_5GNR_WFC_REF_TC-178-R1.dml,,,,,,,,,,NR SA,,,,,,,,,,,,,,,,,,,594,,On,Disconnected,,,,,,,NR (NR_SA),-117.410000
26,1,,,-121.9314830,47.5244923,2026-01-26 23:51:09.000,_20260126_155046_CH02_TMO_5GNR_WFC_REF_TC-178-R1.dml,,,,,,,,,,NR SA,,,,,,,,,,,,,,,,,,,594,,On,Disconnected,,,,,,,NR (NR_SA),-117.740000
27,1,,,-121.9314830,47.5244923,2026-01-26 23:51:10.000,_20260126_155046_CH02_TMO_5GNR_WFC_REF_TC-178-R1.dml,,,,,,,,,,NR SA,,,,,,,,,,,,,,,,,,,594,,On,Disconnected,,,,,,,NR (NR_SA),-113.620000
28,1,,,-121.9314830,47.5244923,2026-01-26 23:51:11.000,_20260126_155046_CH02_TMO_5GNR_WFC_REF_TC-178-R1.dml,,,,,,,,,,NR SA,,,,,,,,,,,,,,,,,,,594,,On,Disconnected,,,,,,,NR (NR_SA),-114.170000
29,1,,,-121.9314830,47.5244923,2026-01-26 23:51:12.000,_20260126_155046_CH02_TMO_5GNR_WFC_REF_TC-178-R1.dml,,,,,,,,,,NR SA,,,,,,,,,,,,,,,,,,,594,,On,Disconnected,,,,,,,NR (NR_SA),-111.560000
30,1,,,-121.9314830,47.5244923,2026-01-26 23:51:13.000,_20260126_155046_CH02_TMO_5GNR_WFC_REF_TC-178-R1.dml,,,,,,,,,,NR SA,,,,,,,,,,,,,,,,,,,594,,On,Disconnected,,,,,,,NR (NR_SA),-112.170000
31,1,,,-121.9314830,47.5244923,2026-01-26 23:51:14.000,_20260126_155046_CH02_TMO_5GNR_WFC_REF_TC-178-R1.dml,,,,,,,,,,NR SA,,,,,,,,,,,,,,,,,,,594,,On,Disconnected,,,,,,,NR (NR_SA),-115.330000
32,1,,,-121.9314830,47.5244923,2026-01-26 23:51:15.000,_20260126_155046_CH02_TMO_5GNR_WFC_REF_TC-178-R1.dml,,,,,,,,,,NR SA,,,,,,,,,,,,,,,,,,,594,,On,Disconnected,,,,,,,NR (NR_SA),-114.990000
33,1,,,-121.9314830,47.5244923,2026-01-26 23:51:16.000,_20260126_155046_CH02_TMO_5GNR_WFC_REF_TC-178-R1.dml,,,,,,,,,,NR SA,,,,,,,,,,,,,,,,,,,594,,On,Disconnected,,,,,,,NR (NR_SA),-118.600000
34,1,,,-121.9314830,47.5244923,2026-01-26 23:51:17.000,_20260126_155046_CH02_TMO_5GNR_WFC_REF_TC-178-R1.dml,,,,,,,,,,NR SA,,,,,,,,,,,,,,,,,,,594,,On,Disconnected,,,,,,,NR (NR_SA),-116.650000
35,1,,,-121.9314830,47.5244923,2026-01-26 23:51:18.000,_20260126_155046_CH02_TMO_5GNR_WFC_REF_TC-178-R1.dml,,,,,,,,,,NR SA,,,,,,,,,,,,,,,,,,,594,,On,Disconnected,,,,,,,NR (NR_SA),-116.410000
36,1,,,-121.9314830,47.5244923,2026-01-26 23:51:19.000,_20260126_155046_CH02_TMO_5GNR_WFC_REF_TC-178-R1.dml,,,,,,,,,,NR SA,,,,,,,,,,,,,,,,,,,594,,On,Disconnected,,,,,,,NR (NR_SA),-117.710000
37,1,,,-121.9314830,47.5244923,2026-01-26 23:51:20.000,_20260126_155046_CH02_TMO_5GNR_WFC_REF_TC-178-R1.dml,,,,,,,,,,NR SA,,,,,,,,,,,,,,,,,,,594,,On,Disconnected,,,,,,,NR (NR_SA),-118.780000
38,1,,,-121.9314830,47.5244923,2026-01-26 23:51:21.000,_20260126_155046_CH02_TMO_5GNR_WFC_REF_TC-178-R1.dml,,,,,,,,,,NR SA,,,,,,,,,,,,,,,,,,,594,,On,Disconnected,,,,,,,NR (NR_SA),-119.130000
39,1,,,-121.9314830,47.5244923,2026-01-26 23:51:22.000,_20260126_155046_CH02_TMO_5GNR_WFC_REF_TC-178-R1.dml,,,,,,,,,,NR SA,,,,,,,,,,,,,,,,,,,594,,On,Disconnected,,,,,,,NR (NR_SA),-118.550000
40,1,,,-121.9314830,47.5244923,2026-01-26 23:51:23.000,_20260126_155046_CH02_TMO_5GNR_WFC_REF_TC-178-R1.dml,,,,,,,,,,NR SA,,,,,,,,,,,,,,,,,,,594,,On,Disconnected,,,,,,,NR (NR_SA),-120.080000
41,1,,,-121.9314830,47.5244923,2026-01-26 23:51:24.000,_20260126_155046_CH02_TMO_5GNR_WFC_REF_TC-178-R1.dml,,,,,,,,,,NR SA,,,,,,,,,,,,,,,,,,,594,,On,Disconnected,,,,,,,NR (NR_SA),-119.190000
42,1,,,-121.9314830,47.5244923,2026-01-26 23:51:25.000,_20260126_155046_CH02_TMO_5GNR_WFC_REF_TC-178-R1.dml,,,,,,,,,,NR SA,,,,,,,,,,,,,,,,,,,594,,On,Disconnected,,,,,,,NR (NR_SA),-116.740000
43,1,,,-121.9314830,47.5244923,2026-01-26 23:51:26.000,_20260126_155046_CH02_TMO_5GNR_WFC_REF_TC-178-R1.dml,,,,,,,,,,NR SA,,,,,,,,,,,,,,,,,,,594,,On,Disconnected,,,,,,,NR (NR_SA),-116.310000
44,1,,,-121.9314830,47.5244923,2026-01-26 23:51:27.000,_20260126_155046_CH02_TMO_5GNR_WFC_REF_TC-178-R1.dml,,,,,,,,,,NR SA,,,,,,,,,,,,,,,,,,,594,,On,Disconnected,,,,,,,NR (NR_SA),-117.890000
45,1,,,-121.9314830,47.5244923,2026-01-26 23:51:28.000,_20260126_155046_CH02_TMO_5GNR_WFC_REF_TC-178-R1.dml,,,,,,,,,,NR SA,,,,,,,,,,,,,,,,,,,594,,On,Disconnected,,,,,,,NR (NR_SA),-116.960000
46,1,,,-121.9314830,47.5244923,2026-01-26 23:51:29.000,_20260126_155046_CH02_TMO_5GNR_WFC_REF_TC-178-R1.dml,,,,,,,,,,NR SA,,,,,,,,,,,,,,,,,,,594,,On,Disconnected,,,,,,,NR (NR_SA),-116.930000
47,1,,,-121.9314830,47.5244923,2026-01-26 23:51:30.000,_20260126_155046_CH02_TMO_5GNR_WFC_REF_TC-178-R1.dml,,,,,,,,,,NR SA,,,,,,,,,,,,,,,,,,,594,,On,Disconnected,,,,,,,NR (NR_SA),-118.650000
48,1,,,-121.9314830,47.5244923,2026-01-26 23:51:31.000,_20260126_155046_CH02_TMO_5GNR_WFC_REF_TC-178-R1.dml,,,,,,,,,,NR SA,,,,,,,,,,,,,,,,,,,594,,On,Disconnected,,,,,,,NR (NR_SA),-120.130000
49,1,,,-121.9314830,47.5244923,2026-01-26 23:51:32.000,_20260126_155046_CH02_TMO_5GNR_WFC_REF_TC-178-R1.dml,,,,,,,,,,NR SA,,,,,,,,,,,,,,,,,,,594,,On,Disconnected,,,,,,,NR (NR_SA),-120.500000
50,1,,,-121.9314830,47.5244923,2026-01-26 23:51:33.000,_20260126_155046_CH02_TMO_5GNR_WFC_REF_TC-178-R1.dml,,,,,,,,,,NR SA,,,,,,,,,,,,,,,,,,,594,,On,Disconnected,,,,,,,NR (NR_SA),-119.450000
51,1,,,-121.9314830,47.5244923,2026-01-26 23:51:34.000,_20260126_155046_CH02_TMO_5GNR_WFC_REF_TC-178-R1.dml,,,,,,,,,,NR SA,,,,,,,,,,,,,,,,,,,594,,On,Disconnected,,,,,,,NR (NR_SA),-123.750000
52,1,,,-121.9314830,47.5244923,2026-01-26 23:51:35.000,_20260126_155046_CH02_TMO_5GNR_WFC_REF_TC-178-R1.dml,,,,,,,,,,NR SA,,,,,,,,,,,,,,,,,,,594,,On,Disconnected,,,,,,,NR (NR_SA),-123.270000
53,1,,,-121.9314830,47.5244923,2026-01-26 23:51:36.000,_20260126_155046_CH02_TMO_5GNR_WFC_REF_TC-178-R1.dml,,,,,,,,,,NR SA,,,,,,,,,,,,,,,,,,,594,,On,Disconnected,,,,,,,NR (NR_SA),-122.290000
54,1,,,-121.9314830,47.5244923,2026-01-26 23:51:37.000,_20260126_155046_CH02_TMO_5GNR_WFC_REF_TC-178-R1.dml,,,,,,,,,,NR SA,,,,,,,,,,,,,,,,,,,594,,On,Disconnected,,,,,,,NR (NR_SA),-119.480000
55,1,,,-121.9314830,47.5244923,2026-01-26 23:51:38.000,_20260126_155046_CH02_TMO_5GNR_WFC_REF_TC-178-R1.dml,,,,,,,,,,NR SA,,,,,,,,,,,,,,,,,,,594,,On,Disconnected,,,,,,,NR (NR_SA),-118.440000
56,1,,,-121.9314830,47.5244923,2026-01-26 23:51:39.000,_20260126_155046_CH02_TMO_5GNR_WFC_REF_TC-178-R1.dml,,,,,,,,,,NR SA,,,,,,,,,,,,,,,,,,,594,,On,Disconnected,,,,,,,NR (NR_SA),-118.920000
57,1,,,-121.9314830,47.5244923,2026-01-26 23:51:40.000,_20260126_155046_CH02_TMO_5GNR_WFC_REF_TC-178-R1.dml,,,,,,,,,,NR SA,,,,,,,,,,,,,,,,,,,594,,On,Disconnected,,,,,,,NR (NR_SA),-118.880000
58,1,,,-121.9314830,47.5244923,2026-01-26 23:51:41.000,_20260126_155046_CH02_TMO_5GNR_WFC_REF_TC-178-R1.dml,,,,,,,,,,NR SA,,,,,,,,,,,,,,,,,,,594,,On,Disconnected,,,,,,,NR (NR_SA),-117.300000
59,1,,,-121.9314830,47.5244923,2026-01-26 23:51:42.000,_20260126_155046_CH02_TMO_5GNR_WFC_REF_TC-178-R1.dml,,,,,,,,,,NR SA,,,,,,,,,,,,,,,,,,,594,,On,Disconnected,,,,,,,NR (NR_SA),-113.610000
60,1,,,-121.9314830,47.5244923,2026-01-26 23:51:43.000,_20260126_155046_CH02_TMO_5GNR_WFC_REF_TC-178-R1.dml,,,,,,,,,,NR SA,,,,,,,,,,,,,,,,,,,594,,On,Disconnected,,,,,,,NR (NR_SA),-112.950000
61,1,,,-121.9314830,47.5244923,2026-01-26 23:51:44.000,_20260126_155046_CH02_TMO_5GNR_WFC_REF_TC-178-R1.dml,,,,,,,,,,NR SA,,,,,,,,,,,,,,,,,,,594,,On,Disconnected,,,,,,,NR (NR_SA),-113.800000
62,1,,,-121.9314830,47.5244923,2026-01-26 23:51:45.000,_20260126_155046_CH02_TMO_5GNR_WFC_REF_TC-178-R1.dml,,,,,,,,,,NR SA,,,,,,,,,,,,,,,,,,,594,,On,Disconnected,,,,,,,NR (NR_SA),-116.560000
63,1,,,-121.9314830,47.5244923,2026-01-26 23:51:46.000,_20260126_155046_CH02_TMO_5GNR_WFC_REF_TC-178-R1.dml,,,,,,,,,,NR SA,,,,,,,,,,,,,,,,,,,594,,On,Disconnected,,,,,,,NR (NR_SA),-117.960000
64,1,,,-121.9314830,47.5244923,2026-01-26 23:51:47.000,_20260126_155046_CH02_TMO_5GNR_WFC_REF_TC-178-R1.dml,,,,,,,,,,NR SA,,,,,,,,,,,,,,,,,,,594,,On,Disconnected,,,,,,,NR (NR_SA),-118.640000
65,1,,,-121.9314830,47.5244923,2026-01-26 23:51:48.000,_20260126_155046_CH02_TMO_5GNR_WFC_REF_TC-178-R1.dml,,,,,,,,,,NR SA,,,,,,,,,,,,,,,,,,,594,,On,Disconnected,,,,,,,NR (NR_SA),-119.340000
66,1,,,-121.9314830,47.5244923,2026-01-26 23:51:49.000,_20260126_155046_CH02_TMO_5GNR_WFC_REF_TC-178-R1.dml,,,,,,,,,,NR SA,,,,,,,,,,,,,,,,,,,594,,On,Disconnected,,,,,,,NR (NR_SA),-120.330000
67,1,,,-121.9314830,47.5244923,2026-01-26 23:51:50.000,_20260126_155046_CH02_TMO_5GNR_WFC_REF_TC-178-R1.dml,,,,,,,,,,NR SA,,,,,,,,,,,,,,,,,,,594,,On,Disconnected,,,,,,,NR (NR_SA),-118.540000
68,1,,,-121.9314830,47.5244923,2026-01-26 23:51:51.000,_20260126_155046_CH02_TMO_5GNR_WFC_REF_TC-178-R1.dml,,,,,,,,,,NR SA,,,,,,,,,,,,,,,,,,,594,,On,Disconnected,,,,,,,NR (NR_SA),-117.440000
69,1,,,-121.9314830,47.5244923,2026-01-26 23:51:52.000,_20260126_155046_CH02_TMO_5GNR_WFC_REF_TC-178-R1.dml,,,,,,,,,,NR SA,,,,,,,,,,,,,,,,,,,594,,On,Disconnected,,,,,,,NR (NR_SA),-116.090000
70,1,,,-121.9314830,47.5244923,2026-01-26 23:51:53.000,_20260126_155046_CH02_TMO_5GNR_WFC_REF_TC-178-R1.dml,,,,,,,,,,NR SA,,,,,,,,,,,,,,,,,,,594,,On,Disconnected,,,,,,,NR (NR_SA),-115.790000
71,1,,,-121.9314830,47.5244923,2026-01-26 23:51:54.000,_20260126_155046_CH02_TMO_5GNR_WFC_REF_TC-178-R1.dml,,,,,,,,,,NR SA,,,,,,,,,,,,,,,,,,,594,,On,Disconnected,,,,,,,NR (NR_SA),-117.770000
72,1,,,-121.9314830,47.5244923,2026-01-26 23:51:55.000,_20260126_155046_CH02_TMO_5GNR_WFC_REF_TC-178-R1.dml,,,,,,,,,,NR SA,,,,,,,,,,,,,,,,,,,594,,On,Disconnected,,,,,,,NR (NR_SA),-119.420000
73,1,,,-121.9314830,47.5244923,2026-01-26 23:51:56.000,_20260126_155046_CH02_TMO_5GNR_WFC_REF_TC-178-R1.dml,,,,,,,,,,NR SA,,,,,,,,,,,,,,,,,,,594,,On,Disconnected,,,,,,,NR (NR_SA),-119.660000
74,1,,,-121.9314830,47.5244923,2026-01-26 23:51:57.000,_20260126_155046_CH02_TMO_5GNR_WFC_REF_TC-178-R1.dml,,,,,,,,,,NR SA,,,,,,,,,,,,,,,,,,,594,,On,Disconnected,,,,,,,NR (NR_SA),-119.500000
75,1,,,-121.9314830,47.5244923,2026-01-26 23:51:58.000,_20260126_155046_CH02_TMO_5GNR_WFC_REF_TC-178-R1.dml,,,,,,,,,,NR SA,,,,,,,,,,,,,,,,,,,594,,On,Disconnected,,,,,,,NR (NR_SA),-120.240000
76,1,,,-121.9314830,47.5244923,2026-01-26 23:51:59.000,_20260126_155046_CH02_TMO_5GNR_WFC_REF_TC-178-R1.dml,,,,,,,,,,NR SA,,,,,,,,,,,,,,,,,,,594,,On,Disconnected,,,,,,,NR (NR_SA),-118.520000
77,1,,,-121.9314830,47.5244923,2026-01-26 23:52:00.000,_20260126_155046_CH02_TMO_5GNR_WFC_REF_TC-178-R1.dml,,,,,,,,,,NR SA,,,,,,,,,,,,,,,,,,,594,,On,Disconnected,,,,,,,NR (NR_SA),-119.040000
78,1,,,-121.9314830,47.5244923,2026-01-26 23:52:01.000,_20260126_155046_CH02_TMO_5GNR_WFC_REF_TC-178-R1.dml,,,,,,,,,,NR SA,,,,,,,,,,,,,,,,,,,594,,,Disconnected,,,,,,,,-116.690000
79,1,,,-121.9314830,47.5244923,2026-01-26 23:52:02.000,_20260126_155046_CH02_TMO_5GNR_WFC_REF_TC-178-R1.dml,,,,,,,,,,NR SA,,,,,,,,,,,,,,,,,,,594,,,Disconnected,,,,,,,NR (NR_SA),-118.500000
80,1,,,-121.9314830,47.5244923,2026-01-26 23:52:03.000,_20260126_155046_CH02_TMO_5GNR_WFC_REF_TC-178-R1.dml,,,,,,,,,,NR SA,,,,,,,,,,,,,,,,,,,594,,,Disconnected,,,,,,,NR (NR_SA),-117.900000
81,1,,,-121.9314830,47.5244923,2026-01-26 23:52:04.000,_20260126_155046_CH02_TMO_5GNR_WFC_REF_TC-178-R1.dml,,,,,,,,,,NR SA,,,,,,,,,,,,,,,,,,,594,,,Disconnected,,,,,,,NR (NR_SA),-115.610000
82,1,,,-121.9314830,47.5244923,2026-01-26 23:52:05.000,_20260126_155046_CH02_TMO_5GNR_WFC_REF_TC-178-R1.dml,,,,,,,,,,NR SA,,,,,,,,,,,,,,,,,,,594,,,Disconnected,,,,,,,NR (NR_SA),-112.270000
83,1,,,-121.9314830,47.5244923,2026-01-26 23:52:06.000,_20260126_155046_CH02_TMO_5GNR_WFC_REF_TC-178-R1.dml,,,,,,,,,,NR SA,,,,,,,,,,,,,,,,,,,594,,,Disconnected,,,,,,,NR (NR_SA),-110.740000
84,1,,,-121.9314830,47.5244923,2026-01-26 23:52:07.000,_20260126_155046_CH02_TMO_5GNR_WFC_REF_TC-178-R1.dml,,,,,,,,,,NR SA,,,,,,,,,,,,,,,,,,,594,,,Disconnected,,,,,,,NR (NR_SA),-109.280000
85,1,,,-121.9314830,47.5244923,2026-01-26 23:52:08.000,_20260126_155046_CH02_TMO_5GNR_WFC_REF_TC-178-R1.dml,,,,,,,,,,NR SA,,,,,,,,,,,,,,,,,,,594,,,Disconnected,,,,,,,NR (NR_SA),-110.930000
86,1,,,-121.9314830,47.5244923,2026-01-26 23:52:09.000,_20260126_155046_CH02_TMO_5GNR_WFC_REF_TC-178-R1.dml,,,,,,,,,,NR SA,,,,,,,,,,,,,,,,,,,594,,On,Disconnected,,,,,,,NR (NR_SA),-112.680000
87,1,,,-121.9314830,47.5244923,2026-01-26 23:52:10.000,_20260126_155046_CH02_TMO_5GNR_WFC_REF_TC-178-R1.dml,,,,,,,,,,NR SA,,,,,,,,,,,,,,,,,,,594,,On,Disconnected,,,,,,,NR (NR_SA),-116.790000
88,1,,,-121.9314830,47.5244923,2026-01-26 23:52:11.000,_20260126_155046_CH02_TMO_5GNR_WFC_REF_TC-178-R1.dml,,,,,,,,,,NR SA,,,,,,,,,,,,,,,,,,,594,,On,Disconnected,,,,,,,NR (NR_SA),-120.810000
89,1,,,-121.9314830,47.5244923,2026-01-26 23:52:12.000,_20260126_155046_CH02_TMO_5GNR_WFC_REF_TC-178-R1.dml,,,,,,,,,,NR SA,,,,,,,,,,,,,,,,,,,594,,On,Disconnected,,,,,,,NR (NR_SA),-121.500000
90,1,,,-121.9314830,47.5244923,2026-01-26 23:52:13.000,_20260126_155046_CH02_TMO_5GNR_WFC_REF_TC-178-R1.dml,,,,,,,,,,NR SA,,,,,,,,,,,,,,,,,,,594,,On,Disconnected,,,,,,,NR (NR_SA),-120.360000
91,1,,,-121.9314830,47.5244923,2026-01-26 23:52:14.000,_20260126_155046_CH02_TMO_5GNR_WFC_REF_TC-178-R1.dml,,,,,,,,,,NR SA,,,,,,,,,,,,,,,,,,,594,,On,Disconnected,,,,,,,NR (NR_SA),-120.720000
92,1,,,-121.9314830,47.5244923,2026-01-26 23:52:15.000,_20260126_155046_CH02_TMO_5GNR_WFC_REF_TC-178-R1.dml,,,,,,,,,,NR SA,,,,,,,,,,,,,,,,,,,594,,On,Disconnected,,,,,,,NR (NR_SA),-119.040000
93,1,,,-121.9314830,47.5244923,2026-01-26 23:52:16.000,_20260126_155046_CH02_TMO_5GNR_WFC_REF_TC-178-R1.dml,,,,,,,,,,NR SA,,,,,,,,,,,,,,,,,,,594,,On,Disconnected,,,,,,,NR (NR_SA),-119.190000
94,1,,,-121.9314830,47.5244923,2026-01-26 23:52:17.000,_20260126_155046_CH02_TMO_5GNR_WFC_REF_TC-178-R1.dml,,,,,,,,,,NR SA,,,,,,,,,,,,,,,,,,,594,,On,Disconnected,,,,,,,NR (NR_SA),-119.060000
95,1,,,-121.9314830,47.5244923,2026-01-26 23:52:18.000,_20260126_155046_CH02_TMO_5GNR_WFC_REF_TC-178-R1.dml,,,,,,,,,,NR SA,,,,,,,,,,,,,,,,,,,594,,On,Disconnected,,,,,,,NR (NR_SA),-117.300000
96,1,,,-121.9314830,47.5244923,2026-01-26 23:52:19.000,_20260126_155046_CH02_TMO_5GNR_WFC_REF_TC-178-R1.dml,,,,,,,,,,NR SA,,,,,,,,,,,,,,,,,,,594,,On,Disconnected,,,,,,,NR (NR_SA),-122.370000
97,1,,,-121.9314830,47.5244923,2026-01-26 23:52:20.000,_20260126_155046_CH02_TMO_5GNR_WFC_REF_TC-178-R1.dml,,,,,,,,,,NR SA,,,,,,,,,,,,,,,,,,,594,,On,Disconnected,,,,,,,NR (NR_SA),-122.720000
98,1,,,-121.9314830,47.5244923,2026-01-26 23:52:21.000,_20260126_155046_CH02_TMO_5GNR_WFC_REF_TC-178-R1.dml,,,,,,,,,,NR SA,,,,,,,,,,,,,,,,,,,594,,On,Disconnected,,,,,,,NR (NR_SA),-124.450000
99,1,,,-121.9314830,47.5244923,2026-01-26 23:52:22.000,_20260126_155046_CH02_TMO_5GNR_WFC_REF_TC-178-R1.dml,,,,,,,,,,NR SA,,,,,,,,,,,,,,,,,,,594,,On,Disconnected,,,,,,,NR (NR_SA),-121.790000
100,1,,,-121.9314830,47.5244923,2026-01-26 23:52:23.000,_20260126_155046_CH02_TMO_5GNR_WFC_REF_TC-178-R1.dml,,,,,,,,,,NR SA,,,,,,,,,,,,,,,,,,,594,,On,Disconnected,,,,,,,NR (NR_SA),-122.310000
101,1,,,-121.9314830,47.5244923,2026-01-26 23:52:24.000,_20260126_155046_CH02_TMO_5GNR_WFC_REF_TC-178-R1.dml,,,,,,,,,,NR SA,,,,,,,,,,,,,,,,,,,594,,On,Disconnected,,,,,,,NR (NR_SA),-119.840000
102,1,,,-121.9314830,47.5244923,2026-01-26 23:52:25.000,_20260126_155046_CH02_TMO_5GNR_WFC_REF_TC-178-R1.dml,,,,,,,,,,NR SA,,,,,,,,,,,,,,,,,,,594,,On,Disconnected,,,,,,,NR (NR_SA),-118.330000
103,1,,,-121.9314830,47.5244923,2026-01-26 23:52:26.000,_20260126_155046_CH02_TMO_5GNR_WFC_REF_TC-178-R1.dml,,,,,,,,,,NR SA,,,,,,,,,,,,,,,,,,,594,,On,Disconnected,,,,,,,NR (NR_SA),-120.790000
104,1,,,-121.9314830,47.5244923,2026-01-26 23:52:27.000,_20260126_155046_CH02_TMO_5GNR_WFC_REF_TC-178-R1.dml,,,,,,,,,,NR SA,,,,,,,,,,,,,,,,,,,594,,On,Disconnected,,,,,,,NR (NR_SA),-121.000000
105,1,,,-121.9314830,47.5244923,2026-01-26 23:52:28.000,_20260126_155046_CH02_TMO_5GNR_WFC_REF_TC-178-R1.dml,,,,,,,,,,NR SA,,,,,,,,,,,,,,,,,,,594,,On,Disconnected,,,,,,,NR (NR_SA),-121.380000
106,1,,,-121.9314830,47.5244923,2026-01-26 23:52:29.000,_20260126_155046_CH02_TMO_5GNR_WFC_REF_TC-178-R1.dml,,,,,,,,,,NR SA,,,,,,,,,,,,,,,,,,,594,,On,Disconnected,,,,,,,NR (NR_SA),-123.700000
107,1,,,-121.9314830,47.5244923,2026-01-26 23:52:30.000,_20260126_155046_CH02_TMO_5GNR_WFC_REF_TC-178-R1.dml,,,,,,,,,,NR SA,,,,,,,,,,,,,,,,,,,594,,On,Disconnected,,,,,,,NR (NR_SA),-122.660000
108,1,,,-121.9314830,47.5244923,2026-01-26 23:52:31.000,_20260126_155046_CH02_TMO_5GNR_WFC_REF_TC-178-R1.dml,,,,,,,,,,NR SA,,,,,,,,,,,,,,,,,,,594,,On,Disconnected,,,,,,,NR (NR_SA),-123.410000
109,1,,,-121.9314830,47.5244923,2026-01-26 23:52:32.000,_20260126_155046_CH02_TMO_5GNR_WFC_REF_TC-178-R1.dml,,,,,,,,,,NR SA,,,,,,,,,,,,,,,,,,,594,,On,Disconnected,,,,,,,NR (NR_SA),-123.880000
110,1,,,-121.9314830,47.5244923,2026-01-26 23:52:33.000,_20260126_155046_CH02_TMO_5GNR_WFC_REF_TC-178-R1.dml,,,,,,,,,,NR SA,,,,,,,,,,,,,,,,,,,594,,On,Disconnected,,,,,,,NR (NR_SA),-125.600000
111,1,,,-121.9314830,47.5244923,2026-01-26 23:52:34.000,_20260126_155046_CH02_TMO_5GNR_WFC_REF_TC-178-R1.dml,,,,,,,,,,NR SA,,,,,,,,,,,,,,,,,,,594,,On,Disconnected,,,,,,,NR (NR_SA),-124.340000
112,1,,,-121.9314830,47.5244923,2026-01-26 23:52:35.000,_20260126_155046_CH02_TMO_5GNR_WFC_REF_TC-178-R1.dml,,,,,,,,,,NR SA,,,,,,,,,,,,,,,,,,,594,,On,Disconnected,,,,,,,NR (NR_SA),-122.430000
113,1,,,-121.9314830,47.5244923,2026-01-26 23:52:36.000,_20260126_155046_CH02_TMO_5GNR_WFC_REF_TC-178-R1.dml,,,,,,,,,,NR SA,,,,,,,,,,,,,,,,,,,594,,On,Disconnected,,,,,,,NR (NR_SA),-123.560000
114,1,,,-121.9314830,47.5244923,2026-01-26 23:52:37.000,_20260126_155046_CH02_TMO_5GNR_WFC_REF_TC-178-R1.dml,,,,,,,,,,NR SA,,,,,,,,,,,,,,,,,,,594,,On,Disconnected,,,,,,,NR (NR_SA),-123.650000
115,1,,,-121.9314830,47.5244923,2026-01-26 23:52:38.000,_20260126_155046_CH02_TMO_5GNR_WFC_REF_TC-178-R1.dml,,,,,,,,,,NR SA,,,,,,,,,,,,,,,,,,,594,,On,Disconnected,,,,,,,NR (NR_SA),-123.920000
116,1,,,-121.9314830,47.5244923,2026-01-26 23:52:39.000,_20260126_155046_CH02_TMO_5GNR_WFC_REF_TC-178-R1.dml,,,,,,,,,,NR SA,,,,,,,,,,,,,,,,,,,594,,On,Disconnected,,,,,,,NR (NR_SA),-124.690000
117,1,,,-121.9314830,47.5244923,2026-01-26 23:52:40.000,_20260126_155046_CH02_TMO_5GNR_WFC_REF_TC-178-R1.dml,,,,,,,,,,NR SA,,,,,,,,,,,,,,,,,,,594,,On,Disconnected,,,,,,,NR (NR_SA),-123.190000
118,1,,,-121.9314830,47.5244923,2026-01-26 23:52:41.000,_20260126_155046_CH02_TMO_5GNR_WFC_REF_TC-178-R1.dml,,,,,,,,,,NR SA,,,,,,,,,,,,,,,,,,,594,,On,Disconnected,,,,,,,NR (NR_SA),-122.490000
119,1,,,-121.9314830,47.5244923,2026-01-26 23:52:42.000,_20260126_155046_CH02_TMO_5GNR_WFC_REF_TC-178-R1.dml,,,,,,,,,,NR SA,,,,,,,,,,,,,,,,,,,594,,On,Disconnected,,,,,,,NR (NR_SA),-121.700000
120,1,,,-121.9314830,47.5244923,2026-01-26 23:52:43.000,_20260126_155046_CH02_TMO_5GNR_WFC_REF_TC-178-R1.dml,,,,,,,,,,NR SA,,,,,,,,,,,,,,,,,,,594,,On,Disconnected,,,,,,,NR (NR_SA),-120.510000
121,1,,,-121.9314830,47.5244923,2026-01-26 23:52:44.000,_20260126_155046_CH02_TMO_5GNR_WFC_REF_TC-178-R1.dml,,,,,,,,,,NR SA,,,,,,,,,,,,,,,,,,,594,,On,Disconnected,,,,,,,NR (NR_SA),-121.940000
122,1,,,-121.9314830,47.5244923,2026-01-26 23:52:45.000,_20260126_155046_CH02_TMO_5GNR_WFC_REF_TC-178-R1.dml,,,,,,,,,,NR SA,,,,,,,,,,,,,,,,,,,594,,On,Disconnected,,,,,,,NR (NR_SA),-122.460000
123,1,,,-121.9314830,47.5244923,2026-01-26 23:52:46.000,_20260126_155046_CH02_TMO_5GNR_WFC_REF_TC-178-R1.dml,,,,,,,,,,NR SA,,,,,,,,,,,,,,,,,,,594,,On,Disconnected,,,,,,,NR (NR_SA),-123.660000
124,1,,,-121.9314830,47.5244923,2026-01-26 23:52:47.000,_20260126_155046_CH02_TMO_5GNR_WFC_REF_TC-178-R1.dml,,,,,,,,,,NR SA,,,,,,,,,,,,,,,,,,,594,,On,Disconnected,,,,,,,NR (NR_SA),-120.850000
125,1,,,-121.9314830,47.5244923,2026-01-26 23:52:48.000,_20260126_155046_CH02_TMO_5GNR_WFC_REF_TC-178-R1.dml,,,,,,,,,,NR SA,,,,,,,,,,,,,,,,,,,594,,On,Disconnected,,,,,,,NR (NR_SA),-114.500000
126,1,,,-121.9314830,47.5244923,2026-01-26 23:52:49.000,_20260126_155046_CH02_TMO_5GNR_WFC_REF_TC-178-R1.dml,,,,,,,,,,NR SA,,,,,,,,,,,,,,,,,,,594,,On,Disconnected,,,,,,,NR (NR_SA),-116.370000
127,1,,,-121.9314830,47.5244923,2026-01-26 23:52:50.000,_20260126_155046_CH02_TMO_5GNR_WFC_REF_TC-178-R1.dml,,,,,,,,,,NR SA,,,,,,,,,,,,,,,,,,,594,,On,Disconnected,,,,,,,NR (NR_SA),-118.120000
128,1,,,-121.9314830,47.5244923,2026-01-26 23:52:51.000,_20260126_155046_CH02_TMO_5GNR_WFC_REF_TC-178-R1.dml,,,,,,,,,,NR SA,,,,,,,,,,,,,,,,,,,594,,On,Disconnected,,,,,,,NR (NR_SA),-116.660000
129,1,,,-121.9314830,47.5244923,2026-01-26 23:52:52.000,_20260126_155046_CH02_TMO_5GNR_WFC_REF_TC-178-R1.dml,,,,,,,,,,NR SA,,,,,,,,,,,,,,,,,,,594,,On,Disconnected,,,,,,,NR (NR_SA),-116.420000
130,1,,,-121.9314830,47.5244923,2026-01-26 23:52:53.000,_20260126_155046_CH02_TMO_5GNR_WFC_REF_TC-178-R1.dml,,,,,,,,,,NR SA,,,,,,,,,,,,,,,,,,,594,,On,Disconnected,,,,,,,NR (NR_SA),-118.870000
131,1,,,-121.9314830,47.5244923,2026-01-26 23:52:54.000,_20260126_155046_CH02_TMO_5GNR_WFC_REF_TC-178-R1.dml,,,,,,,,,,NR SA,,,,,,,,,,,,,,,,,,,594,,On,Disconnected,,,,,,,NR (NR_SA),-119.750000
132,1,,,-121.9314830,47.5244923,2026-01-26 23:52:55.000,_20260126_155046_CH02_TMO_5GNR_WFC_REF_TC-178-R1.dml,,,,,,,,,,NR SA,,,,,,,,,,,,,,,,,,,594,,On,Disconnected,,,,,,,NR (NR_SA),-121.270000
133,1,,,-121.9314830,47.5244923,2026-01-26 23:52:56.000,_20260126_155046_CH02_TMO_5GNR_WFC_REF_TC-178-R1.dml,,,,,,,,,,NR SA,,,,,,,,,,,,,,,,,,,594,,,Disconnected,,,,,,,NR (NR_SA),-119.940000
134,1,,,-121.9314830,47.5244923,2026-01-26 23:52:57.000,_20260126_155046_CH02_TMO_5GNR_WFC_REF_TC-178-R1.dml,,,,,,,,,,NR SA,,,,,,,,,,,,,,,,,,,594,,,Disconnected,,,,,,,NR (NR_SA),-119.130000
135,1,,,-121.9314830,47.5244923,2026-01-26 23:52:58.000,_20260126_155046_CH02_TMO_5GNR_WFC_REF_TC-178-R1.dml,,,,,,,,,,NR SA,,,,,,,,,,,,,,,,,,,594,,,Disconnected,,,,,,,NR (NR_SA),-118.320000
136,1,,,-121.9314830,47.5244923,2026-01-26 23:52:59.000,_20260126_155046_CH02_TMO_5GNR_WFC_REF_TC-178-R1.dml,,,,,,,,,,NR SA,,,,,,,,,,,,,,,,,,,594,,,Disconnected,,,,,,,NR (NR_SA),-121.160000
137,1,,,-121.9314830,47.5244923,2026-01-26 23:53:00.000,_20260126_155046_CH02_TMO_5GNR_WFC_REF_TC-178-R1.dml,,,,,,,,,,NR SA,,,,,,,,,,,,,,,,,,,594,,,Disconnected,,,,,,,NR (NR_SA),-119.850000
138,1,,,-121.9314830,47.5244923,2026-01-26 23:53:01.000,_20260126_155046_CH02_TMO_5GNR_WFC_REF_TC-178-R1.dml,,,,,,,,,,NR SA,,,,,,,,,,,,,,,,,,,594,,,Disconnected,,,,,,,NR (NR_SA),-119.000000
139,1,,,-121.9314830,47.5244923,2026-01-26 23:53:02.000,_20260126_155046_CH02_TMO_5GNR_WFC_REF_TC-178-R1.dml,,,,,,,,,,NR SA,,,,,,,,,,,,,,,,,,,594,,,Disconnected,,,,,,,NR (NR_SA),-117.520000
140,1,,,-121.9314830,47.5244923,2026-01-26 23:53:03.000,_20260126_155046_CH02_TMO_5GNR_WFC_REF_TC-178-R1.dml,,,,,,,,,,NR SA,,,,,,,,,,,,,,,,,,,594,,,Disconnected,,,,,,,NR (NR_SA),-113.010000
141,1,,,-121.9314830,47.5244923,2026-01-26 23:53:04.000,_20260126_155046_CH02_TMO_5GNR_WFC_REF_TC-178-R1.dml,,,,,,,,,,NR SA,,,,,,,,,,,,,,,,,,,594,,,Disconnected,,,,,,,NR (NR_SA),-111.500000
142,1,,,-121.9314830,47.5244923,2026-01-26 23:53:05.000,_20260126_155046_CH02_TMO_5GNR_WFC_REF_TC-178-R1.dml,,,,,,,,,,NR SA,,,,,,,,,,,,,,,,,,,594,,On,Disconnected,,,,,,,NR (NR_SA),-111.790000
143,1,,,-121.9314830,47.5244923,2026-01-26 23:53:06.000,_20260126_155046_CH02_TMO_5GNR_WFC_REF_TC-178-R1.dml,,,,,,,,,,NR SA,,,,,,,,,,,,,,,,,,,594,,On,Disconnected,,,,,,,NR (NR_SA),-112.350000
144,1,,,-121.9314830,47.5244923,2026-01-26 23:53:07.000,_20260126_155046_CH02_TMO_5GNR_WFC_REF_TC-178-R1.dml,,,,,,,,,,NR SA,,,,,,,,,,,,,,,,,,,594,,On,Disconnected,,,,,,,NR (NR_SA),-112.340000
145,1,,,-121.9314830,47.5244923,2026-01-26 23:53:08.000,_20260126_155046_CH02_TMO_5GNR_WFC_REF_TC-178-R1.dml,,,,,,,,,,NR SA,,,,,,,,,,,,,,,,,,,594,,On,Disconnected,,,,,,,NR (NR_SA),-113.020000
146,1,,,-121.9314830,47.5244923,2026-01-26 23:53:09.000,_20260126_155046_CH02_TMO_5GNR_WFC_REF_TC-178-R1.dml,,,,,,,,,,NR SA,,,,,,,,,,,,,,,,,,,594,,On,Disconnected,,,,,,,NR (NR_SA),-116.640000
147,1,,,-121.9314830,47.5244923,2026-01-26 23:53:10.000,_20260126_155046_CH02_TMO_5GNR_WFC_REF_TC-178-R1.dml,,,,,,,,,,NR SA,,,,,,,,,,,,,,,,,,,594,,On,Disconnected,,,,,,,NR (NR_SA),-121.020000
148,1,,,-121.9314830,47.5244923,2026-01-26 23:53:11.000,_20260126_155046_CH02_TMO_5GNR_WFC_REF_TC-178-R1.dml,,,,,,,,,,NR SA,,,,,,,,,,,,,,,,,,,594,,On,Disconnected,,,,,,,NR (NR_SA),-120.550000
149,1,,,-121.9314830,47.5244923,2026-01-26 23:53:12.000,_20260126_155046_CH02_TMO_5GNR_WFC_REF_TC-178-R1.dml,,,,,,,,,,NR SA,,,,,,,,,,,,,,,,,,,594,,On,Disconnected,,,,,,,NR (NR_SA),-117.200000
150,1,,,-121.9314830,47.5244923,2026-01-26 23:53:13.000,_20260126_155046_CH02_TMO_5GNR_WFC_REF_TC-178-R1.dml,,,,,,,,,,NR SA,,,,,,,,,,,,,,,,,,,594,,On,Disconnected,,,,,,,NR (NR_SA),-118.310000
151,1,,,-121.9314830,47.5244923,2026-01-26 23:53:14.000,_20260126_155046_CH02_TMO_5GNR_WFC_REF_TC-178-R1.dml,,,,,,,,,,NR SA,,,,,,,,,,,,,,,,,,,594,,On,Disconnected,,,,,,,NR (NR_SA),-116.910000
152,1,,,-121.9314830,47.5244923,2026-01-26 23:53:15.000,_20260126_155046_CH02_TMO_5GNR_WFC_REF_TC-178-R1.dml,,,,,,,,,,NR SA,,,,,,,,,,,,,,,,,,,594,,On,Disconnected,,,,,,,NR (NR_SA),-118.740000
153,1,,,-121.9314830,47.5244923,2026-01-26 23:53:16.000,_20260126_155046_CH02_TMO_5GNR_WFC_REF_TC-178-R1.dml,,,,,,,,,,NR SA,,,,,,,,,,,,,,,,,,,594,,On,Disconnected,,,,,,,NR (NR_SA),-119.930000
154,1,,,-121.9314830,47.5244923,2026-01-26 23:53:17.000,_20260126_155046_CH02_TMO_5GNR_WFC_REF_TC-178-R1.dml,,,,,,,,,,NR SA,,,,,,,,,,,,,,,,,,,594,,On,Disconnected,,,,,,,NR (NR_SA),-122.340000
155,1,,,-121.9314830,47.5244923,2026-01-26 23:53:18.000,_20260126_155046_CH02_TMO_5GNR_WFC_REF_TC-178-R1.dml,,,,,,,,,,NR SA,,,,,,,,,,,,,,,,,,,594,,On,Disconnected,,,,,,,NR (NR_SA),-122.250000
156,1,,,-121.9314830,47.5244923,2026-01-26 23:53:19.000,_20260126_155046_CH02_TMO_5GNR_WFC_REF_TC-178-R1.dml,,,,,,,,,,NR SA,,,,,,,,,,,,,,,,,,,594,,,Disconnected,,,,,,,NR (NR_SA),-122.240000
157,1,,,-121.9314830,47.5244923,2026-01-26 23:53:20.000,_20260126_155046_CH02_TMO_5GNR_WFC_REF_TC-178-R1.dml,,,,,,,,,,NR SA,,,,,,,,,,,,,,,,,,,594,,,Disconnected,,,,,,,NR (NR_SA),-123.100000
158,1,,,-121.9314830,47.5244923,2026-01-26 23:53:21.000,_20260126_155046_CH02_TMO_5GNR_WFC_REF_TC-178-R1.dml,,,,,,,,,,NR SA,,,,,,,,,,,,,,,,,,,594,,,Disconnected,,,,,,,NR (NR_SA),-122.620000
159,1,,,-121.9314830,47.5244923,2026-01-26 23:53:22.000,_20260126_155046_CH02_TMO_5GNR_WFC_REF_TC-178-R1.dml,,,,,,,,,,NR SA,,,,,,,,,,,,,,,,,,,594,,,Disconnected,,,,,,,NR (NR_SA),-119.130000
160,1,,,-121.9314830,47.5244923,2026-01-26 23:53:23.000,_20260126_155046_CH02_TMO_5GNR_WFC_REF_TC-178-R1.dml,,,,,,,,,,NR SA,,,,,,,,,,,,,,,,,,,594,,,Disconnected,,,,,,,NR (NR_SA),-123.550000
161,1,,,-121.9314830,47.5244923,2026-01-26 23:53:24.000,_20260126_155046_CH02_TMO_5GNR_WFC_REF_TC-178-R1.dml,,,,,,,,,,NR SA,,,,,,,,,,,,,,,,,,,594,,,Disconnected,,,,,,,NR (NR_SA),-119.470000
162,1,,,-121.9314830,47.5244923,2026-01-26 23:53:25.000,_20260126_155046_CH02_TMO_5GNR_WFC_REF_TC-178-R1.dml,,,,,,,,,,NR SA,,,,,,,,,,,,,,,,,,,594,,,Disconnected,,,,,,,,-115.190000
163,1,,,-121.9314830,47.5244923,2026-01-26 23:53:26.000,_20260126_155046_CH02_TMO_5GNR_WFC_REF_TC-178-R1.dml,,,,,,,,,,NR SA,,,,,,,,,,,,,,,,,,,594,,,Disconnected,,,,,,,NR (NR_SA),-116.740000
164,1,,,-121.9314830,47.5244923,2026-01-26 23:53:27.000,_20260126_155046_CH02_TMO_5GNR_WFC_REF_TC-178-R1.dml,,,,,,,,,,NR SA,,,,,,,,,,,,,,,,,,,594,,On,Disconnected,,,,,,,NR (NR_SA),-115.080000
165,1,,,-121.9314830,47.5244923,2026-01-26 23:53:28.000,_20260126_155046_CH02_TMO_5GNR_WFC_REF_TC-178-R1.dml,,,,,,,,,,NR SA,,,,,,,,,,,,,,,,,,,594,,On,Disconnected,,,,,,,NR (NR_SA),-113.370000
166,1,,,-121.9314830,47.5244923,2026-01-26 23:53:29.000,_20260126_155046_CH02_TMO_5GNR_WFC_REF_TC-178-R1.dml,,,,,,,,,,NR SA,,,,,,,,,,,,,,,,,,,594,,On,Disconnected,,,,,,,NR (NR_SA),-117.160000
167,1,,,-121.9314830,47.5244923,2026-01-26 23:53:30.000,_20260126_155046_CH02_TMO_5GNR_WFC_REF_TC-178-R1.dml,,,,,,,,,,NR SA,,,,,,,,,,,,,,,,,,,594,,,Disconnected,,,,,,,,-115.880000
168,1,,,-121.9314830,47.5244923,2026-01-26 23:53:31.000,_20260126_155046_CH02_TMO_5GNR_WFC_REF_TC-178-R1.dml,,,,,,,,,,NR SA,,,,,,,,,,,,,,,,,,,594,,,Disconnected,,,,,,,NR (NR_SA),-118.880000
169,1,,,-121.9314830,47.5244923,2026-01-26 23:53:32.000,_20260126_155046_CH02_TMO_5GNR_WFC_REF_TC-178-R1.dml,,,,,,,,,,NR SA,,,,,,,,,,,,,,,,,,,594,,On,Connected,0.000000,2437,286,,,,IWLAN,-121.120000
170,1,,,-121.9314830,47.5244923,2026-01-26 23:53:33.000,_20260126_155046_CH02_TMO_5GNR_WFC_REF_TC-178-R1.dml,,,,,,,,,,NR SA,,,,,,,,,,,,,,,,,,,594,,On,Connected,0.000000,2437,286,,,,IWLAN,-122.730000
171,1,,,-121.9314830,47.5244923,2026-01-26 23:53:34.000,_20260126_155046_CH02_TMO_5GNR_WFC_REF_TC-178-R1.dml,,,,,,,,,,NR SA,,,,,,,,,,,,,,,,,,,594,,On,Connected,-68.000000,2437,28,,,,IWLAN,-122.110000
172,1,,,-121.9314830,47.5244923,2026-01-26 23:53:35.000,_20260126_155046_CH02_TMO_5GNR_WFC_REF_TC-178-R1.dml,,,,,,,,,,NR SA,,,,,,,,,,,,,,,,,,,594,,On,Connected,-68.000000,2437,28,,,,IWLAN,-123.610000
173,1,,,-121.9314830,47.5244923,2026-01-26 23:53:36.000,_20260126_155046_CH02_TMO_5GNR_WFC_REF_TC-178-R1.dml,,,,,,,,,,NR SA,,,,,,,,,,,,,,,,,,,594,,On,Connected,-68.000000,2437,28,,,,IWLAN,-123.100000
174,1,,,-121.9314830,47.5244923,2026-01-26 23:53:37.000,_20260126_155046_CH02_TMO_5GNR_WFC_REF_TC-178-R1.dml,,,,,,,,,,NR SA,,,,,,,,,,,,,,,,,,,594,,On,Connected,-64.000000,2437,48,,,,IWLAN,-126.840000
175,1,,,-121.9314830,47.5244923,2026-01-26 23:53:38.000,_20260126_155046_CH02_TMO_5GNR_WFC_REF_TC-178-R1.dml,,,,,,,,,,NR SA,,,,,,,,,,,,,,,,,,,594,,On,Connected,-64.000000,2437,48,,,,IWLAN,-122.480000
176,1,,,-121.9314830,47.5244923,2026-01-26 23:53:39.000,_20260126_155046_CH02_TMO_5GNR_WFC_REF_TC-178-R1.dml,,,,,,,,,,NR SA,,,,,,,,,,,,,,,,,,,594,,On,Connected,-64.000000,2437,48,,,,IWLAN,-121.700000
177,1,,,-121.9314830,47.5244923,2026-01-26 23:53:40.000,_20260126_155046_CH02_TMO_5GNR_WFC_REF_TC-178-R1.dml,,,,,,,,,,NR SA,,,,,,,,,,,,,,,,,,,594,,On,Connected,-63.000000,2437,32,,,,IWLAN,-116.990000
178,1,,,-121.9314830,47.5244923,2026-01-26 23:53:41.000,_20260126_155046_CH02_TMO_5GNR_WFC_REF_TC-178-R1.dml,,,,,,,,,,NR SA,,,,,,,,,,,,,,,,,,,594,,On,Connected,-63.000000,2437,32,,,,IWLAN,-114.860000
179,1,,,-121.9314830,47.5244923,2026-01-26 23:53:42.000,_20260126_155046_CH02_TMO_5GNR_WFC_REF_TC-178-R1.dml,,,,,,,,,,NR SA,,,,,,,,,,,,,,,,,,,594,,On,Connected,-63.000000,2437,32,,,,IWLAN,-114.030000
180,1,,,-121.9314830,47.5244923,2026-01-26 23:53:43.000,_20260126_155046_CH02_TMO_5GNR_WFC_REF_TC-178-R1.dml,,,,,,,,,,NR SA,,,,,,,,,,,,,,,,,,,594,,On,Connected,-62.000000,2437,32,,,,IWLAN,-115.900000
181,1,,,-121.9314830,47.5244923,2026-01-26 23:53:44.000,_20260126_155046_CH02_TMO_5GNR_WFC_REF_TC-178-R1.dml,,,,,,,,,,NR SA,,,,,,,,,,,,,,,,,,,594,,On,Connected,-62.000000,2437,32,,,,IWLAN,-116.210000
182,1,,,-121.9314830,47.5244923,2026-01-26 23:53:45.000,_20260126_155046_CH02_TMO_5GNR_WFC_REF_TC-178-R1.dml,,,,,,,,,,NR SA,,,,,,,,,,,,,,,,,,,594,,On,Connected,-62.000000,2437,32,,,,IWLAN,-115.890000
183,1,,,-121.9314830,47.5244923,2026-01-26 23:53:46.000,_20260126_155046_CH02_TMO_5GNR_WFC_REF_TC-178-R1.dml,,,,,,,,,,NR SA,,,,,,,,,,,,,,,,,,,594,,On,Connected,-64.000000,2437,14,,,,IWLAN,-115.320000
184,1,,,-121.9314830,47.5244923,2026-01-26 23:53:47.000,_20260126_155046_CH02_TMO_5GNR_WFC_REF_TC-178-R1.dml,,,,,,,,,,NR SA,,,,,,,,,,,,,,,,,,,594,,On,Connected,-64.000000,2437,14,,,,IWLAN,-116.960000
185,1,,,-121.9314830,47.5244923,2026-01-26 23:53:48.000,_20260126_155046_CH02_TMO_5GNR_WFC_REF_TC-178-R1.dml,,,,,,,,,,NR SA,,,,,,,,,,,,,,,,,,,594,,On,Connected,-64.000000,2437,14,,,,IWLAN,-119.700000
186,1,,,-121.9314830,47.5244923,2026-01-26 23:53:49.000,_20260126_155046_CH02_TMO_5GNR_WFC_REF_TC-178-R1.dml,,,,,,,,,,NR SA,,,,,,,,,,,,,,,,,,,594,,On,Connected,-63.000000,2437,49,,,,IWLAN,-121.620000
187,1,,,-121.9314830,47.5244923,2026-01-26 23:53:50.000,_20260126_155046_CH02_TMO_5GNR_WFC_REF_TC-178-R1.dml,,,,,,,,,,NR SA,,,,,,,,,,,,,,,,,,,594,,On,Connected,-63.000000,2437,49,,,,IWLAN,-119.540000
188,1,,,-121.9314830,47.5244923,2026-01-26 23:53:51.000,_20260126_155046_CH02_TMO_5GNR_WFC_REF_TC-178-R1.dml,,,,,,,,,,NR SA,,,,,,,,,,,,,,,,,,,594,,On,Connected,-63.000000,2437,49,,,,IWLAN,-119.380000
189,1,,,-121.9314830,47.5244923,2026-01-26 23:53:52.000,_20260126_155046_CH02_TMO_5GNR_WFC_REF_TC-178-R1.dml,,,,,,,,,,NR SA,,,,,,,,,,,,,,,,,,,594,,On,Connected,-62.000000,2437,24,,,,IWLAN,-120.470000
190,1,,,-121.9314830,47.5244923,2026-01-26 23:53:53.000,_20260126_155046_CH02_TMO_5GNR_WFC_REF_TC-178-R1.dml,,,,,,,,,,NR SA,,,,,,,,,,,,,,,,,,,594,,On,Connected,-62.000000,2437,24,,,,IWLAN,-121.770000
191,1,,,-121.9314830,47.5244923,2026-01-26 23:53:54.000,_20260126_155046_CH02_TMO_5GNR_WFC_REF_TC-178-R1.dml,,,,,,,,,,NR SA,,,,,,,,,,,,,,,,,,,594,,On,Connected,-62.000000,2437,24,,,,IWLAN,-122.560000
192,1,,,-121.9314830,47.5244923,2026-01-26 23:53:55.000,_20260126_155046_CH02_TMO_5GNR_WFC_REF_TC-178-R1.dml,,,,,,,,,,NR SA,,,,,,,,,,,,,,,,,,,594,,On,Connected,-63.000000,2437,32,,,,IWLAN,-122.440000
193,1,,,-121.9314830,47.5244923,2026-01-26 23:53:56.000,_20260126_155046_CH02_TMO_5GNR_WFC_REF_TC-178-R1.dml,,,,,,,,,,NR SA,,,,,,,,,,,,,,,,,,,594,,On,Connected,-63.000000,2437,32,,,,IWLAN,-125.310000
194,1,,,-121.9314830,47.5244923,2026-01-26 23:53:57.000,_20260126_155046_CH02_TMO_5GNR_WFC_REF_TC-178-R1.dml,,,,,,,,,,NR SA,,,,,,,,,,,,,,,,,,,594,,On,Connected,-63.000000,2437,32,,,,IWLAN,-125.660000
195,1,,,-121.9314830,47.5244923,2026-01-26 23:53:58.000,_20260126_155046_CH02_TMO_5GNR_WFC_REF_TC-178-R1.dml,,,,,,,,,,NR SA,,,,,,,,,,,,,,,,,,,594,,On,Connected,-63.000000,2437,65,,,,IWLAN,-118.050000
196,1,,,-121.9314830,47.5244923,2026-01-26 23:53:59.000,_20260126_155046_CH02_TMO_5GNR_WFC_REF_TC-178-R1.dml,,,,,,,,,,NR SA,,,,,,,,,,,,,,,,,,,594,,On,Connected,-63.000000,2437,65,,,,IWLAN,-116.250000
197,1,,,-121.9314830,47.5244923,2026-01-26 23:54:00.000,_20260126_155046_CH02_TMO_5GNR_WFC_REF_TC-178-R1.dml,,,,,,,,,,NR SA,,,,,,,,,,,,,,,,,,,594,,On,Connected,-63.000000,2437,65,,,,IWLAN,-115.670000
198,1,,,-121.9314830,47.5244923,2026-01-26 23:54:01.000,_20260126_155046_CH02_TMO_5GNR_WFC_REF_TC-178-R1.dml,,,,,,,,,,NR SA,,,,,,,,,,,,,,,,,,,594,,On,Connected,-61.000000,2437,65,,,,IWLAN,-114.980000
199,1,,,-121.9314830,47.5244923,2026-01-26 23:54:02.000,_20260126_155046_CH02_TMO_5GNR_WFC_REF_TC-178-R1.dml,,,,,,,,,,NR SA,,,,,,,,,,,,,,,,,,,594,,On,Connected,-61.000000,2437,65,,,,IWLAN,-115.160000
200,1,,,-121.9314830,47.5244923,2026-01-26 23:54:03.000,_20260126_155046_CH02_TMO_5GNR_WFC_REF_TC-178-R1.dml,,,,,,,,,,NR SA,,,,,,,,,,,,,,,,,,,594,,On,Connected,-61.000000,2437,65,,,,IWLAN,-115.940000
201,1,,,-121.9314830,47.5244923,2026-01-26 23:54:04.000,_20260126_155046_CH02_TMO_5GNR_WFC_REF_TC-178-R1.dml,,,,,,,,,,NR SA,,,,,,,,,,,,,,,,,,,594,,On,Connected,-61.000000,2437,49,,,,IWLAN,-114.710000
202,1,,,-121.9314830,47.5244923,2026-01-26 23:54:05.000,_20260126_155046_CH02_TMO_5GNR_WFC_REF_TC-178-R1.dml,,,,,,,,,,NR SA,,,,,,,,,,,,,,,,,,,594,,On,Connected,-61.000000,2437,49,,,,IWLAN,-114.460000
203,1,,,-121.9314830,47.5244923,2026-01-26 23:54:06.000,_20260126_155046_CH02_TMO_5GNR_WFC_REF_TC-178-R1.dml,,,,,,,,,,NR SA,,,,,,,,,,,,,,,,,,,594,,On,Connected,-61.000000,2437,49,,,,IWLAN,-113.820000
204,1,,,-121.9314830,47.5244923,2026-01-26 23:54:07.000,_20260126_155046_CH02_TMO_5GNR_WFC_REF_TC-178-R1.dml,,,,,,,,,,NR SA,,,,,,,,,,,,,,,,,,,594,,On,Connected,-61.000000,2437,49,,,,IWLAN,-113.560000
205,1,,,-121.9314830,47.5244923,2026-01-26 23:54:08.000,_20260126_155046_CH02_TMO_5GNR_WFC_REF_TC-178-R1.dml,,,,,,,,,,NR SA,,,,,,,,,,,,,,,,,,,594,,On,Connected,-61.000000,2437,49,,,,IWLAN,-115.040000
206,1,,,-121.9314830,47.5244923,2026-01-26 23:54:09.000,_20260126_155046_CH02_TMO_5GNR_WFC_REF_TC-178-R1.dml,,,,,,,,,,NR SA,,,,,,,,,,,,,,,,,,,594,,On,Connected,-61.000000,2437,49,,,,IWLAN,-114.030000
207,1,,,-121.9314830,47.5244923,2026-01-26 23:54:10.000,_20260126_155046_CH02_TMO_5GNR_WFC_REF_TC-178-R1.dml,,,,,,,,,,NR SA,,,,,,,,,,,,,,,,,,,594,,On,Connected,-62.000000,2437,32,,,,IWLAN,-112.200000
208,1,,,-121.9314830,47.5244923,2026-01-26 23:54:11.000,_20260126_155046_CH02_TMO_5GNR_WFC_REF_TC-178-R1.dml,,,,,,,,,,NR SA,,,,,,,,,,,,,,,,,,,594,,On,Connected,-62.000000,2437,32,,,,IWLAN,-113.350000
209,1,,,-121.9314830,47.5244923,2026-01-26 23:54:12.000,_20260126_155046_CH02_TMO_5GNR_WFC_REF_TC-178-R1.dml,,,,,,,,,,NR SA,,,,,,,,,,,,,,,,,,,594,,On,Connected,-62.000000,2437,32,,,,IWLAN,-113.280000
210,1,,,-121.9314830,47.5244923,2026-01-26 23:54:13.000,_20260126_155046_CH02_TMO_5GNR_WFC_REF_TC-178-R1.dml,,,,,,,,,,NR SA,,,,,,,,,,,,,,,,,,,594,,On,Connected,-61.000000,2437,32,,,,IWLAN,-115.860000
211,1,,,-121.9314830,47.5244923,2026-01-26 23:54:14.000,_20260126_155046_CH02_TMO_5GNR_WFC_REF_TC-178-R1.dml,,,,,,,,,,NR SA,,,,,,,,,,,,,,,,,,,594,,On,Connected,-61.000000,2437,32,,,,IWLAN,-119.970000
212,1,,,-121.9314830,47.5244923,2026-01-26 23:54:15.000,_20260126_155046_CH02_TMO_5GNR_WFC_REF_TC-178-R1.dml,,,,,,,,,,NR SA,,,,,,,,,,,,,,,,,,,594,,On,Connected,-61.000000,2437,32,,,,IWLAN,-122.200000
213,1,,,-121.9314830,47.5244923,2026-01-26 23:54:16.000,_20260126_155046_CH02_TMO_5GNR_WFC_REF_TC-178-R1.dml,,,,,,,,,,NR SA,,,,,,,,,,,,,,,,,,,594,,On,Connected,-61.000000,2437,65,,,,IWLAN,-120.760000
214,1,,,-121.9314830,47.5244923,2026-01-26 23:54:17.000,_20260126_155046_CH02_TMO_5GNR_WFC_REF_TC-178-R1.dml,,,,,,,,,,NR SA,,,,,,,,,,,,,,,,,,,594,,On,Connected,-61.000000,2437,65,,,,IWLAN,-117.910000
215,1,,,-121.9314830,47.5244923,2026-01-26 23:54:18.000,_20260126_155046_CH02_TMO_5GNR_WFC_REF_TC-178-R1.dml,,,,,,,,,,NR SA,,,,,,,,,,,,,,,,,,,594,,On,Connected,-61.000000,2437,65,,,,IWLAN,-118.000000
216,1,,,-121.9314830,47.5244923,2026-01-26 23:54:19.000,_20260126_155046_CH02_TMO_5GNR_WFC_REF_TC-178-R1.dml,,,,,,,,,,NR SA,,,,,,,,,,,,,,,,,,,594,,On,Connected,-64.000000,2437,32,,,,IWLAN,-117.460000
217,1,,,-121.9314830,47.5244923,2026-01-26 23:54:20.000,_20260126_155046_CH02_TMO_5GNR_WFC_REF_TC-178-R1.dml,,,,,,,,,,NR SA,,,,,,,,,,,,,,,,,,,594,,On,Connected,-64.000000,2437,32,,,,IWLAN,-118.980000
218,1,,,-121.9314830,47.5244923,2026-01-26 23:54:21.000,_20260126_155046_CH02_TMO_5GNR_WFC_REF_TC-178-R1.dml,,,,,,,,,,NR SA,,,,,,,,,,,,,,,,,,,594,,On,Connected,-64.000000,2437,32,,,,IWLAN,-118.560000
219,1,,,-121.9314830,47.5244923,2026-01-26 23:54:22.000,_20260126_155046_CH02_TMO_5GNR_WFC_REF_TC-178-R1.dml,,,,,,,,,,NR SA,,,,,,,,,,,,,,,,,,,594,,On,Connected,-61.000000,2437,32,,,,IWLAN,-115.820000
220,1,,,-121.9314830,47.5244923,2026-01-26 23:54:23.000,_20260126_155046_CH02_TMO_5GNR_WFC_REF_TC-178-R1.dml,,,,,,,,,,NR SA,,,,,,,,,,,,,,,,,,,594,,On,Connected,-61.000000,2437,32,,,,IWLAN,-113.240000
221,1,,,-121.9314830,47.5244923,2026-01-26 23:54:24.000,_20260126_155046_CH02_TMO_5GNR_WFC_REF_TC-178-R1.dml,,,,,,,,,,NR SA,,,,,,,,,,,,,,,,,,,594,,On,Connected,-61.000000,2437,32,,,,IWLAN,-112.380000
222,1,,,-121.9314830,47.5244923,2026-01-26 23:54:25.000,_20260126_155046_CH02_TMO_5GNR_WFC_REF_TC-178-R1.dml,,,,,,,,,,NR SA,,,,,,,,,,,,,,,,,,,594,,On,Connected,-59.000000,2437,49,,,,IWLAN,-111.300000
223,1,,,-121.9314830,47.5244923,2026-01-26 23:54:26.000,_20260126_155046_CH02_TMO_5GNR_WFC_REF_TC-178-R1.dml,,,,,,,,,,NR SA,,,,,,,,,,,,,,,,,,,594,,On,Connected,-59.000000,2437,49,,,,IWLAN,-111.860000
224,1,,,-121.9314830,47.5244923,2026-01-26 23:54:27.000,_20260126_155046_CH02_TMO_5GNR_WFC_REF_TC-178-R1.dml,,,,,,,,,,NR SA,,,,,,,,,,,,,,,,,,,594,,On,Connected,-59.000000,2437,49,,,,IWLAN,-116.940000
225,1,,,-121.9314830,47.5244923,2026-01-26 23:54:28.000,_20260126_155046_CH02_TMO_5GNR_WFC_REF_TC-178-R1.dml,,,,,,,,,,NR SA,,,,,,,,,,,,,,,,,,,594,,On,Connected,-60.000000,2437,49,,,,IWLAN,-115.560000
226,1,,,-121.9314830,47.5244923,2026-01-26 23:54:29.000,_20260126_155046_CH02_TMO_5GNR_WFC_REF_TC-178-R1.dml,,,,,,,,,,NR SA,,,,,,,,,,,,,,,,,,,594,,On,Connected,-60.000000,2437,49,,,,IWLAN,-119.860000
227,1,,,-121.9314830,47.5244923,2026-01-26 23:54:30.000,_20260126_155046_CH02_TMO_5GNR_WFC_REF_TC-178-R1.dml,,,,,,,,,,NR SA,,,,,,,,,,,,,,,,,,,594,,On,Connected,-60.000000,2437,49,,,,IWLAN,-122.470000
228,1,,,-121.9314830,47.5244923,2026-01-26 23:54:31.000,_20260126_155046_CH02_TMO_5GNR_WFC_REF_TC-178-R1.dml,,,,,,,,,,NR SA,,,,,,,,,,,,,,,,,,,594,,On,Connected,-57.000000,2437,69,,,,IWLAN,-121.090000
229,1,,,-121.9314830,47.5244923,2026-01-26 23:54:32.000,_20260126_155046_CH02_TMO_5GNR_WFC_REF_TC-178-R1.dml,,,,,,,,,,NR SA,,,,,,,,,,,,,,,,,,,594,,On,Connected,-57.000000,2437,69,,,,IWLAN,-120.780000
230,1,,,-121.9314830,47.5244923,2026-01-26 23:54:33.000,_20260126_155046_CH02_TMO_5GNR_WFC_REF_TC-178-R1.dml,,,,,,,,,,NR SA,,,,,,,,,,,,,,,,,,,594,,On,Connected,-57.000000,2437,69,,,,IWLAN,-122.160000
231,1,,,-121.9314830,47.5244923,2026-01-26 23:54:34.000,_20260126_155046_CH02_TMO_5GNR_WFC_REF_TC-178-R1.dml,,,,,,,,,,NR SA,,,,,,,,,,,,,,,,,,,594,,On,Connected,-57.000000,2437,73,,,,IWLAN,-118.090000
232,1,,,-121.9314830,47.5244923,2026-01-26 23:54:35.000,_20260126_155046_CH02_TMO_5GNR_WFC_REF_TC-178-R1.dml,,,,,,,,,,NR SA,,,,,,,,,,,,,,,,,,,594,,On,Connected,-57.000000,2437,73,,,,IWLAN,-118.090000
233,1,,,-121.9314830,47.5244923,2026-01-26 23:54:36.000,_20260126_155046_CH02_TMO_5GNR_WFC_REF_TC-178-R1.dml,,,,,,,,,,NR SA,,,,,,,,,,,,,,,,,,,594,,On,Connected,-57.000000,2437,73,,,,IWLAN,-117.330000
234,1,,,-121.9314830,47.5244923,2026-01-26 23:54:37.000,_20260126_155046_CH02_TMO_5GNR_WFC_REF_TC-178-R1.dml,,,,,,,,,,NR SA,,,,,,,,,,,,,,,,,,,594,,On,Connected,-58.000000,2437,97,,,,IWLAN,-118.350000
235,1,,,-121.9314830,47.5244923,2026-01-26 23:54:38.000,_20260126_155046_CH02_TMO_5GNR_WFC_REF_TC-178-R1.dml,,,,,,,,,,NR SA,,,,,,,,,,,,,,,,,,,594,,On,Connected,-58.000000,2437,97,,,,IWLAN,-116.660000
236,1,,,-121.9314830,47.5244923,2026-01-26 23:54:39.000,_20260126_155046_CH02_TMO_5GNR_WFC_REF_TC-178-R1.dml,,,,,,,,,,NR SA,,,,,,,,,,,,,,,,,,,594,,On,Connected,-58.000000,2437,97,,,,IWLAN,-117.010000
237,1,,,-121.9314830,47.5244923,2026-01-26 23:54:40.000,_20260126_155046_CH02_TMO_5GNR_WFC_REF_TC-178-R1.dml,,,,,,,,,,NR SA,,,,,,,,,,,,,,,,,,,594,,On,Connected,-58.000000,2437,69,,,,IWLAN,-117.000000
238,1,,,-121.9314830,47.5244923,2026-01-26 23:54:41.000,_20260126_155046_CH02_TMO_5GNR_WFC_REF_TC-178-R1.dml,,,,,,,,,,NR SA,,,,,,,,,,,,,,,,,,,594,,On,Connected,-58.000000,2437,69,,,,IWLAN,-118.240000
239,1,,,-121.9314830,47.5244923,2026-01-26 23:54:42.000,_20260126_155046_CH02_TMO_5GNR_WFC_REF_TC-178-R1.dml,,,,,,,,,,NR SA,,,,,,,,,,,,,,,,,,,594,,On,Connected,-58.000000,2437,69,,,,IWLAN,-119.940000
240,1,,,-121.9314830,47.5244923,2026-01-26 23:54:43.000,_20260126_155046_CH02_TMO_5GNR_WFC_REF_TC-178-R1.dml,,,,,,,,,,NR SA,,,,,,,,,,,,,,,,,,,594,,On,Connected,-58.000000,2437,69,,,,IWLAN,-119.640000
241,1,,,-121.9314830,47.5244923,2026-01-26 23:54:44.000,_20260126_155046_CH02_TMO_5GNR_WFC_REF_TC-178-R1.dml,,,,,,,,,,NR SA,,,,,,,,,,,,,,,,,,,594,,On,Connected,-58.000000,2437,69,,,,IWLAN,-116.580000
242,1,,,-121.9314830,47.5244923,2026-01-26 23:54:45.000,_20260126_155046_CH02_TMO_5GNR_WFC_REF_TC-178-R1.dml,,,,,,,,,,NR SA,,,,,,,,,,,,,,,,,,,594,,On,Connected,-59.000000,2437,69,,,,IWLAN,-116.300000
243,1,,,-121.9314830,47.5244923,2026-01-26 23:54:46.000,_20260126_155046_CH02_TMO_5GNR_WFC_REF_TC-178-R1.dml,,,,,,,,,,NR SA,,,,,,,,,,,,,,,,,,,594,,On,Connected,-59.000000,2437,69,,,,IWLAN,-115.210000
244,1,,,-121.9314830,47.5244923,2026-01-26 23:54:46.825,_20260126_155046_CH02_TMO_5GNR_WFC_REF_TC-178-R1.dml,,,,,,,,,,,,,,,,,,,,,,Forced stop,[Tool] Voice - Call Result : EndByUser,,,,,,,,,,,,,,,,,
245,1,,,-121.9314830,47.5244923,2026-01-26 23:54:46.825,_20260126_155046_CH02_TMO_5GNR_WFC_REF_TC-178-R1.dml,,,,,,,,,,,,,,,,,,,,,,,[Tool] Voice - Call Scheduling End,,,,,,,,,,,,,,,,,
246,1,,,-121.9314830,47.5244923,2026-01-26 23:54:46.825,_20260126_155046_CH02_TMO_5GNR_WFC_REF_TC-178-R1.dml,,,,,,,,,,,,,,,,,,,,,,,[Tool] Voice - Release Call Request,,,,,,,,,,,,,,,,,
247,1,,,-121.9314830,47.5244923,2026-01-26 23:54:46.825,_20260126_155046_CH02_TMO_5GNR_WFC_REF_TC-178-R1.dml,,,,,,,,,,,,,,,,,,,,,,,[Tool] Voice - Release Call Request,,,,,,,,,,,,,,,,,
248,1,,,-121.9314830,47.5244923,2026-01-26 23:54:46.841,_20260126_155046_CH02_TMO_5GNR_WFC_REF_TC-178-R1.dml,,,,,,,,,,,,,,,,,,,,,,,[Tool] Voice - Release Call Request,,,,,,,,,,,,,,,,,
