Device,DUT,REF
1,-66.0,-63.5
2,-64.0,-64.0
3,-64.0,-64.0
4,-64.0,-63.0
5,-64.0,-63.0
6,-64.0,-63.0
7,-64.0,-61.0
8,-65.0,-61.0
9,-65.0,-61.0
10,-65.0,-62.0
11,-66.0,-62.0
12,-66.0,-62.0
13,-66.0,-67.0
14,-62.0,-67.0
15,-62.0,-67.0
16,-62.0,-67.0
17,-61.0,-67.0
18,-61.0,-67.0
19,-61.0,-68.0
20,-60.0,-68.0
21,-60.0,-68.0
22,-60.0,-68.0
23,-60.0,-68.0
24,-60.0,-68.0
25,-60.0,-68.0
26,-59.0,-68.0
27,-59.0,-68.0
28,-59.0,-67.0
29,-60.0,-67.0
30,-60.0,-67.0
31,-60.0,-68.0
32,-60.0,-68.0
33,-60.0,-68.0
34,-60.0,-68.0
35,-61.0,-68.0
36,-61.0,-68.0
37,-61.0,-69.0
38,-62.0,-69.0
39,-62.0,-69.0
40,-62.0,-68.0
41,-60.0,-68.0
42,-60.0,-68.0
43,-60.0,-68.0
44,-57.0,-68.0
45,-57.0,-62.0
46,-57.0,-62.0
47,-57.0,-62.0
48,-57.0,-63.0
49,-57.0,-63.0
50,-57.0,-63.0
51,-57.0,-68.0
52,-57.0,-68.0
53,-56.0,-68.0
54,-56.0,-68.0
55,-56.0,-68.0
56,-61.0,-68.0
57,-61.0,-65.0
58,-61.0,-65.0
59,-59.0,-65.0
60,-59.0,-65.0
61,-59.0,-65.0
62,-60.0,-65.0
63,-60.0,-66.0
64,-60.0,-66.0
65,-60.0,-66.0
66,-60.0,-66.0
67,-59.0,-66.0
68,-59.0,-66.0
69,-61.0,-65.0
70,-61.0,-65.0
71,-61.0,-65.0
72,-55.0,-62.0
73,-55.0,-62.0
74,-55.0,-62.0
75,-58.0,-63.0
76,-58.0,-63.0
77,-58.0,-63.0
78,-59.0,-63.0
79,-59.0,-63.0
80,-59.0,-63.0
81,-59.0,-63.0
82,-59.0,-63.0
83,-59.0,-63.0
84,-61.0,-63.0
85,-61.0,-63.0
86,-61.0,-64.0
87,-62.0,-64.0
88,-62.0,-64.0
89,-62.0,-67.0
90,-57.0,-67.0
91,-57.0,-67.0
92,-57.0,-70.0
93,-57.0,-70.0
94,-57.0,-70.0
95,-57.0,-66.0
96,-60.0,-66.0
97,-60.0,-66.0
98,-60.0,-65.0
99,-62.0,-65.0
100,-62.0,-65.0
101,-62.0,-64.0
102,-66.0,-64.0
103,-66.0,-64.0
104,-66.0,-65.0
105,-64.0,-65.0
106,-64.0,-65.0
107,-64.0,-64.0
108,-57.0,-64.0
109,-57.0,-55.0
110,-57.0,-55.0
111,-61.0,-55.0
112,-61.0,-58.0
113,-61.0,-58.0
114,-62.0,-58.0
115,-62.0,-58.0
116,-62.0,-58.0
117,-62.0,-58.0
118,-62.0,-57.0
119,-62.0,-57.0
120,-58.0,-57.0
121,-58.0,-59.0
122,-58.0,-59.0
123,-60.0,-59.0
124,-60.0,-62.0
125,-60.0,-62.0
126,-57.0,-62.0
127,-57.0,-68.0
128,-57.0,-68.0
129,-57.0,-68.0
130,-57.0,-67.0
131,-57.0,-67.0
132,-66.0,-67.0
133,-66.0,-65.0
134,-66.0,-65.0
135,-62.0,-65.0
136,-62.0,-70.0
137,-62.0,-70.0
138,-59.0,-70.0
139,-59.0,-70.0
140,-59.0,-70.0
141,-63.0,-70.0
142,-63.0,-67.0
143,-63.0,-67.0
144,-59.0,-67.0
145,-59.0,-71.0
146,-59.0,-71.0
147,-60.0,-71.0
148,-60.0,-65.0
149,-60.0,-65.0
150,-62.0,-65.0
151,-62.0,-65.0
152,-62.0,-65.0
153,-62.0,-65.0
154,-62.0,-63.0
155,-62.0,-63.0
156,-59.0,-63.0
157,-59.0,-63.0
158,-59.0,-63.0
159,-60.0,-63.0
160,-60.0,-63.0
161,-60.0,-63.0
162,-63.0,-62.0
163,-63.0,-62.0
164,-63.0,-62.0
165,-61.0,-63.0
166,-61.0,-63.0
167,-61.0,-63.0
168,-58.0,-65.0
169,-58.0,-65.0
170,-58.0,-65.0
171,-59.0,-62.0
172,-59.0,-62.0
173,-59.0,-62.0
174,-60.0,-63.0
175,-60.0,-63.0
176,-60.0,-63.0
177,-63.0,-66.0
178,-63.0,-66.0
179,-63.0,-66.0
180,-60.0,-65.0
181,-60.0,-65.0
182,-60.0,-65.0
183,-63.0,-65.0
184,-63.0,-65.0
185,-63.0,-65.0
186,-65.0,-65.0
187,-65.0,-65.0
188,-65.0,-65.0
189,-63.0,-60.0
190,-63.0,-60.0
191,-63.0,-60.0
192,-63.0,-63.0
193,-63.0,-63.0
194,-63.0,-63.0
195,-63.0,-62.0
196,-63.0,-62.0
197,-63.0,-62.0
198,-63.0,-63.0
199,-63.0,-63.0
200,-63.0,-63.0
201,-63.0,-64.0
202,-63.0,-64.0
203,-63.0,-64.0
204,-59.0,-64.0
205,-59.0,-64.0
206,-59.0,-64.0
207,-57.0,-65.0
208,-57.0,-65.0
209,-57.0,-65.0
210,-58.0,-66.0
211,-58.0,-66.0
212,-59.0,-66.0
213,-60.0,-71.0
214,-60.0,-71.0
215,-60.0,-71.0
216,-59.0,-71.0
217,-58.0,-71.0
218,-58.0,-71.0
219,-60.0,-70.0
220,-60.0,-70.0
221,-60.0,-70.0
222,-58.0,-65.0
223,-58.0,-65.0
224,-63.0,-65.0
225,-63.0,-67.0
226,-62.0,-67.0
227,-62.0,-67.0
228,-62.0,-65.0
229,-58.0,-65.0
230,-58.0,-65.0
231,-60.0,-64.0
232,-62.0,-64.0
233,-62.0,-64.0
234,-57.0,-65.0
235,-57.0,-65.0
236,-57.0,-65.0
237,-62.0,-66.0
238,-62.0,-66.0
239,-62.0,-66.0
240,-59.0,-65.0
241,-59.0,-65.0
242,-59.0,-65.0
243,-61.0,-65.0
244,-61.0,-65.0
245,-61.0,-65.0
246,-57.0,-63.0
247,-57.0,-63.0
248,-57.0,-63.0
249,-51.0,-67.0
250,-51.0,-67.0
251,-51.0,-67.0
252,-65.0,-66.0
253,-65.0,-66.0
254,-65.0,-66.0
255,-64.0,-66.0
256,-64.0,-66.0
257,-64.0,-66.0
258,-65.0,-67.0
259,-65.0,-67.0
260,-65.0,-67.0
261,-62.0,-63.0
262,-62.0,-63.0
263,-62.0,-63.0
264,-62.0,-57.0
265,-62.0,-57.0
266,-62.0,-57.0
267,-62.0,-57.0
268,-62.0,-57.0
269,-62.0,-57.0
270,-62.0,-60.0
271,-62.0,-60.0
272,-62.0,-60.0
273,-62.0,-66.0
274,-62.0,-66.0
275,-62.0,-66.0
276,-65.0,-67.0
277,-65.0,-67.0
278,-65.0,-67.0
279,-59.0,-68.0
280,-59.0,-68.0
281,-59.0,-68.0
282,-56.0,-65.0
283,-56.0,-65.0
284,-56.0,-65.0
285,-61.0,-66.0
286,-61.0,-66.0
287,-61.0,-66.0
288,-60.0,-67.0
289,-60.0,-67.0
290,-60.0,-67.0
291,-59.0,-69.0
292,-59.0,-69.0
293,-59.0,-69.0
294,-60.0,-70.0
295,-60.0,-70.0
296,-60.0,-70.0
297,-65.0,-69.0
298,-65.0,-69.0
299,-65.0,-69.0
300,-60.0,-64.0
301,-60.0,-64.0
302,-60.0,-64.0
303,-59.0,-66.0
304,-59.0,-66.0
305,-59.0,-66.0
306,-56.0,-69.0
307,-56.0,-69.0
308,-56.0,-69.0
309,-60.0,-68.0
310,-60.0,-68.0
311,-60.0,-68.0
312,-62.0,-64.0
313,-62.0,-64.0
314,-62.0,-64.0
315,-63.0,-63.0
316,-63.0,-63.0
317,-63.0,-63.0
318,-60.0,-63.0
319,-60.0,-63.0
320,-60.0,-63.0
321,-59.0,-63.0
322,-59.0,-63.0
323,-59.0,-63.0
324,-58.0,-63.0
325,-58.0,-63.0
326,-58.0,-63.0
327,-57.0,-66.0
328,-57.0,-66.0
329,-57.0,-66.0
330,-62.0,-64.0
331,-62.0,-64.0
332,-62.0,-64.0
333,-63.0,-63.0
334,-63.0,-63.0
335,-63.0,-63.0
336,-60.0,-63.0
337,-60.0,-63.0
338,-60.0,-63.0
339,-65.0,-64.0
340,-65.0,-64.0
341,-65.0,-64.0
342,-62.0,-64.0
343,-62.0,-64.0
344,-62.0,-64.0
345,-59.0,-64.0
346,-59.0,-64.0
347,-59.0,-64.0
348,-62.0,-66.0
349,-62.0,-66.0
350,-62.0,-66.0
351,-56.0,-61.0
352,-56.0,-61.0
353,-56.0,-61.0
354,-59.0,-63.0
355,-59.0,-63.0
356,-59.0,-63.0
357,-58.0,-62.0
358,-58.0,-62.0
359,-58.0,-62.0
360,-60.0,-58.0
361,-60.0,-58.0
362,-60.0,-58.0
363,-61.0,-61.0
364,-61.0,-61.0
365,-61.0,-61.0
366,-62.0,-68.0
367,-62.0,-68.0
368,-62.0,-68.0
369,-63.0,-67.0
370,-63.0,-67.0
371,-63.0,-67.0
372,-60.0,-70.0
373,-60.0,-70.0
374,-60.0,-70.0
375,-59.0,-71.0
376,-59.0,-71.0
377,-59.0,-71.0
378,-65.0,-69.0
379,-65.0,-69.0
380,-65.0,-69.0
381,-63.0,-69.0
382,-63.0,-69.0
383,-63.0,-69.0
384,-61.0,-66.0
385,-61.0,-66.0
386,-62.0,-66.0
387,-62.0,-68.0
388,-62.0,-68.0
389,-65.0,-68.0
390,-65.0,-63.0
391,-61.5,-63.0
392,-58.0,-63.0
393,-59.0,-60.0
394,-60.0,-60.0
395,-60.0,-60.0
396,-61.0,-66.0
397,-61.0,-66.0
398,-59.0,-66.0
399,-59.0,-68.0
400,-59.0,-68.0
401,-62.0,-68.0
402,-62.0,-70.0
403,-62.0,-70.0
404,-62.0,-70.0
405,-62.0,-68.0
406,-62.0,-68.0
407,-59.0,-68.0
408,-59.0,-70.0
409,-59.0,-70.0
410,-60.0,-70.0
411,-60.0,-71.0
412,-60.0,-71.0
413,-56.0,-71.0
414,-56.0,-69.0
415,-56.0,-69.0
416,-62.0,-69.0
417,-62.0,-71.0
418,-62.0,-71.0
419,-63.0,-71.0
420,-63.0,-70.0
421,-63.0,-70.0
422,-66.0,-70.0
423,-66.0,-71.0
424,-66.0,-71.0
425,-60.0,-71.0
426,-60.0,-70.0
427,-60.0,-70.0
428,-61.0,-70.0
429,-61.0,-68.0
430,-61.0,-68.0
431,-64.0,-68.0
432,-64.0,-68.0
433,-64.0,-68.0
434,-62.0,-68.0
435,-62.0,-70.0
436,-62.0,-70.0
437,-63.0,-70.0
438,-63.0,-71.0
439,-63.0,-71.0
440,-59.0,-71.0
441,-59.0,-70.0
442,-59.0,-70.0
443,-58.0,-70.0
444,-58.0,-63.0
445,-58.0,-63.0
446,-59.0,-63.0
447,-59.0,-66.0
448,-59.0,-66.0
449,-66.0,-66.0
450,-66.0,-66.0
451,-66.0,-66.0
452,-58.0,-66.0
453,-58.0,-66.0
454,-58.0,-66.0
455,-60.0,-66.0
456,-60.0,-66.0
457,-60.0,-66.0
458,-60.0,-66.0
459,-60.0,-67.0
460,-60.0,-67.0
461,-61.0,-67.0
462,-61.0,-63.0
463,-61.0,-63.0
464,-61.0,-63.0
465,-61.0,-62.0
466,-61.0,-62.0
467,-60.0,-62.0
468,-60.0,-61.0
469,-60.0,-61.0
470,-58.0,-61.0
471,-58.0,-60.0
472,-58.0,-60.0
473,-59.0,-60.0
474,-59.0,-63.0
475,-59.0,-63.0
476,-57.0,-63.0
477,-57.0,-61.0
478,-57.0,-61.0
479,-59.0,-61.0
480,-59.0,-59.0
481,-59.0,-59.0
482,-58.0,-59.0
483,-58.0,-59.0
484,-58.0,-59.0
485,-60.0,-59.0
486,-60.0,-60.0
487,-60.0,-60.0
488,-62.0,-60.0
489,-62.0,-60.0
490,-62.0,-60.0
491,-59.0,-60.0
492,-59.0,-69.0
493,-59.0,-69.0
494,-58.0,-69.0
495,-58.0,-71.0
496,-58.0,-71.0
497,-58.0,-71.0
498,-58.0,-64.0
499,-58.0,-64.0
500,-63.0,-64.0
501,-63.0,-61.0
502,-63.0,-61.0
503,-64.0,-61.0
504,-64.0,-62.0
505,-64.0,-62.0
506,-62.0,-62.0
507,-62.0,-61.0
508,-62.0,-61.0
509,-59.0,-61.0
510,-59.0,-59.0
511,-59.0,-59.0
512,-60.0,-59.0
513,-60.0,-57.0
514,-60.0,-57.0
515,-60.0,-57.0
516,-60.0,-58.0
517,-60.0,-58.0
518,-59.0,-58.0
519,-59.0,-61.0
520,-59.0,-61.0
521,-61.0,-61.0
522,-61.0,-61.0
523,-61.0,-61.0
524,-62.0,-61.0
525,-62.0,-58.0
526,-62.0,-58.0
527,-58.0,-58.0
528,-58.0,-61.0
529,-58.0,-61.0
530,-57.0,-61.0
531,-57.0,-60.0
532,-57.0,-60.0
533,-61.0,-60.0
534,-61.0,-60.0
535,-61.0,-60.0
536,-56.0,-60.0
537,-56.0,-60.0
538,-56.0,-62.0
539,-59.0,-62.0
540,-59.0,-62.0
541,-59.0,-68.0
542,-61.0,-68.0
543,-61.0,-68.0
544,-61.0,-67.0
545,-59.0,-67.0
546,-59.0,-67.0
547,-59.0,-67.0
548,-58.0,-67.0
549,-58.0,-67.0
550,-58.0,-71.0
551,-60.0,-71.0
552,-60.0,-71.0
553,-60.0,-74.0
554,-64.0,-74.0
555,-64.0,-74.0
556,-64.0,-59.0
557,-59.0,-59.0
558,-59.0,-59.0
559,-64.0,-60.0
560,-64.0,-60.0
561,-64.0,-60.0
562,-60.0,-62.0
563,-60.0,-62.0
564,-57.0,-62.0
565,-57.0,-64.0
566,-61.0,-64.0
567,-61.0,-64.0
568,-61.0,-67.0
569,-61.0,-67.0
570,-61.0,-64.0
571,-61.0,-64.0
572,-64.0,-64.0
573,-64.0,-64.0
574,-64.0,-64.0
575,-63.0,-64.0
576,-63.0,-64.0
577,-63.0,-64.0
578,-61.0,-64.0
579,-61.0,-61.0
580,-61.0,-61.0
581,-55.0,-61.0
582,-55.0,-58.0
583,-55.0,-58.0
584,-58.0,-58.0
585,-58.0,-58.0
586,-58.0,-58.0
587,-57.0,-58.0
588,-57.0,-63.0
589,-57.0,-63.0
590,-56.0,-63.0
591,-56.0,-64.0
592,-56.0,-64.0
593,-57.0,-64.0
594,-57.0,-61.0
595,-57.0,-61.0
596,-57.0,-61.0
597,-57.0,-63.0
598,-57.0,-63.0
599,-59.0,-63.0
600,-59.0,-65.0
601,-59.0,-65.0
602,-64.0,-65.0
603,-64.0,-67.0
604,-64.0,-67.0
605,-62.0,-67.0
606,-62.0,-69.0
607,-62.0,-69.0
608,-61.0,-69.0
609,-61.0,-72.0
610,-61.0,-72.0
611,-65.0,-72.0
612,-65.0,-72.0
613,-65.0,-72.0
614,-64.0,-72.0
615,-64.0,-70.0
616,-64.0,-70.0
617,-62.0,-70.0
618,-62.0,-69.0
619,-62.0,-69.0
620,-62.0,-69.0
621,-62.0,-69.0
622,-62.0,-69.0
623,-59.0,-69.0
624,-59.0,-68.0
625,-59.0,-68.0
626,-59.0,-68.0
627,-59.0,-66.0
628,-59.0,-66.0
629,-59.0,-66.0
630,-59.0,-71.0
631,-59.0,-71.0
632,-58.0,-71.0
633,-58.0,-65.0
634,-58.0,-65.0
635,-61.0,-65.0
636,-61.0,-65.0
637,-61.0,-65.0
638,-62.0,-65.0
639,-62.0,-67.0
640,-62.0,-67.0
641,-61.0,-67.0
642,-61.0,-67.0
643,-61.0,-67.0
644,-61.0,-67.0
645,-61.0,-66.0
646,-61.0,-66.0
647,-60.0,-66.0
648,-60.0,-65.0
649,-60.0,-65.0
650,-59.0,-65.0
651,-59.0,-60.0
652,-59.0,-60.0
653,-61.0,-60.0
654,-61.0,-61.0
655,-61.0,-61.0
656,-65.0,-61.0
657,-65.0,-61.0
658,-65.0,-61.0
659,-58.0,-61.0
660,-58.0,-62.0
661,-58.0,-62.0
662,-62.0,-62.0
663,-62.0,-61.0
664,-62.0,-61.0
665,-59.0,-61.0
666,-59.0,-61.0
667,-59.0,-61.0
668,-57.0,-61.0
669,-57.0,-60.0
670,-57.0,-60.0
671,-55.0,-60.0
672,-55.0,-60.0
673,-55.0,-60.0
674,-59.0,-60.0
675,-59.0,-60.0
676,-59.0,-60.0
677,-58.0,-60.0
678,-58.0,-60.0
679,-58.0,-60.0
680,-60.0,-60.0
681,-60.0,-60.0
682,-60.0,-60.0
683,-62.0,-60.0
684,-62.0,-60.0
685,-62.0,-60.0
686,-57.0,-60.0
687,-57.0,-66.0
688,-57.0,-66.0
689,-56.0,-66.0
690,-56.0,-64.0
691,-56.0,-64.0
692,-61.0,-64.0
693,-61.0,-63.0
694,-61.0,-63.0
695,-57.0,-63.0
696,-57.0,-63.0
697,-57.0,-63.0
698,-58.0,-63.0
699,-58.0,-63.0
700,-58.0,-63.0
701,-61.0,-63.0
702,-61.0,-63.0
703,-61.0,-63.0
704,-60.0,-63.0
705,-60.0,-63.0
706,-60.0,-63.0
707,-57.0,-63.0
708,-57.0,-63.0
709,-57.0,-68.0
710,-57.0,-68.0
711,-57.0,-68.0
712,-57.0,-67.0
713,-60.0,-67.0
714,-60.0,-67.0
715,-60.0,-61.0
716,-61.0,-61.0
717,-61.0,-61.0
718,-61.0,-58.0
719,-63.0,-58.0
720,-63.0,-58.0
721,-63.0,-62.0
722,-61.0,-62.0
723,-61.0,-62.0
724,-61.0,-63.0
725,-60.0,-63.0
726,-60.0,-63.0
727,-60.0,-63.0
728,-61.0,-63.0
729,-61.0,-63.0
730,-61.0,-61.0
731,-62.0,-61.0
732,-62.0,-61.0
733,-62.0,-63.0
734,-62.0,-63.0
735,-62.0,-63.0
736,-62.0,-64.0
737,-62.0,-64.0
738,-61.0,-64.0
739,-61.0,-59.0
740,-61.0,-59.0
741,-61.0,-59.0
742,-61.0,-59.0
743,-59.0,-59.0
744,-59.0,-58.0
745,-59.0,-58.0
746,-59.0,-58.0
747,-59.0,-57.0
748,-59.0,-57.0
749,-59.0,-57.0
750,-59.0,-57.0
751,-59.0,-57.0
752,-59.0,-57.0
753,-59.0,-57.0
754,-59.0,-57.0
755,-57.0,-57.0
756,-57.0,-62.0
757,-57.0,-62.0
758,-59.0,-62.0
759,-59.0,-66.0
760,-59.0,-66.0
761,-58.0,-61.0
762,-58.0,-61.0
763,-58.0,-61.0
764,-58.0,-61.0
765,-58.0,-61.0
766,-58.0,-61.0
767,-60.0,-61.0
768,-60.0,-61.0
769,-60.0,-61.0
770,-59.0,-61.0
771,-59.0,-61.0
772,-59.0,-61.0
773,-59.0,-64.0
774,-59.0,-64.0
775,-59.0,-64.0
776,-57.0,-65.0
777,-57.0,-65.0
778,-57.0,-65.0
779,-60.0,-65.0
780,-60.0,-65.0
781,-60.0,-65.0
782,-58.0,-65.0
783,-58.0,-65.0
784,-58.0,-65.0
785,-59.0,-65.0
786,-59.0,-65.0
787,-59.0,-65.0
788,-61.0,-66.0
789,-61.0,-66.0
790,-61.0,-66.0
791,-60.0,-66.0
792,-60.0,-66.0
793,-60.0,-66.0
794,-61.0,-65.0
795,-61.0,-65.0
796,-61.0,-65.0
797,-59.0,-66.0
798,-59.0,-66.0
799,-59.0,-66.0
800,-60.0,-65.0
801,-60.0,-65.0
802,-60.0,-65.0
803,-58.0,-66.0
804,-58.0,-66.0
805,-58.0,-66.0
806,-59.0,-66.0
807,-59.0,-66.0
808,-59.0,-66.0
809,-63.0,-68.0
810,-63.0,-68.0
811,-63.0,-68.0
812,-56.0,-69.0
813,-56.0,-69.0
814,-56.0,-69.0
815,-57.0,-68.0
816,-57.0,-68.0
817,-57.0,-68.0
818,-55.0,-66.0
819,-55.0,-66.0
820,-55.0,-66.0
821,-56.0,-66.0
822,-56.0,-66.0
823,-56.0,-66.0
824,-59.0,-68.0
825,-59.0,-68.0
826,-59.0,-68.0
827,-61.0,-64.0
828,-61.0,-64.0
829,-61.0,-64.0
830,-60.0,-64.0
831,-60.0,-64.0
832,-60.0,-64.0
833,-59.0,-67.0
834,-59.0,-67.0
835,-59.0,-67.0
836,-58.0,-69.0
837,-58.0,-69.0
838,-58.0,-69.0
839,-54.0,-70.0
840,-54.0,-70.0
841,-54.0,-65.0
842,-56.0,-65.0
843,-56.0,-65.0
844,-56.0,-65.0
845,-60.0,-65.0
846,-60.0,-65.0
847,-60.0,-66.0
848,-60.0,-66.0
849,-60.0,-69.0
850,-60.0,-69.0
851,-58.0,-69.0
852,-58.0,-68.0
853,-58.0,-68.0
854,-61.0,-68.0
855,-61.0,-68.0
856,-61.0,-68.0
857,-58.0,-68.0
858,-58.0,-68.0
859,-62.0,-68.0
860,-62.0,-68.0
861,-62.0,-60.0
862,-61.0,-60.0
863,-61.0,-60.0
864,-61.0,-60.0
865,-54.0,-61.0
866,-54.0,-61.0
867,-54.0,-61.0
868,-61.0,-63.0
869,-61.0,-63.0
870,-61.0,-63.0
871,-59.0,-63.0
872,-59.0,-63.0
873,-60.0,-63.0
874,-60.0,-63.0
875,-60.0,-63.0
876,-60.0,-63.0
877,-60.0,-63.0
878,-64.0,-63.0
879,-64.0,-63.0
880,-64.0,-63.0
881,-59.0,-63.0
882,-59.0,-63.0
883,-59.0,-62.0
884,-61.0,-62.0
885,-61.0,-62.0
886,-61.0,-64.0
887,-56.0,-64.0
888,-56.0,-64.0
889,-56.0,-71.0
890,-59.0,-71.0
891,-59.0,-71.0
892,-59.0,-69.0
893,-61.0,-69.0
894,-61.0,-69.0
895,-61.0,-64.0
896,-57.0,-64.0
897,-57.0,-64.0
898,-57.0,-65.0
899,-58.0,-65.0
900,-58.0,-65.0
901,-58.0,-66.0
902,-55.0,-66.0
903,-55.0,-66.0
904,-55.0,-67.0
905,-59.0,-67.0
906,-59.0,-67.0
907,-59.0,-67.0
908,-62.0,-67.0
909,-62.0,-67.0
910,-62.0,-65.0
911,-59.0,-65.0
912,-59.0,-65.0
913,-59.0,-68.0
914,-61.0,-68.0
915,-61.0,-68.0
916,-61.0,-65.0
917,-58.0,-65.0
918,-58.0,-65.0
919,-58.0,-67.0
920,-63.0,-67.0
921,-63.0,-67.0
922,-63.0,-63.0
923,-59.0,-63.0
924,-59.0,-63.0
925,-59.0,-61.0
926,-61.0,-61.0
927,-61.0,-61.0
928,-61.0,-69.0
929,-60.0,-69.0
930,-60.0,-69.0
931,-60.0,-59.0
932,-66.0,-59.0
933,-66.0,-59.0
934,-66.0,-60.0
935,-61.0,-60.0
936,-61.0,-60.0
937,-61.0,-60.0
938,-60.0,-60.0
939,-60.0,-60.0
940,-60.0,-60.0
941,-58.0,-60.0
942,-58.0,-61.0
943,-58.0,-61.0
944,-58.0,-61.0
945,-58.0,-60.0
946,-58.0,-60.0
947,-60.0,-60.0
948,-60.0,-59.0
949,-60.0,-59.0
950,-59.0,-59.0
951,-59.0,-62.0
952,-59.0,-62.0
953,-56.0,-62.0
954,-56.0,-60.0
955,-56.0,-60.0
956,-59.0,-60.0
957,-59.0,-60.0
958,-59.0,-60.0
959,-63.0,-60.0
960,-63.0,-58.0
961,-63.0,-58.0
962,-62.0,-58.0
963,-62.0,-60.0
964,-62.0,-60.0
965,-59.0,-60.0
966,-59.0,-60.0
967,-59.0,-60.0
968,-57.0,-60.0
969,-57.0,-63.0
970,-57.0,-63.0
971,-58.0,-63.0
972,-58.0,-64.0
973,-58.0,-64.0
974,-60.0,-62.0
975,-60.0,-62.0
976,-60.0,-62.0
977,-58.0,-58.0
978,-58.0,-58.0
979,-58.0,-58.0
980,-58.0,-61.0
981,-58.0,-61.0
982,-58.0,-61.0
983,-59.0,-62.0
984,-59.0,-62.0
985,-59.0,-62.0
986,-56.0,-63.0
987,-56.0,-63.0
988,-56.0,-63.0
989,-58.0,-65.0
990,-58.0,-65.0
991,-58.0,-65.0
992,-58.0,-65.0
993,-58.0,-65.0
994,-58.0,-65.0
995,-56.0,-69.0
996,-56.0,-69.0
997,-56.0,-69.0
998,-59.0,-68.0
999,-59.0,-68.0
1000,-59.0,-68.0
1001,-62.0,-68.0
1002,-62.0,-68.0
1003,-62.0,-68.0
1004,-58.0,-66.0
1005,-58.0,-66.0
1006,-58.0,-66.0
1007,-56.0,-66.0
1008,-56.0,-66.0
1009,-56.0,-66.0
1010,-56.0,-68.0
1011,-56.0,-68.0
1012,-56.0,-68.0
1013,-58.0,-68.0
1014,-58.0,-68.0
1015,-58.0,-68.0
1016,-59.0,-71.0
1017,-59.0,-71.0
1018,-59.0,-71.0
1019,-58.0,-66.0
1020,-58.0,-66.0
1021,-58.0,-66.0
1022,-58.0,-66.0
1023,-58.0,-66.0
1024,-58.0,-66.0
1025,-62.0,-66.0
1026,-62.0,-66.0
1027,-62.0,-66.0
1028,-59.0,-62.0
1029,-59.0,-62.0
1030,-59.0,-62.0
1031,-60.0,-64.0
1032,-60.0,-64.0
1033,-60.0,-64.0
1034,-60.0,-63.0
1035,-60.0,-63.0
1036,-60.0,-63.0
1037,-59.0,-64.0
1038,-59.0,-64.0
1039,-59.0,-64.0
1040,-59.0,-63.0
1041,-59.0,-63.0
1042,-59.0,-63.0
1043,-56.0,-63.0
1044,-56.0,-63.0
1045,-56.0,-63.0
1046,-58.0,-63.0
1047,-58.0,-63.0
1048,-58.0,-63.0
1049,-57.0,-63.0
1050,-57.0,-63.0
1051,-57.0,-63.0
1052,-59.0,-63.0
1053,-59.0,-63.0
1054,-58.0,-63.0
1055,-57.0,-63.0
1056,-57.0,-63.0
1057,-57.0,-63.0
1058,-57.0,-63.0
1059,-58.5,-63.0
1060,-60.0,-63.0
1061,-60.0,-63.0
1062,-60.0,-63.0
1063,-60.0,-63.0
1064,-58.0,-60.0
1065,-58.0,-60.0
1066,-56.0,-60.0
1067,-56.0,-60.0
1068,-56.0,-60.0
1069,-57.0,-60.0
1070,-57.0,-65.0
1071,-57.5,-65.0
1072,-58.0,-65.0
1073,-58.0,-69.0
1074,-64.0,-69.0
1075,-64.0,-69.0
1076,-64.0,-69.0
1077,-56.0,-69.0
1078,-56.0,-69.0
1079,-56.0,-70.0
1080,-62.0,-70.0
1081,-62.0,-70.0
1082,-61.0,-70.0
1083,-60.0,-70.0
1084,-60.0,-70.0
1085,-57.0,-63.0
1086,-57.0,-63.0
1087,-57.0,-63.0
1088,-59.0,-65.0
1089,-59.0,-65.0
1090,-62.0,-65.0
1091,-62.0,-58.0
1092,-62.0,-58.0
1093,-59.0,-58.0
1094,-59.0,-64.0
1095,-59.0,-64.0
1096,-58.0,-64.0
1097,-58.0,-64.0
1098,-58.0,-64.0
1099,-60.0,-64.0
1100,-60.0,-64.0
1101,-60.0,-64.0
1102,-59.0,-64.0
1103,-59.0,-64.0
1104,-59.0,-64.0
1105,-58.0,-64.0
1106,-58.0,-64.0
1107,-58.0,-64.0
1108,-61.0,-64.0
1109,-61.0,-64.0
1110,-61.0,-64.0
1111,-61.0,-64.0
1112,-61.0,-64.0
1113,-61.0,-64.0
1114,-60.0,-64.0
1115,-60.0,-64.0
1116,-60.0,-58.0
1117,-61.0,-58.0
1118,-61.0,-58.0
1119,-61.0,-58.0
1120,-59.0,-58.0
1121,-59.0,-58.0
1122,-59.0,-60.0
1123,-59.0,-60.0
1124,-59.0,-60.0
1125,-59.0,-64.0
1126,-60.0,-64.0
1127,-60.0,-64.0
1128,-60.0,-63.0
1129,-57.0,-63.0
1130,-57.0,-63.0
1131,-57.0,-58.0
1132,-58.0,-58.0
1133,-58.0,-58.0
1134,-58.0,-58.0
1135,-61.0,-58.0
1136,-61.0,-58.0
1137,-61.0,-63.0
1138,-62.0,-63.0
1139,-62.0,-63.0
1140,-62.0,-66.0
1141,-57.0,-66.0
1142,-57.0,-66.0
1143,-57.0,-68.0
1144,-57.0,-68.0
1145,-57.0,-68.0
1146,-57.0,-65.0
1147,-56.0,-65.0
1148,-56.0,-65.0
1149,-56.0,-64.0
1150,-61.0,-64.0
1151,-61.0,-70.0
1152,-61.0,-70.0
1153,-60.0,-70.0
1154,-60.0,-70.0
1155,-60.0,-69.0
1156,-58.0,-68.0
1157,-58.0,-68.0
1158,-58.0,-69.0
1159,-57.0,-69.0
1160,-57.0,-69.0
1161,-57.0,-69.0
1162,-60.0,-69.0
1163,-60.0,-69.0
1164,-60.0,-70.0
1165,-61.0,-70.0
1166,-61.0,-70.0
1167,-61.0,-70.0
1168,-63.0,-70.0
1169,-63.0,-70.0
1170,-63.0,-69.0
1171,-57.0,-69.0
1172,-57.0,-69.0
1173,-57.0,-70.0
1174,-59.0,-70.0
1175,-59.0,-70.0
1176,-59.0,-68.0
1177,-60.0,-68.0
1178,-60.0,-68.0
1179,-60.0,-68.0
1180,-58.0,-68.0
1181,-58.0,-68.0
1182,-58.0,-68.0
1183,-59.0,-68.0
1184,-59.0,-68.0
1185,-59.0,-68.0
1186,-58.0,-68.0
1187,-58.0,-68.0
1188,-58.0,-68.0
1189,-61.0,-68.0
1190,-61.0,-68.0
1191,-61.0,-68.0
1192,-59.0,-68.0
1193,-59.0,-68.0
1194,-59.0,-68.0
1195,-61.0,-68.0
1196,-61.0,-68.0
1197,-61.0,-68.0
1198,-60.0,-68.0
1199,-60.0,-68.0
1200,-60.0,-68.0
1201,-57.0,-68.0
1202,-57.0,-64.0
1203,-57.0,-64.0
1204,-56.0,-59.0
1205,-56.0,-59.0
1206,-56.0,-58.5
1207,-55.0,-58.0
1208,-55.0,-58.0
1209,-55.0,-62.0
1210,-60.0,-62.0
1211,-60.0,-63.0
1212,-60.0,-63.0
1213,-60.0,-63.0
1214,-60.0,-63.0
1215,-60.0,-63.0
1216,-58.0,-64.5
1217,-58.0,-66.0
1218,-58.0,-66.0
1219,-58.0,-67.0
1220,-58.0,-67.0
1221,-58.0,-67.0
1222,-60.0,-65.0
1223,-60.0,-65.0
1224,-60.0,-65.0
1225,-59.0,-66.0
1226,-59.0,-66.0
1227,-59.0,-66.0
1228,-60.0,-65.0
1229,-60.0,-65.0
1230,-60.0,-65.0
1231,-64.0,-66.0
1232,-64.0,-66.0
1233,-63.0,-66.0
1234,-63.0,-65.0
1235,-63.0,-65.0
1236,-62.0,-65.0
1237,-61.0,-64.0
1238,-61.0,-64.0
1239,-61.0,-64.0
1240,-61.0,-63.0
1241,-61.0,-63.0
1242,-63.0,-63.0
1243,-63.0,-60.0
1244,-63.0,-59.0
1245,-63.0,-59.0
1246,-63.0,-59.0
1247,-63.0,-59.0
1248,-62.0,-59.0
1249,-62.0,-59.0
1250,-62.0,-57.0
1251,-64.0,-57.0
1252,-64.0,-57.0
1253,-64.0,-57.0
1254,-61.0,-57.0
1255,-61.0,-57.0
1256,-61.0,-60.0
1257,-62.0,-60.0
1258,-62.0,-60.0
1259,-62.0,-65.0
1260,-62.0,-65.0
1261,-62.0,-65.0
1262,-62.0,-64.0
1263,-64.0,-64.0
1264,-64.0,-64.0
1265,-64.0,-64.0
1266,-63.0,-64.0
1267,-63.0,-64.0
1268,-62.0,-66.0
1269,-62.0,-66.0
1270,-63.0,-66.0
1271,-62.5,-65.0
1272,-62.0,-65.0
1273,-62.0,-65.0
1274,-63.0,-64.0
1275,-63.0,-64.0
1276,-62.0,-64.0
1277,-62.0,-66.0
1278,-62.0,-66.0
1279,-59.0,-66.0
1280,-59.0,-64.0
1281,-59.0,-64.0
1282,-57.0,-64.0
1283,-57.0,-65.0
1284,-61.0,-65.0
1285,-61.0,-65.0
1286,-59.0,-64.0
1287,-59.0,-64.0
1288,-59.0,-64.0
1289,-60.0,-64.0
1290,-60.0,-64.0
1291,-60.0,-64.0
1292,-61.0,-64.0
1293,-61.0,-64.0
1294,-61.0,-64.0
1295,-59.0,-64.0
1296,-59.0,-64.0
1297,-59.0,-64.0
1298,-61.0,-62.0
1299,-61.0,-62.0
1300,-61.0,-62.0
1301,-59.0,-63.0
1302,-59.0,-63.0
1303,-59.0,-69.0
1304,-57.0,-69.0
1305,-57.0,-69.0
1306,-57.0,-68.0
1307,-60.0,-68.0
1308,-60.0,-68.0
1309,-60.0,-64.0
1310,-60.0,-64.0
1311,-60.0,-64.0
1312,-60.0,-64.0
1313,-56.0,-64.0
1314,-56.0,-64.0
1315,-56.0,-65.0
1316,-59.0,-65.0
1317,-59.0,-65.0
1318,-59.0,-69.0
1319,-59.0,-69.0
1320,-59.0,-69.0
1321,-59.0,-68.0
1322,-56.0,-68.0
1323,-56.0,-67.0
1324,-56.0,-67.0
1325,-56.0,-67.0
1326,-56.0,-67.0
1327,-56.0,-67.0
1328,-60.0,-67.0
1329,-60.0,-67.0
1330,-60.0,-67.0
1331,-59.0,-67.0
1332,-59.0,-65.0
1333,-59.0,-65.0
1334,-58.0,-63.0
1335,-58.0,-63.0
1336,-58.0,-63.0
1337,-60.0,-65.0
1338,-60.0,-65.0
1339,-60.0,-67.5
1340,-59.0,-70.0
1341,-59.0,-70.0
1342,-59.0,-70.0
1343,-59.0,-70.0
1344,-59.0,-70.0
1345,-59.0,-67.0
1346,-56.0,-67.0
1347,-56.0,-67.0
1348,-56.0,-67.0
1349,-57.0,-67.5
1350,-57.0,-68.0
1351,-57.0,-68.0
1352,-60.0,-68.0
1353,-60.0,-69.0
1354,-60.0,-69.0
1355,-62.0,-69.0
1356,-62.0,-67.0
1357,-62.0,-67.0
1358,-58.0,-65.0
1359,-58.0,-65.0
1360,-58.0,-65.0
1361,-56.0,-65.0
1362,-56.0,-65.0
1363,-56.0,-65.5
1364,-58.0,-66.0
1365,-58.0,-65.0
1366,-58.0,-64.0
1367,-59.0,-64.0
1368,-59.0,-63.0
1369,-59.0,-63.0
1370,-61.0,-63.0
1371,-61.0,-68.0
1372,-61.0,-68.0
1373,-57.0,-68.0
1374,-57.0,-69.0
1375,-57.0,-69.0
1376,-59.0,-69.0
1377,-59.0,-64.0
1378,-59.0,-64.0
1379,-61.0,-64.0
1380,-61.0,-64.0
1381,-61.0,-64.0
1382,-60.0,-64.0
1383,-60.0,-65.0
1384,-60.0,-65.0
1385,-60.0,-65.0
1386,-60.0,-68.0
1387,-60.0,-68.0
1388,-60.0,-68.0
1389,-60.0,-65.0
1390,-60.0,-65.0
1391,-57.0,-65.0
1392,-57.0,-63.0
1393,-57.0,-63.0
1394,-57.0,-63.0
1395,-57.0,-63.0
1396,-57.0,-63.0
1397,-57.0,-65.0
1398,-57.0,-65.0
1399,-57.0,-65.0
1400,-59.0,-69.0
1401,-59.0,-69.0
1402,-59.0,-69.0
1403,-57.0,-70.0
1404,-57.0,-70.0
1405,-57.0,-70.0
1406,-56.0,-70.0
1407,-56.0,-70.0
1408,-56.0,-70.0
1409,-60.0,-60.0
1410,-60.0,-60.0
1411,-59.5,-60.0
1412,-59.0,-62.0
1413,-59.0,-62.0
1414,-61.0,-62.0
1415,-61.0,-64.0
1416,-61.0,-64.0
1417,-58.0,-64.0
1418,-58.0,-64.0
1419,-59.5,-64.0
1420,-61.0,-64.0
1421,-63.0,-68.0
1422,-63.0,-68.0
1423,-60.0,-68.0
1424,-57.0,-70.0
1425,-57.0,-70.0
1426,-60.0,-70.0
1427,-60.0,-70.0
1428,-60.0,-70.0
1429,-62.0,-68.0
1430,-62.0,-68.0
1431,-61.0,-68.0
1432,-61.0,-67.0
1433,-61.0,-67.0
1434,-59.0,-67.0
1435,-59.0,-65.0
1436,-59.0,-65.0
1437,-57.0,-65.0
1438,-57.0,-64.0
1439,-57.0,-64.0
1440,-59.0,-64.0
1441,-59.0,-69.0
1442,-59.0,-69.0
1443,-60.0,-69.0
1444,-60.0,-65.0
1445,-60.0,-65.0
1446,-60.0,-65.0
1447,-60.0,-66.0
1448,-60.0,-66.0
1449,-51.0,-66.0
1450,-51.0,-70.0
1451,-51.0,-70.0
1452,-60.0,-70.0
1453,-60.0,-68.0
1454,-60.0,-68.0
1455,-59.0,-68.0
1456,-59.0,-70.0
1457,-59.0,-70.0
1458,-63.0,-70.0
1459,-63.0,-63.0
1460,-63.0,-63.0
1461,-62.0,-63.0
1462,-62.0,-63.0
1463,-62.0,-63.0
1464,-60.0,-63.0
1465,-60.0,-63.0
1466,-60.0,-61.0
1467,-59.0,-61.0
1468,-59.0,-61.0
1469,-59.0,-60.0
1470,-59.0,-60.0
1471,-59.0,-60.0
1472,-59.0,-62.0
1473,-59.0,-62.0
1474,-59.0,-62.0
1475,-59.0,-63.0
1476,-56.0,-63.0
1477,-56.0,-63.0
1478,-56.0,-59.0
1479,-59.0,-59.0
1480,-59.0,-59.0
1481,-59.0,-58.0
1482,-60.0,-58.0
1483,-60.0,-58.0
1484,-60.0,-58.0
1485,-61.0,-58.0
1486,-61.0,-58.0
1487,-61.0,-56.0
1488,-63.0,-56.0
1489,-63.0,-56.0
1490,-63.0,-57.0
1491,-64.0,-57.0
1492,-64.0,-57.0
1493,-64.0,-58.0
1494,-59.0,-58.0
1495,-59.0,-58.0
1496,-59.0,-58.0
1497,-61.0,-58.0
1498,-61.0,-58.0
1499,-61.0,-58.0
1500,-57.0,-58.0
1501,-57.0,-58.0
1502,-57.0,-58.0
1503,-57.0,-58.0
1504,-57.0,-58.0
1505,-57.0,-58.0
1506,-59.0,-67.0
1507,-59.0,-67.0
1508,-59.0,-67.0
1509,-60.0,-67.0
1510,-60.0,-67.0
1511,-60.0,-67.0
1512,-61.0,-67.0
1513,-61.0,-67.0
1514,-61.0,-67.0
1515,-58.0,-63.0
1516,-58.0,-63.0
1517,-58.0,-63.0
1518,-64.0,-62.0
1519,-64.0,-62.0
1520,-64.0,-62.0
1521,-64.0,-68.0
1522,-64.0,-68.0
1523,-64.0,-68.0
1524,-58.0,-67.0
1525,-58.0,-67.0
1526,-58.0,-67.0
1527,-61.0,-65.0
1528,-61.0,-69.5
1529,-61.0,-74.0
1530,-57.0,-74.0
1531,-57.0,-74.0
1532,-57.0,-74.0
1533,-59.0,-74.0
1534,-59.0,-68.0
1535,-59.0,-68.0
1536,-61.0,-68.0
1537,-61.0,-68.0
1538,-61.0,-68.0
1539,-66.0,-66.0
1540,-66.0,-66.0
1541,-66.0,-66.0
1542,-60.0,-70.0
1543,-60.0,-70.0
1544,-60.0,-70.0
1545,-59.0,-70.0
1546,-59.0,-70.5
1547,-59.0,-71.0
1548,-65.0,-71.0
1549,-65.0,-71.0
1550,-65.0,-71.0
1551,-64.0,-64.0
1552,-64.0,-64.5
1553,-64.0,-65.0
1554,-60.0,-66.0
1555,-60.0,-66.0
1556,-60.0,-66.0
1557,-65.0,-68.0
1558,-65.0,-68.0
1559,-65.0,-68.0
1560,-60.0,-68.0
1561,-60.0,-68.0
1562,-60.0,-68.0
1563,-60.0,-68.0
1564,-60.0,-70.0
1565,-60.0,-70.0
1566,-59.0,-70.0
1567,-59.0,-70.0
1568,-59.0,-70.0
1569,-56.0,-70.0
1570,-56.0,-68.0
1571,-56.0,-68.0
1572,-58.0,-68.0
1573,-58.0,-69.0
1574,-58.0,-69.0
1575,-60.0,-69.0
1576,-60.0,-67.0
1577,-60.0,-67.0
1578,-66.0,-67.0
1579,-66.0,-67.0
1580,-66.0,-67.0
1581,-65.0,-67.0
1582,-65.0,-66.0
1583,-65.0,-66.0
1584,-61.0,-66.0
1585,-61.0,-63.0
1586,-61.0,-63.0
1587,-64.0,-63.0
1588,-64.0,-64.0
1589,-64.0,-64.0
1590,-58.0,-64.0
1591,-58.0,-67.0
1592,-58.0,-67.0
1593,-58.0,-67.0
1594,-58.0,-68.0
1595,-58.0,-68.0
1596,-57.0,-68.0
1597,-57.0,-68.0
1598,-62.0,-68.0
1599,-62.0,-68.0
1600,-62.0,-68.0
1601,-61.0,-70.0
1602,-61.0,-70.0
1603,-61.0,-70.0
1604,-58.0,-70.0
1605,-58.0,-70.0
1606,-59.0,-70.0
1607,-59.0,-69.0
1608,-58.0,-69.0
1609,-58.0,-69.0
1610,-59.5,-61.0
1611,-61.0,-61.0
1612,-61.0,-61.0
1613,-65.0,-65.0
1614,-65.0,-65.0
1615,-65.0,-65.0
1616,-59.0,-68.0
1617,-59.0,-68.0
1618,-59.0,-68.0
1619,-59.0,-61.0
1620,-59.0,-61.0
1621,-59.0,-61.0
1622,-60.0,-60.0
1623,-60.0,-60.0
1624,-60.0,-60.0
1625,-66.0,-61.0
1626,-66.0,-61.0
1627,-66.0,-61.0
1628,-64.0,-58.0
1629,-64.0,-58.0
1630,-64.0,-58.0
1631,-63.0,-57.0
1632,-63.0,-57.0
1633,-63.0,-57.0
1634,-67.0,-57.0
1635,-67.0,-57.0
1636,-67.0,-57.0
1637,-60.0,-57.0
1638,-60.0,-57.0
1639,-60.0,-65.0
1640,-60.0,-65.0
1641,-60.0,-65.0
1642,-60.0,-67.0
1643,-56.0,-67.0
1644,-56.0,-67.0
1645,-56.0,-68.0
1646,-57.0,-68.0
1647,-57.0,-68.0
1648,-57.0,-66.0
1649,-56.0,-66.0
1650,-56.0,-66.0
1651,-56.0,-72.0
1652,-61.0,-72.0
1653,-61.0,-72.0
1654,-61.0,-72.0
1655,-65.0,-72.0
1656,-65.0,-72.0
1657,-65.0,-66.0
1658,-61.0,-66.0
1659,-61.0,-66.0
1660,-61.0,-61.0
1661,-63.0,-61.0
1662,-63.0,-61.0
1663,-63.0,-59.0
1664,-59.0,-59.0
1665,-59.0,-59.0
1666,-59.0,-58.0
1667,-62.0,-58.0
1668,-62.0,-58.0
1669,-62.0,-65.0
1670,-58.0,-65.0
1671,-58.0,-65.0
1672,-58.0,-65.0
1673,-61.0,-65.0
1674,-61.0,-65.0
1675,-61.0,-65.0
1676,-59.0,-65.0
1677,-59.0,-65.0
1678,-59.0,-65.0
1679,-58.0,-65.0
1680,-58.0,-65.0
1681,-58.0,-65.0
1682,-59.0,-65.0
1683,-59.0,-65.0
1684,-59.0,-65.0
1685,-64.0,-65.0
1686,-64.0,-63.0
1687,-64.0,-63.0
1688,-66.0,-63.0
1689,-66.0,-60.0
1690,-66.0,-60.0
1691,-65.0,-60.0
1692,-65.0,-60.0
1693,-65.0,-60.0
1694,-63.0,-60.0
1695,-63.0,-65.0
1696,-63.0,-65.0
1697,-57.0,-64.0
1698,-57.0,-63.0
1699,-57.0,-63.0
1700,-60.0,-62.0
1701,-60.0,-62.0
1702,-60.0,-62.0
1703,-62.0,-59.0
1704,-62.0,-59.0
1705,-62.0,-59.0
1706,-63.0,-59.0
1707,-63.0,-59.0
1708,-63.0,-59.0
1709,-60.0,-59.0
1710,-60.0,-59.0
1711,-60.0,-59.0
1712,-61.0,-55.0
1713,-61.0,-55.0
1714,-61.0,-55.0
1715,-63.0,-55.0
1716,-63.0,-55.0
1717,-63.0,-55.0
1718,-62.0,-55.0
1719,-62.0,-55.0
1720,-62.0,-55.0
1721,-58.0,-55.0
1722,-58.0,-55.0
1723,-58.0,-55.0
1724,-56.0,-55.0
1725,-56.0,-55.0
1726,-56.0,-55.0
1727,-54.0,-55.0
1728,-54.0,-55.0
1729,-54.0,-70.0
1730,-60.0,-70.0
1731,-60.0,-70.0
1732,-60.0,-69.0
1733,-56.0,-69.0
1734,-56.0,-69.0
1735,-56.0,-66.0
1736,-59.0,-66.0
1737,-59.0,-66.0
1738,-59.0,-66.0
1739,-57.0,-66.0
1740,-57.0,-66.0
1741,-57.0,-63.0
1742,-57.0,-63.0
1743,-57.0,-63.0
1744,-57.0,-59.0
1745,-59.0,-59.0
1746,-59.0,-59.0
1747,-59.0,-60.0
1748,-56.0,-60.0
1749,-56.0,-60.0
1750,-56.0,-64.0
1751,-60.0,-64.0
1752,-60.0,-64.0
1753,-60.0,-64.0
1754,-62.0,-64.0
1755,-62.0,-64.0
1756,-62.0,-65.0
1757,-63.0,-65.0
1758,-63.0,-65.0
1759,-63.0,-63.0
1760,-56.0,-63.0
1761,-56.0,-63.0
1762,-56.0,-63.0
1763,-56.0,-63.0
1764,-56.0,-63.0
1765,-56.0,-63.0
1766,-57.0,-63.0
1767,-57.0,-60.0
1768,-61.0,-60.0
1769,-61.0,-60.0
1770,-60.5,-65.0
1771,-60.0,-65.0
1772,-60.0,-65.0
1773,-59.0,-65.0
1774,-59.0,-65.0
1775,-59.0,-65.0
1776,-58.0,-64.0
1777,-58.0,-64.0
1778,-60.0,-64.0
1779,-60.0,-65.0
1780,-61.0,-65.0
1781,-61.0,-65.0
1782,-61.0,-62.0
1783,-62.0,-62.0
1784,-62.0,-62.0
1785,-62.0,-57.0
1786,-58.0,-57.0
1787,-58.0,-57.0
1788,-58.0,-56.0
1789,-62.0,-56.0
1790,-62.0,-56.0
1791,-62.0,-57.0
1792,-62.0,-57.0
1793,-62.0,-57.0
1794,-62.0,-61.0
1795,-61.0,-61.0
1796,-61.0,-61.0
1797,-61.0,-66.0
1798,-57.0,-66.0
1799,-57.0,-66.0
1800,-57.0,-66.0
1801,-56.0,-66.0
1802,-56.0,-65.0
1803,-56.0,-65.0
1804,-59.0,-65.0
1805,-59.0,-65.0
1806,-59.0,-65.0
1807,-58.0,-65.0
1808,-58.0,-65.0
1809,-58.0,-65.0
1810,-58.0,-65.0
1811,-58.0,-64.0
1812,-58.0,-64.0
1813,-60.0,-64.0
1814,-60.0,-60.0
1815,-60.0,-60.0
1816,-57.0,-60.0
1817,-57.0,-58.0
1818,-57.0,-58.0
1819,-58.0,-58.0
1820,-58.0,-60.0
1821,-58.0,-60.0
1822,-55.0,-60.0
1823,-55.0,-59.0
1824,-55.0,-59.0
1825,-57.0,-59.0
1826,-57.0,-66.0
1827,-57.0,-66.0
1828,-59.0,-66.0
1829,-59.0,-65.0
1830,-59.0,-65.0
1831,-58.0,-65.0
1832,-58.0,-67.0
1833,-58.0,-67.0
1834,-57.0,-68.0
1835,-57.0,-68.0
1836,-57.0,-68.0
1837,-57.0,-67.0
1838,-57.0,-67.0
1839,-57.0,-67.0
1840,-57.0,-65.0
1841,-57.0,-65.0
1842,-57.0,-65.0
1843,-58.0,-61.0
1844,-58.0,-61.0
1845,-58.0,-61.0
1846,-60.0,-59.0
1847,-60.0,-59.0
1848,-60.0,-59.0
1849,-62.0,-58.0
1850,-62.0,-58.0
1851,-62.0,-58.0
1852,-59.0,-59.0
1853,-59.0,-59.0
1854,-59.0,-59.0
1855,-60.0,-58.0
1856,-60.0,-58.0
1857,-60.0,-58.0
1858,-63.0,-60.0
1859,-63.0,-60.0
1860,-63.0,-60.0
1861,-65.0,-60.0
1862,-65.0,-60.0
1863,-65.0,-60.0
1864,-59.0,-59.0
1865,-59.0,-59.0
1866,-59.0,-59.0
1867,-59.0,-59.0
1868,-59.0,-59.0
1869,-59.0,-59.0
1870,-59.0,-59.0
1871,-59.0,-59.0
1872,-59.0,-59.0
1873,-62.0,-59.0
1874,-62.0,-59.0
1875,-62.0,-59.0
1876,-58.0,-59.0
1877,-58.0,-59.0
1878,-58.0,-61.0
1879,-59.0,-61.0
1880,-59.0,-61.0
1881,-59.0,-65.0
1882,-61.0,-65.0
1883,-61.0,-65.0
1884,-61.0,-68.0
1885,-61.0,-68.0
1886,-61.0,-68.0
1887,-61.0,-70.0
1888,-60.0,-70.0
1889,-60.0,-70.0
1890,-60.0,-68.0
1891,-61.0,-68.0
1892,-61.0,-68.0
1893,-61.0,-66.0
1894,-58.0,-66.0
1895,-58.0,-66.0
1896,-58.0,-67.0
1897,-59.0,-67.0
1898,-59.0,-67.0
1899,-59.0,-60.0
1900,-57.0,-60.0
1901,-57.0,-60.0
1902,-57.0,-67.0
1903,-62.0,-67.0
1904,-62.0,-67.0
1905,-62.0,-68.0
1906,-60.0,-68.0
1907,-60.0,-68.0
1908,-60.0,-68.0
1909,-56.0,-68.0
1910,-56.0,-68.0
1911,-56.0,-68.0
1912,-60.0,-68.0
1913,-60.0,-68.0
1914,-60.0,-65.0
1915,-60.0,-65.0
1916,-60.0,-65.0
1917,-60.0,-65.0
1918,-55.0,-65.0
1919,-55.0,-65.0
1920,-55.0,-65.0
1921,-57.0,-65.0
1922,-57.0,-65.0
1923,-57.0,-65.0
1924,-58.0,-65.0
1925,-58.0,-65.0
1926,-59.0,-62.0
1927,-60.0,-62.0
1928,-60.0,-62.0
1929,-57.0,-58.0
1930,-57.0,-58.0
1931,-57.0,-58.0
1932,-58.0,-55.0
1933,-58.0,-55.0
1934,-58.0,-55.0
1935,-58.0,-56.0
1936,-58.0,-56.0
1937,-58.0,-56.0
1938,-58.0,-60.0
1939,-58.0,-60.0
1940,-58.0,-60.0
1941,-58.0,-60.0
1942,-58.0,-60.0
1943,-58.0,-60.0
1944,-62.0,-58.0
1945,-59.5,-58.0
1946,-57.0,-58.0
1947,-57.0,-58.0
1948,-56.0,-58.0
1949,-56.0,-58.0
1950,-56.0,-58.0
1951,-61.0,-58.0
1952,-61.0,-58.0
1953,-61.0,-58.0
1954,-57.0,-58.0
1955,-57.0,-58.0
1956,-57.0,-58.0
1957,-56.0,-64.0
1958,-56.0,-64.0
1959,-56.0,-64.0
1960,-55.0,-61.0
1961,-55.0,-61.0
1962,-55.0,-61.0
1963,-57.0,-62.0
1964,-57.0,-62.0
1965,-57.0,-62.0
1966,-59.0,-62.0
1967,-59.0,-62.0
1968,-59.0,-62.0
1969,-60.0,-65.0
1970,-60.0,-65.0
1971,-60.0,-65.0
1972,-59.0,-65.0
1973,-59.0,-62.0
1974,-59.0,-62.0
1975,-57.0,-62.0
1976,-57.0,-67.0
1977,-57.0,-67.0
1978,-59.0,-67.0
1979,-59.0,-67.0
1980,-59.0,-67.0
1981,-57.0,-67.0
1982,-57.0,-62.0
1983,-57.0,-62.0
1984,-60.0,-62.0
1985,-60.0,-63.0
1986,-60.0,-63.0
1987,-57.0,-63.0
1988,-57.0,-61.0
1989,-57.0,-61.0
1990,-57.0,-61.0
1991,-57.0,-61.0
1992,-57.0,-61.0
1993,-55.0,-61.0
1994,-55.0,-60.0
1995,-55.0,-60.0
1996,-62.0,-60.0
1997,-62.0,-61.0
1998,-62.0,-61.0
1999,-57.0,-61.0
2000,-57.0,-59.0
2001,-57.0,-59.0
2002,-59.0,-59.0
2003,-59.0,-62.0
2004,-59.0,-62.0
2005,-56.0,-62.0
2006,-56.0,-58.0
2007,-56.0,-58.0
2008,-58.0,-58.0
2009,-58.0,-61.0
2010,-58.0,-61.0
2011,-62.0,-61.0
2012,-62.0,-61.0
2013,,-61.0
2014,,-61.0
2015,,-61.0
2016,,-61.0
2017,,-61.0
2018,,-63.0
2019,,-63.0
2020,,-63.0
2021,,-62.0
2022,,-62.0
2023,,-62.0
2024,,-61.0
2025,,-61.0
2026,,-61.0
2027,,-61.0
2028,,-61.0
2029,,-61.0
