IDX,LID,CI_1,CI_2,Lon,Lat,Time,Measure,[Mobile Info] IMEI,[General] Serving Network,[General] [GPS] Latitude,[General] [GPS] Longitude,[General] Band Classification (formal),[NR5G] [System] NR-ARFCN,[NR5G] [RF] PCI,[NR5G] [RF] RSRP,[NR5G] [Power] Tx power (PUSCH Actual),[NR5G] [PCC] [PDSCH] [MIMO] Num of Layer (Mode),[NR5G] [PCC] [Quality Report] RI (Rank Index) (Mode),[NR5G] [RF] SINR,[NR5G] [PCC] [PUSCH] [TB  RB] BLER,[NR5G] [PCC] [PUSCH] [Modulation] MCS (Avg),[General] [GPS] Accumulated Distance,[NR5G] [Quality Report] [CQI] WB CQI (Avg),[Call Test] [Throughput] Application DL TP,[Call Test] [Throughput] Application UL TP,[Call Test] [Voice Quality] [Per Rx Clip] MOS Value,[Packet Data] [SIP] Request Method,[Packet Data] [SIP] Status,[Packet Data] [SIP] 200 OK - Method,[Event] Voice Call Event,[Mobile Info] [Android] Latitude,[Mobile Info] [Android] Longitude
1,1,,,-122.3566850,47.1283233,2025-09-29 21:34:12.000,_20250929_143409_CH08_TMO_5G Auto_VoNR Coverage Test_REF4 Mobile_5G Auto VoNR Coverage Test.dml,,NR SA,47.128323,-122.356685,n71A,125290,587,-59.440000,,,Rank 1 (RI0),25.410000,,,0.000000,,,,,,,,,47.128324,-122.356660
2,1,,,-122.3566850,47.1283233,2025-09-29 21:34:13.000,_20250929_143409_CH08_TMO_5G Auto_VoNR Coverage Test_REF4 Mobile_5G Auto VoNR Coverage Test.dml,,NR SA,47.128323,-122.356685,n71A,125290,587,-60.340000,,,Rank 1 (RI0),24.550000,,,0.000000,,,,,,,,,47.128324,-122.356660
3,1,,,-122.3566850,47.1283233,2025-09-29 21:34:14.000,_20250929_143409_CH08_TMO_5G Auto_VoNR Coverage Test_REF4 Mobile_5G Auto VoNR Coverage Test.dml,,NR SA,47.128323,-122.356685,n71A,125290,587,-60.980000,11.800000,2,Rank 2 (RI1),23.940000,4.996766,16.285714,0.000000,13.200000,,,,,,,,47.128324,-122.356660
4,1,,,-122.3566850,47.1283233,2025-09-29 21:34:15.000,_20250929_143409_CH08_TMO_5G Auto_VoNR Coverage Test_REF4 Mobile_5G Auto VoNR Coverage Test.dml,,NR SA,47.128323,-122.356685,n71A,125290,587,-62.970000,18.000000,2,Rank 2 (RI1),23.070000,,23.000000,0.000000,13.000000,,,,,,,,47.128324,-122.356660
5,1,,,-122.3566850,47.1283233,2025-09-29 21:34:16.000,_20250929_143409_CH08_TMO_5G Auto_VoNR Coverage Test_REF4 Mobile_5G Auto VoNR Coverage Test.dml,,NR SA,47.128323,-122.356685,n71A,125290,587,-61.870000,,,Rank 1 (RI0),23.900000,,,0.000000,,,,,,,,,47.128324,-122.356660
6,1,,,-122.3566850,47.1283233,2025-09-29 21:34:17.000,_20250929_143409_CH08_TMO_5G Auto_VoNR Coverage Test_REF4 Mobile_5G Auto VoNR Coverage Test.dml,,NR SA,47.128323,-122.356685,n71A,125290,587,-60.820000,,,Rank 1 (RI0),23.920000,,,0.000000,,,,,,,,,47.128324,-122.356660
7,1,,,-122.3566850,47.1283233,2025-09-29 21:34:18.000,_20250929_143409_CH08_TMO_5G Auto_VoNR Coverage Test_REF4 Mobile_5G Auto VoNR Coverage Test.dml,,NR SA,47.128323,-122.356685,n71A,125290,587,-60.530000,,,Rank 1 (RI0),24.180000,,,0.000000,,,,,,,,,47.128323,-122.356660
8,1,,,-122.3566850,47.1283233,2025-09-29 21:34:19.000,_20250929_143409_CH08_TMO_5G Auto_VoNR Coverage Test_REF4 Mobile_5G Auto VoNR Coverage Test.dml,,NR SA,47.128323,-122.356685,n71A,125290,587,-60.240000,,,Rank 1 (RI0),24.490000,,,0.000000,,,,,,,,,47.128323,-122.356660
9,1,,,-122.3566850,47.1283233,2025-09-29 21:34:20.000,_20250929_143409_CH08_TMO_5G Auto_VoNR Coverage Test_REF4 Mobile_5G Auto VoNR Coverage Test.dml,,NR SA,47.128323,-122.356685,n71A,125290,587,-60.270000,17.000000,1,Rank 1 (RI0),24.780000,,0.000000,0.000000,11.000000,,,,,,,,47.128323,-122.356660
10,1,,,-122.3566850,47.1283233,2025-09-29 21:34:21.000,_20250929_143409_CH08_TMO_5G Auto_VoNR Coverage Test_REF4 Mobile_5G Auto VoNR Coverage Test.dml,,NR SA,47.128323,-122.356685,n71A,125290,587,-63.140000,,,,21.150000,,,0.000000,,,,,,,,,47.128323,-122.356660
11,1,,,-122.3566850,47.1283233,2025-09-29 21:34:22.523,_20250929_143409_CH08_TMO_5G Auto_VoNR Coverage Test_REF4 Mobile_5G Auto VoNR Coverage Test.dml,,,,,,,,,,,,,,,,,,,,,,,[Tool] Voice - Call Scheduling Start(Orig),,
12,1,,,-122.3566850,47.1283233,2025-09-29 21:34:22.523,_20250929_143409_CH08_TMO_5G Auto_VoNR Coverage Test_REF4 Mobile_5G Auto VoNR Coverage Test.dml,,,,,,,,,,,,,,,,,,,,,,,[UE]   Voice - Orig Success,,
13,1,,,-122.3566850,47.1283233,2025-09-29 21:34:22.539,_20250929_143409_CH08_TMO_5G Auto_VoNR Coverage Test_REF4 Mobile_5G Auto VoNR Coverage Test.dml,,,,,,,,,,,,,,,,,,,,,,,[Tool] Voice - Orig Request,,
14,1,,,-122.3566850,47.1283233,2025-09-29 21:34:22.000,_20250929_143409_CH08_TMO_5G Auto_VoNR Coverage Test_REF4 Mobile_5G Auto VoNR Coverage Test.dml,,NR SA,47.128323,-122.356685,,,,,,,Rank 1 (RI0),,,,0.000000,,,,,,,,,47.128323,-122.356660
15,1,,,-122.3566850,47.1283233,2025-09-29 21:34:22.351,_20250929_143409_CH08_TMO_5G Auto_VoNR Coverage Test_REF4 Mobile_5G Auto VoNR Coverage Test.dml,,,,,,,,,,,,,,,,,,,,INVITE,,,,,
16,1,,,-122.3566850,47.1283233,2025-09-29 21:34:23.000,_20250929_143409_CH08_TMO_5G Auto_VoNR Coverage Test_REF4 Mobile_5G Auto VoNR Coverage Test.dml,,NR SA,47.128323,-122.356685,n71A,125290,587,-63.480000,-1.200000,1,Rank 1 (RI0),21.550000,2.230621,12.659574,0.000000,10.500000,,,,,,,,47.128323,-122.356660
17,1,,,-122.3566850,47.1283233,2025-09-29 21:34:23.454,_20250929_143409_CH08_TMO_5G Auto_VoNR Coverage Test_REF4 Mobile_5G Auto VoNR Coverage Test.dml,,,,,,,,,,,,,,,,,,,,,200 OK,,,,
18,1,,,-122.3566850,47.1283233,2025-09-29 21:34:24.225,_20250929_143409_CH08_TMO_5G Auto_VoNR Coverage Test_REF4 Mobile_5G Auto VoNR Coverage Test.dml,,,,,,,,,,,,,,,,,,,,,,,[UE]   Voice - Setup Success,,
19,1,,,-122.3566850,47.1283233,2025-09-29 21:34:24.000,_20250929_143409_CH08_TMO_5G Auto_VoNR Coverage Test_REF4 Mobile_5G Auto VoNR Coverage Test.dml,,NR SA,47.128323,-122.356685,n71A,125290,587,-63.820000,10.500000,2,Rank 2 (RI1),22.450000,0.636031,17.398907,0.000000,12.100000,,,,,,,,47.128323,-122.356660
20,1,,,-122.3566850,47.1283233,2025-09-29 21:34:25.000,_20250929_143409_CH08_TMO_5G Auto_VoNR Coverage Test_REF4 Mobile_5G Auto VoNR Coverage Test.dml,,NR SA,47.128323,-122.356685,n71A,125290,587,-63.860000,7.600000,2,Rank 2 (RI1),22.730000,0.369929,16.987842,0.000000,10.800000,10.485,10.485,,,,,,47.128323,-122.356660
21,1,,,-122.3566850,47.1283233,2025-09-29 21:34:26.000,_20250929_143409_CH08_TMO_5G Auto_VoNR Coverage Test_REF4 Mobile_5G Auto VoNR Coverage Test.dml,,NR SA,47.128323,-122.356685,n71A,125290,587,-63.850000,13.900000,2,Rank 2 (RI1),22.810000,0.301974,16.398281,0.000000,10.200000,9.437,10.485,,,,,,47.128323,-122.356660
22,1,,,-122.3566850,47.1283233,2025-09-29 21:34:27.000,_20250929_143409_CH08_TMO_5G Auto_VoNR Coverage Test_REF4 Mobile_5G Auto VoNR Coverage Test.dml,,NR SA,47.128323,-122.356685,n71A,125290,587,-63.680000,13.100000,2,Rank 2 (RI1),22.770000,0.154809,15.930693,0.000000,9.100000,10.485,9.437,,,,,,47.128323,-122.356660
23,1,,,-122.3566850,47.1283233,2025-09-29 21:34:28.000,_20250929_143409_CH08_TMO_5G Auto_VoNR Coverage Test_REF4 Mobile_5G Auto VoNR Coverage Test.dml,,NR SA,47.128323,-122.356685,n71A,125290,587,-63.180000,7.100000,2,Rank 2 (RI1),22.980000,0.137331,17.491477,0.000000,9.500000,10.485,10.485,,,,,,47.128323,-122.356660
24,1,,,-122.3566850,47.1283233,2025-09-29 21:34:29.000,_20250929_143409_CH08_TMO_5G Auto_VoNR Coverage Test_REF4 Mobile_5G Auto VoNR Coverage Test.dml,,NR SA,47.128323,-122.356685,n71A,125290,587,-62.890000,17.400000,2,Rank 2 (RI1),22.780000,0.148939,17.091691,0.000000,11.700000,9.437,9.437,,,,,,47.128323,-122.356660
25,1,,,-122.3566850,47.1283233,2025-09-29 21:34:30.000,_20250929_143409_CH08_TMO_5G Auto_VoNR Coverage Test_REF4 Mobile_5G Auto VoNR Coverage Test.dml,,NR SA,47.128323,-122.356685,n71A,125290,587,-62.660000,6.100000,2,Rank 2 (RI1),23.580000,1.278679,15.838196,0.000000,11.900000,10.485,10.485,,,,,,47.128323,-122.356660
26,1,,,-122.3566850,47.1283233,2025-09-29 21:34:31.000,_20250929_143409_CH08_TMO_5G Auto_VoNR Coverage Test_REF4 Mobile_5G Auto VoNR Coverage Test.dml,,NR SA,47.128323,-122.356685,n71A,125290,587,-61.940000,6.600000,2,Rank 2 (RI1),23.980000,0.903670,15.239482,0.000000,10.800000,9.437,9.437,,,,,,47.128323,-122.356660
27,1,,,-122.3566850,47.1283233,2025-09-29 21:34:32.000,_20250929_143409_CH08_TMO_5G Auto_VoNR Coverage Test_REF4 Mobile_5G Auto VoNR Coverage Test.dml,,NR SA,47.128323,-122.356685,n71A,125290,587,-61.620000,14.700000,2,Rank 2 (RI1),23.840000,0.073885,17.368580,0.000000,10.500000,10.485,10.485,,,,,,47.128323,-122.356660
28,1,,,-122.3566850,47.1283233,2025-09-29 21:34:33.000,_20250929_143409_CH08_TMO_5G Auto_VoNR Coverage Test_REF4 Mobile_5G Auto VoNR Coverage Test.dml,,NR SA,47.128323,-122.356685,n71A,125290,587,-62.500000,9.600000,2,Rank 2 (RI1),22.740000,0.311005,15.972222,0.000000,10.800000,9.437,9.437,,,,,,47.128323,-122.356660
29,1,,,-122.3566850,47.1283233,2025-09-29 21:34:34.000,_20250929_143409_CH08_TMO_5G Auto_VoNR Coverage Test_REF4 Mobile_5G Auto VoNR Coverage Test.dml,,NR SA,47.128323,-122.356685,n71A,125290,587,-62.280000,16.800000,2,Rank 2 (RI1),23.700000,1.496069,17.702797,0.000000,9.300000,10.485,10.485,,,,,,47.128323,-122.356660
30,1,,,-122.3566850,47.1283233,2025-09-29 21:34:35.000,_20250929_143409_CH08_TMO_5G Auto_VoNR Coverage Test_REF4 Mobile_5G Auto VoNR Coverage Test.dml,,NR SA,47.128323,-122.356685,n71A,125290,587,-61.880000,12.000000,2,Rank 2 (RI1),24.700000,7.148525,16.204225,0.000000,11.300000,9.437,9.437,,,,,,47.128323,-122.356660
31,1,,,-122.3566850,47.1283233,2025-09-29 21:34:36.000,_20250929_143409_CH08_TMO_5G Auto_VoNR Coverage Test_REF4 Mobile_5G Auto VoNR Coverage Test.dml,,NR SA,47.128323,-122.356685,n71A,125290,587,-61.960000,14.300000,2,Rank 2 (RI1),24.680000,2.821859,14.247024,0.000000,11.300000,10.485,10.485,,,,,,47.128323,-122.356660
32,1,,,-122.3566850,47.1283233,2025-09-29 21:34:37.000,_20250929_143409_CH08_TMO_5G Auto_VoNR Coverage Test_REF4 Mobile_5G Auto VoNR Coverage Test.dml,,NR SA,47.128323,-122.356685,n71A,125290,587,-62.090000,14.800000,2,Rank 2 (RI1),23.680000,0.048863,17.827004,0.000000,9.900000,9.437,9.437,,,,,,47.128323,-122.356660
33,1,,,-122.3566850,47.1283233,2025-09-29 21:34:38.000,_20250929_143409_CH08_TMO_5G Auto_VoNR Coverage Test_REF4 Mobile_5G Auto VoNR Coverage Test.dml,,NR SA,47.128323,-122.356685,n71A,125290,587,-62.210000,13.900000,2,Rank 2 (RI1),23.430000,2.806723,15.923875,0.000000,10.700000,10.485,10.485,,,,,,47.128323,-122.356660
34,1,,,-122.3566850,47.1283233,2025-09-29 21:34:39.000,_20250929_143409_CH08_TMO_5G Auto_VoNR Coverage Test_REF4 Mobile_5G Auto VoNR Coverage Test.dml,,NR SA,47.128323,-122.356685,n71A,125290,587,-62.290000,15.700000,2,Rank 2 (RI1),24.450000,1.742087,14.915541,0.000000,10.400000,9.437,10.485,,,,,,47.128323,-122.356660
35,1,,,-122.3566850,47.1283233,2025-09-29 21:34:39.898,_20250929_143409_CH08_TMO_5G Auto_VoNR Coverage Test_REF4 Mobile_5G Auto VoNR Coverage Test.dml,,,,,,,,,,,,,,,,,,,4.278566,,,,,,
36,1,,,-122.3566850,47.1283233,2025-09-29 21:34:40.000,_20250929_143409_CH08_TMO_5G Auto_VoNR Coverage Test_REF4 Mobile_5G Auto VoNR Coverage Test.dml,,NR SA,47.128323,-122.356685,n71A,125290,587,-62.490000,15.700000,2,Rank 2 (RI1),24.800000,2.821512,17.554487,0.000000,11.800000,10.485,9.437,,,,,,47.128323,-122.356660
37,1,,,-122.3566850,47.1283233,2025-09-29 21:34:41.000,_20250929_143409_CH08_TMO_5G Auto_VoNR Coverage Test_REF4 Mobile_5G Auto VoNR Coverage Test.dml,,NR SA,47.128323,-122.356685,n71A,125290,587,-62.440000,4.700000,2,Rank 2 (RI1),24.170000,0.668319,16.339695,0.000000,11.900000,9.437,10.485,,,,,,47.128323,-122.356660
38,1,,,-122.3566850,47.1283233,2025-09-29 21:34:42.000,_20250929_143409_CH08_TMO_5G Auto_VoNR Coverage Test_REF4 Mobile_5G Auto VoNR Coverage Test.dml,,NR SA,47.128323,-122.356685,n71A,125290,587,-62.190000,9.800000,2,Rank 2 (RI1),25.180000,0.337773,17.372951,0.000000,11.200000,10.485,9.437,,,,,,47.128323,-122.356660
39,1,,,-122.3566850,47.1283233,2025-09-29 21:34:43.000,_20250929_143409_CH08_TMO_5G Auto_VoNR Coverage Test_REF4 Mobile_5G Auto VoNR Coverage Test.dml,,NR SA,47.128323,-122.356685,n71A,125290,587,-61.950000,12.700000,2,Rank 2 (RI1),25.840000,0.502115,17.000000,0.000000,11.900000,10.485,10.485,,,,,,47.128323,-122.356660
40,1,,,-122.3566850,47.1283233,2025-09-29 21:34:44.000,_20250929_143409_CH08_TMO_5G Auto_VoNR Coverage Test_REF4 Mobile_5G Auto VoNR Coverage Test.dml,,NR SA,47.128323,-122.356685,n71A,125290,587,-61.440000,4.500000,2,Rank 2 (RI1),26.130000,1.664405,16.652921,0.000000,11.300000,9.437,9.437,,,,,,47.128323,-122.356660
41,1,,,-122.3566850,47.1283233,2025-09-29 21:34:45.000,_20250929_143409_CH08_TMO_5G Auto_VoNR Coverage Test_REF4 Mobile_5G Auto VoNR Coverage Test.dml,,NR SA,47.128323,-122.356685,n71A,125290,587,-61.730000,16.600000,2,Rank 2 (RI1),25.700000,1.345833,17.541935,0.000000,11.700000,10.485,10.485,,,,,,47.128323,-122.356660
42,1,,,-122.3566850,47.1283233,2025-09-29 21:34:46.000,_20250929_143409_CH08_TMO_5G Auto_VoNR Coverage Test_REF4 Mobile_5G Auto VoNR Coverage Test.dml,,NR SA,47.128323,-122.356685,n71A,125290,587,-61.880000,12.200000,2,Rank 2 (RI1),25.560000,0.042396,16.341176,0.000000,11.700000,9.437,9.437,,,,,,47.128323,-122.356660
43,1,,,-122.3566850,47.1283233,2025-09-29 21:34:47.000,_20250929_143409_CH08_TMO_5G Auto_VoNR Coverage Test_REF4 Mobile_5G Auto VoNR Coverage Test.dml,,NR SA,47.128323,-122.356685,n71A,125290,587,-62.080000,8.000000,2,Rank 2 (RI1),25.530000,0.993841,17.876761,0.000000,9.900000,10.485,10.485,,,,,,47.128323,-122.356660
44,1,,,-122.3566850,47.1283233,2025-09-29 21:34:48.000,_20250929_143409_CH08_TMO_5G Auto_VoNR Coverage Test_REF4 Mobile_5G Auto VoNR Coverage Test.dml,,NR SA,47.128323,-122.356685,n71A,125290,587,-62.240000,11.300000,2,Rank 2 (RI1),25.960000,1.783547,18.390152,0.000000,11.100000,9.437,9.437,,,,,,47.128323,-122.356660
45,1,,,-122.3566850,47.1283233,2025-09-29 21:34:49.000,_20250929_143409_CH08_TMO_5G Auto_VoNR Coverage Test_REF4 Mobile_5G Auto VoNR Coverage Test.dml,,NR SA,47.128323,-122.356685,n71A,125290,587,-62.380000,11.000000,2,Rank 2 (RI1),26.220000,0.322971,17.489865,0.000000,11.700000,10.485,10.485,,,,,,47.128323,-122.356660
46,1,,,-122.3566850,47.1283233,2025-09-29 21:34:50.000,_20250929_143409_CH08_TMO_5G Auto_VoNR Coverage Test_REF4 Mobile_5G Auto VoNR Coverage Test.dml,,NR SA,47.128323,-122.356685,n71A,125290,587,-62.830000,14.200000,2,Rank 2 (RI1),25.150000,1.121207,17.554113,0.000000,10.700000,9.437,9.437,,,,,,47.128323,-122.356660
47,1,,,-122.3566850,47.1283233,2025-09-29 21:34:51.000,_20250929_143409_CH08_TMO_5G Auto_VoNR Coverage Test_REF4 Mobile_5G Auto VoNR Coverage Test.dml,,NR SA,47.128323,-122.356685,n71A,125290,587,-62.870000,15.700000,2,Rank 2 (RI1),25.250000,2.766935,18.085409,0.000000,11.000000,9.437,10.485,,,,,,47.128323,-122.356660
48,1,,,-122.3566850,47.1283233,2025-09-29 21:34:52.000,_20250929_143409_CH08_TMO_5G Auto_VoNR Coverage Test_REF4 Mobile_5G Auto VoNR Coverage Test.dml,,NR SA,47.128323,-122.356685,n71A,125290,587,-62.790000,12.800000,2,Rank 2 (RI1),25.810000,3.946883,17.609375,0.000000,11.800000,10.485,10.485,,,,,,47.128323,-122.356660
49,1,,,-122.3566850,47.1283233,2025-09-29 21:34:53.000,_20250929_143409_CH08_TMO_5G Auto_VoNR Coverage Test_REF4 Mobile_5G Auto VoNR Coverage Test.dml,,NR SA,47.128323,-122.356685,n71A,125290,587,-62.630000,10.000000,2,Rank 2 (RI1),25.650000,1.877519,16.393750,0.000000,11.800000,10.485,9.437,,,,,,47.128323,-122.356660
50,1,,,-122.3566850,47.1283233,2025-09-29 21:34:54.000,_20250929_143409_CH08_TMO_5G Auto_VoNR Coverage Test_REF4 Mobile_5G Auto VoNR Coverage Test.dml,,NR SA,47.128323,-122.356685,n71A,125290,587,-62.450000,15.900000,2,Rank 2 (RI1),25.800000,1.640470,17.225806,0.000000,10.700000,9.437,10.485,,,,,,47.128323,-122.356660
51,1,,,-122.3566850,47.1283233,2025-09-29 21:34:55.000,_20250929_143409_CH08_TMO_5G Auto_VoNR Coverage Test_REF4 Mobile_5G Auto VoNR Coverage Test.dml,,NR SA,47.128323,-122.356685,n71A,125290,587,-62.340000,12.100000,2,Rank 2 (RI1),26.030000,6.058221,17.566434,0.000000,10.800000,10.485,9.437,,,,,,47.128323,-122.356660
52,1,,,-122.3566850,47.1283233,2025-09-29 21:34:56.000,_20250929_143409_CH08_TMO_5G Auto_VoNR Coverage Test_REF4 Mobile_5G Auto VoNR Coverage Test.dml,,NR SA,47.128323,-122.356685,n71A,125290,587,-62.280000,15.300000,2,Rank 2 (RI1),25.700000,2.130222,17.849593,0.000000,11.500000,9.437,10.485,,,,,,47.128323,-122.356660
53,1,,,-122.3566850,47.1283233,2025-09-29 21:34:57.000,_20250929_143409_CH08_TMO_5G Auto_VoNR Coverage Test_REF4 Mobile_5G Auto VoNR Coverage Test.dml,,NR SA,47.128323,-122.356685,n71A,125290,587,-62.470000,10.600000,2,Rank 2 (RI1),25.540000,3.427679,15.409496,0.000000,11.800000,10.485,9.437,,,,,,47.128323,-122.356660
54,1,,,-122.3566850,47.1283233,2025-09-29 21:34:58.000,_20250929_143409_CH08_TMO_5G Auto_VoNR Coverage Test_REF4 Mobile_5G Auto VoNR Coverage Test.dml,,NR SA,47.128323,-122.356685,n71A,125290,587,-62.710000,12.600000,2,Rank 2 (RI1),24.830000,1.889236,16.003333,0.000000,11.100000,9.437,10.485,,,,,,47.128323,-122.356660
55,1,,,-122.3566850,47.1283233,2025-09-29 21:34:59.000,_20250929_143409_CH08_TMO_5G Auto_VoNR Coverage Test_REF4 Mobile_5G Auto VoNR Coverage Test.dml,,NR SA,47.128323,-122.356685,n71A,125290,587,-62.710000,14.000000,2,Rank 2 (RI1),25.250000,3.625226,18.639485,0.000000,11.400000,10.485,9.437,,,,,,47.128323,-122.356660
56,1,,,-122.3566850,47.1283233,2025-09-29 21:34:59.975,_20250929_143409_CH08_TMO_5G Auto_VoNR Coverage Test_REF4 Mobile_5G Auto VoNR Coverage Test.dml,,,,,,,,,,,,,,,,,,,4.327622,,,,,,
57,1,,,-122.3566850,47.1283233,2025-09-29 21:35:00.000,_20250929_143409_CH08_TMO_5G Auto_VoNR Coverage Test_REF4 Mobile_5G Auto VoNR Coverage Test.dml,,NR SA,47.128323,-122.356685,n71A,125290,587,-62.720000,16.900000,2,Rank 2 (RI1),24.950000,1.840178,16.511254,0.000000,12.000000,10.485,10.485,,,,,,47.128323,-122.356660
58,1,,,-122.3566850,47.1283233,2025-09-29 21:35:01.000,_20250929_143409_CH08_TMO_5G Auto_VoNR Coverage Test_REF4 Mobile_5G Auto VoNR Coverage Test.dml,,NR SA,47.128323,-122.356685,n71A,125290,587,-62.900000,9.800000,2,Rank 2 (RI1),25.000000,0.078262,16.915058,0.000000,12.000000,9.437,9.437,,,,,,47.128323,-122.356660
59,1,,,-122.3566850,47.1283233,2025-09-29 21:35:02.000,_20250929_143409_CH08_TMO_5G Auto_VoNR Coverage Test_REF4 Mobile_5G Auto VoNR Coverage Test.dml,,NR SA,47.128323,-122.356685,n71A,125290,587,-62.470000,7.300000,2,Rank 2 (RI1),25.490000,0.721269,17.770968,0.000000,11.900000,10.485,10.485,,,,,,47.128323,-122.356660
60,1,,,-122.3566850,47.1283233,2025-09-29 21:35:03.000,_20250929_143409_CH08_TMO_5G Auto_VoNR Coverage Test_REF4 Mobile_5G Auto VoNR Coverage Test.dml,,NR SA,47.128323,-122.356685,n71A,125290,587,-62.370000,7.700000,2,Rank 2 (RI1),25.120000,2.530028,16.169231,0.000000,12.000000,9.437,9.437,,,,,,47.128323,-122.356660
61,1,,,-122.3566850,47.1283233,2025-09-29 21:35:04.000,_20250929_143409_CH08_TMO_5G Auto_VoNR Coverage Test_REF4 Mobile_5G Auto VoNR Coverage Test.dml,,NR SA,47.128323,-122.356685,n71A,125290,587,-62.470000,15.600000,2,Rank 2 (RI1),25.310000,0.232009,16.845395,0.000000,12.000000,10.485,10.485,,,,,,47.128323,-122.356660
62,1,,,-122.3566850,47.1283233,2025-09-29 21:35:05.000,_20250929_143409_CH08_TMO_5G Auto_VoNR Coverage Test_REF4 Mobile_5G Auto VoNR Coverage Test.dml,,NR SA,47.128323,-122.356685,n71A,125290,587,-62.700000,5.900000,2,Rank 2 (RI1),24.960000,1.998538,16.225191,0.000000,11.800000,9.437,10.485,,,,,,47.128323,-122.356660
63,1,,,-122.3566850,47.1283233,2025-09-29 21:35:06.000,_20250929_143409_CH08_TMO_5G Auto_VoNR Coverage Test_REF4 Mobile_5G Auto VoNR Coverage Test.dml,,NR SA,47.128323,-122.356685,n71A,125290,587,-62.720000,10.100000,2,Rank 2 (RI1),25.060000,0.384276,16.326007,0.000000,11.000000,10.485,9.437,,,,,,47.128323,-122.356660
64,1,,,-122.3566850,47.1283233,2025-09-29 21:35:07.000,_20250929_143409_CH08_TMO_5G Auto_VoNR Coverage Test_REF4 Mobile_5G Auto VoNR Coverage Test.dml,,NR SA,47.128323,-122.356685,n71A,125290,587,-63.000000,13.500000,2,Rank 2 (RI1),24.880000,1.453934,17.274074,0.000000,10.400000,9.437,10.485,,,,,,47.128323,-122.356660
65,1,,,-122.3566850,47.1283233,2025-09-29 21:35:08.000,_20250929_143409_CH08_TMO_5G Auto_VoNR Coverage Test_REF4 Mobile_5G Auto VoNR Coverage Test.dml,,NR SA,47.128323,-122.356685,n71A,125290,587,-63.100000,14.100000,2,Rank 2 (RI1),24.150000,1.780013,16.131579,0.000000,10.900000,10.485,9.437,,,,,,47.128323,-122.356660
66,1,,,-122.3566850,47.1283233,2025-09-29 21:35:09.000,_20250929_143409_CH08_TMO_5G Auto_VoNR Coverage Test_REF4 Mobile_5G Auto VoNR Coverage Test.dml,,NR SA,47.128323,-122.356685,n71A,125290,587,-62.910000,16.200000,2,Rank 2 (RI1),24.220000,2.756965,17.806950,0.000000,11.700000,9.437,10.485,,,,,,47.128323,-122.356660
67,1,,,-122.3566850,47.1283233,2025-09-29 21:35:10.000,_20250929_143409_CH08_TMO_5G Auto_VoNR Coverage Test_REF4 Mobile_5G Auto VoNR Coverage Test.dml,,NR SA,47.128323,-122.356685,n71A,125290,587,-62.870000,11.400000,2,Rank 2 (RI1),24.170000,0.672123,16.977199,0.000000,10.400000,10.485,9.437,,,,,,47.128323,-122.356660
68,1,,,-122.3566850,47.1283233,2025-09-29 21:35:11.000,_20250929_143409_CH08_TMO_5G Auto_VoNR Coverage Test_REF4 Mobile_5G Auto VoNR Coverage Test.dml,,NR SA,47.128323,-122.356685,n71A,125290,587,-63.140000,16.300000,2,Rank 2 (RI1),24.470000,2.461955,18.175373,0.000000,9.800000,9.437,10.485,,,,,,47.128323,-122.356660
69,1,,,-122.3566850,47.1283233,2025-09-29 21:35:12.000,_20250929_143409_CH08_TMO_5G Auto_VoNR Coverage Test_REF4 Mobile_5G Auto VoNR Coverage Test.dml,,NR SA,47.128323,-122.356685,n71A,125290,587,-62.750000,12.300000,2,Rank 2 (RI1),24.980000,4.261776,16.895973,0.000000,11.400000,10.485,9.437,,,,,,47.128323,-122.356660
70,1,,,-122.3566850,47.1283233,2025-09-29 21:35:13.000,_20250929_143409_CH08_TMO_5G Auto_VoNR Coverage Test_REF4 Mobile_5G Auto VoNR Coverage Test.dml,,NR SA,47.128323,-122.356685,n71A,125290,587,-63.020000,13.900000,2,Rank 2 (RI1),24.190000,2.492682,16.921429,0.000000,11.400000,10.485,10.485,,,,,,47.128323,-122.356660
71,1,,,-122.3566850,47.1283233,2025-09-29 21:35:14.000,_20250929_143409_CH08_TMO_5G Auto_VoNR Coverage Test_REF4 Mobile_5G Auto VoNR Coverage Test.dml,,NR SA,47.128323,-122.356685,n71A,125290,587,-63.050000,10.800000,2,Rank 2 (RI1),26.010000,7.495260,17.298507,0.000000,10.800000,9.437,9.437,,,,,,47.128323,-122.356660
72,1,,,-122.3566850,47.1283233,2025-09-29 21:35:15.000,_20250929_143409_CH08_TMO_5G Auto_VoNR Coverage Test_REF4 Mobile_5G Auto VoNR Coverage Test.dml,,NR SA,47.128323,-122.356685,n71A,125290,587,-62.610000,12.200000,2,Rank 2 (RI1),27.160000,4.416328,18.036789,0.000000,10.600000,10.485,10.485,,,,,,47.128323,-122.356660
73,1,,,-122.3566850,47.1283233,2025-09-29 21:35:16.000,_20250929_143409_CH08_TMO_5G Auto_VoNR Coverage Test_REF4 Mobile_5G Auto VoNR Coverage Test.dml,,NR SA,47.128323,-122.356685,n71A,125290,587,-62.990000,11.900000,2,Rank 2 (RI1),26.140000,6.674284,16.232143,0.000000,10.000000,9.437,9.437,,,,,,47.128323,-122.356660
74,1,,,-122.3566850,47.1283233,2025-09-29 21:35:17.000,_20250929_143409_CH08_TMO_5G Auto_VoNR Coverage Test_REF4 Mobile_5G Auto VoNR Coverage Test.dml,,NR SA,47.128323,-122.356685,n71A,125290,587,-63.410000,11.000000,2,Rank 2 (RI1),26.310000,1.839500,18.230496,0.000000,11.000000,10.485,10.485,,,,,,47.128323,-122.356660
75,1,,,-122.3566850,47.1283233,2025-09-29 21:35:18.000,_20250929_143409_CH08_TMO_5G Auto_VoNR Coverage Test_REF4 Mobile_5G Auto VoNR Coverage Test.dml,,NR SA,47.128323,-122.356685,n71A,125290,587,-63.680000,10.500000,2,Rank 2 (RI1),25.250000,4.400199,16.707904,0.000000,10.800000,9.437,9.437,,,,,,47.128323,-122.356660
76,1,,,-122.3566850,47.1283233,2025-09-29 21:35:19.000,_20250929_143409_CH08_TMO_5G Auto_VoNR Coverage Test_REF4 Mobile_5G Auto VoNR Coverage Test.dml,,NR SA,47.128323,-122.356685,n71A,125290,587,-64.290000,15.700000,1,Rank 2 (RI1),24.640000,0.300813,17.839721,0.000000,11.100000,10.485,10.485,,,,,,47.128323,-122.356660
77,1,,,-122.3566850,47.1283233,2025-09-29 21:35:19.929,_20250929_143409_CH08_TMO_5G Auto_VoNR Coverage Test_REF4 Mobile_5G Auto VoNR Coverage Test.dml,,,,,,,,,,,,,,,,,,,4.209678,,,,,,
78,1,,,-122.3566850,47.1283233,2025-09-29 21:35:20.000,_20250929_143409_CH08_TMO_5G Auto_VoNR Coverage Test_REF4 Mobile_5G Auto VoNR Coverage Test.dml,,NR SA,47.128323,-122.356685,n71A,125290,587,-65.360000,15.200000,2,Rank 2 (RI1),24.320000,1.767490,18.384615,0.000000,11.100000,9.437,10.485,,,,,,47.128322,-122.356660
79,1,,,-122.3566850,47.1283233,2025-09-29 21:35:21.000,_20250929_143409_CH08_TMO_5G Auto_VoNR Coverage Test_REF4 Mobile_5G Auto VoNR Coverage Test.dml,,NR SA,47.128323,-122.356685,n71A,125290,587,-66.630000,10.300000,2,Rank 2 (RI1),22.900000,4.289264,16.441077,0.000000,11.200000,10.485,9.437,,,,,,47.128322,-122.356663
80,1,,,-122.3566850,47.1283233,2025-09-29 21:35:22.000,_20250929_143409_CH08_TMO_5G Auto_VoNR Coverage Test_REF4 Mobile_5G Auto VoNR Coverage Test.dml,,NR SA,47.128323,-122.356685,n71A,125290,587,-65.480000,6.300000,1,Rank 2 (RI1),23.460000,0.237522,17.117241,0.000000,11.800000,10.485,10.485,,,,,,47.128319,-122.356675
81,1,,,-122.3566850,47.1283233,2025-09-29 21:35:23.000,_20250929_143409_CH08_TMO_5G Auto_VoNR Coverage Test_REF4 Mobile_5G Auto VoNR Coverage Test.dml,,NR SA,47.128323,-122.356685,n71A,125290,587,-68.300000,7.700000,1,Rank 1 (RI0),19.650000,2.729991,16.763889,0.000000,11.800000,9.437,9.437,,,,,,47.128308,-122.356702
82,1,,,-122.3566850,47.1283233,2025-09-29 21:35:24.000,_20250929_143409_CH08_TMO_5G Auto_VoNR Coverage Test_REF4 Mobile_5G Auto VoNR Coverage Test.dml,,NR SA,47.128323,-122.356685,n71A,125290,587,-67.510000,11.300000,2,Rank 2 (RI1),20.420000,0.095295,16.768293,0.000000,10.500000,10.485,10.485,,,,,,47.128298,-122.356716
83,1,,,-122.3566950,47.1283517,2025-09-29 21:35:25.000,_20250929_143409_CH08_TMO_5G Auto_VoNR Coverage Test_REF4 Mobile_5G Auto VoNR Coverage Test.dml,,NR SA,47.128352,-122.356695,n71A,125290,587,-65.540000,13.400000,1,Rank 1 (RI0),23.230000,0.660015,17.064286,0.000000,13.200000,9.437,9.437,,,,,,47.128287,-122.356717
84,1,,,-122.3567000,47.1283417,2025-09-29 21:35:26.000,_20250929_143409_CH08_TMO_5G Auto_VoNR Coverage Test_REF4 Mobile_5G Auto VoNR Coverage Test.dml,,NR SA,47.128342,-122.356700,n71A,125290,587,-65.280000,10.900000,2,Rank 2 (RI1),19.830000,1.151068,18.657040,0.000000,10.900000,10.485,10.485,,,,,,47.128282,-122.356717
85,1,,,-122.3567033,47.1283417,2025-09-29 21:35:27.000,_20250929_143409_CH08_TMO_5G Auto_VoNR Coverage Test_REF4 Mobile_5G Auto VoNR Coverage Test.dml,,NR SA,47.128342,-122.356703,n71A,125290,587,-64.900000,15.000000,1,Rank 1 (RI0),20.430000,2.004782,18.215447,0.000000,14.200000,9.437,9.437,,,,,,47.128280,-122.356717
86,1,,,-122.3567050,47.1283400,2025-09-29 21:35:28.000,_20250929_143409_CH08_TMO_5G Auto_VoNR Coverage Test_REF4 Mobile_5G Auto VoNR Coverage Test.dml,,NR SA,47.128340,-122.356705,n71A,125290,587,-64.750000,14.400000,1,Rank 1 (RI0),20.510000,4.432808,16.892508,0.000000,14.200000,10.485,10.485,,,,,,47.128281,-122.356717
87,1,,,-122.3567067,47.1283383,2025-09-29 21:35:29.000,_20250929_143409_CH08_TMO_5G Auto_VoNR Coverage Test_REF4 Mobile_5G Auto VoNR Coverage Test.dml,,NR SA,47.128338,-122.356707,n71A,125290,587,-64.930000,11.200000,1,Rank 1 (RI0),22.200000,2.632831,16.694737,0.000000,13.400000,9.437,9.437,,,,,,47.128279,-122.356721
88,1,,,-122.3567083,47.1283383,2025-09-29 21:35:30.000,_20250929_143409_CH08_TMO_5G Auto_VoNR Coverage Test_REF4 Mobile_5G Auto VoNR Coverage Test.dml,,NR SA,47.128338,-122.356708,n71A,125290,587,-64.100000,14.700000,2,Rank 2 (RI1),22.540000,3.740484,15.484568,0.000000,10.300000,10.485,10.485,,,,,,47.128279,-122.356720
89,1,,,-122.3567083,47.1283383,2025-09-29 21:35:31.000,_20250929_143409_CH08_TMO_5G Auto_VoNR Coverage Test_REF4 Mobile_5G Auto VoNR Coverage Test.dml,,NR SA,47.128338,-122.356708,n71A,125290,587,-65.930000,10.800000,1,Rank 1 (RI0),20.280000,1.680224,15.290780,0.000000,13.500000,9.437,9.437,,,,,,47.128281,-122.356719
90,1,,,-122.3567083,47.1283383,2025-09-29 21:35:32.000,_20250929_143409_CH08_TMO_5G Auto_VoNR Coverage Test_REF4 Mobile_5G Auto VoNR Coverage Test.dml,,NR SA,47.128338,-122.356708,n71A,125290,587,-68.570000,15.300000,2,Rank 2 (RI1),20.100000,7.053047,17.092063,0.000000,11.500000,10.485,10.485,,,,,,47.128278,-122.356718
91,1,,,-122.3567083,47.1283383,2025-09-29 21:35:33.000,_20250929_143409_CH08_TMO_5G Auto_VoNR Coverage Test_REF4 Mobile_5G Auto VoNR Coverage Test.dml,,NR SA,47.128338,-122.356708,n71A,125290,587,-68.980000,10.300000,2,Rank 2 (RI1),18.860000,2.492120,15.080000,0.000000,10.400000,9.437,10.485,,,,,,47.128279,-122.356718
92,1,,,-122.3567083,47.1283383,2025-09-29 21:35:34.000,_20250929_143409_CH08_TMO_5G Auto_VoNR Coverage Test_REF4 Mobile_5G Auto VoNR Coverage Test.dml,,NR SA,47.128338,-122.356708,n71A,125290,587,-69.320000,15.600000,2,Rank 2 (RI1),20.340000,3.058932,16.952381,0.000000,10.000000,10.485,9.437,,,,,,47.128278,-122.356718
93,1,,,-122.3567083,47.1283383,2025-09-29 21:35:35.000,_20250929_143409_CH08_TMO_5G Auto_VoNR Coverage Test_REF4 Mobile_5G Auto VoNR Coverage Test.dml,,NR SA,47.128338,-122.356708,n71A,125290,587,-68.910000,14.400000,2,Rank 2 (RI1),21.250000,4.541078,17.152941,0.000000,10.600000,9.437,10.485,,,,,,47.128275,-122.356719
94,1,,,-122.3567083,47.1283383,2025-09-29 21:35:36.000,_20250929_143409_CH08_TMO_5G Auto_VoNR Coverage Test_REF4 Mobile_5G Auto VoNR Coverage Test.dml,,NR SA,47.128338,-122.356708,n71A,125290,587,-66.110000,11.400000,2,Rank 2 (RI1),20.650000,3.676212,16.031250,0.000000,10.400000,10.485,9.437,,,,,,47.128262,-122.356715
95,1,,,-122.3567083,47.1283217,2025-09-29 21:35:37.000,_20250929_143409_CH08_TMO_5G Auto_VoNR Coverage Test_REF4 Mobile_5G Auto VoNR Coverage Test.dml,,NR SA,47.128322,-122.356708,n71A,125290,587,-65.200000,14.300000,2,Rank 2 (RI1),21.650000,0.078521,17.407843,0.000000,11.900000,9.437,10.485,,,,,,47.128247,-122.356696
96,1,,,-122.3567000,47.1283100,2025-09-29 21:35:38.000,_20250929_143409_CH08_TMO_5G Auto_VoNR Coverage Test_REF4 Mobile_5G Auto VoNR Coverage Test.dml,,NR SA,47.128310,-122.356700,n71A,125290,587,-65.310000,14.100000,2,Rank 2 (RI1),21.800000,2.399929,19.034749,0.000000,11.000000,10.485,9.437,,,,,,47.128232,-122.356673
97,1,,,-122.3566817,47.1282850,2025-09-29 21:35:39.000,_20250929_143409_CH08_TMO_5G Auto_VoNR Coverage Test_REF4 Mobile_5G Auto VoNR Coverage Test.dml,,NR SA,47.128285,-122.356682,n71A,125290,587,-63.790000,16.900000,2,Rank 2 (RI1),21.930000,1.388554,18.836910,0.000000,10.100000,9.437,10.485,,,,,,47.128211,-122.356652
98,1,,,-122.3566650,47.1282650,2025-09-29 21:35:40.148,_20250929_143409_CH08_TMO_5G Auto_VoNR Coverage Test_REF4 Mobile_5G Auto VoNR Coverage Test.dml,,,,,,,,,,,,,,,,,,,4.338987,,,,,,
99,1,,,-122.3566650,47.1282650,2025-09-29 21:35:40.000,_20250929_143409_CH08_TMO_5G Auto_VoNR Coverage Test_REF4 Mobile_5G Auto VoNR Coverage Test.dml,,NR SA,47.128265,-122.356665,n71A,125290,587,-66.050000,18.400000,2,Rank 2 (RI1),18.620000,2.776455,16.962406,0.000000,10.900000,10.485,9.437,,,,,,47.128188,-122.356641
100,1,,,-122.3566500,47.1282417,2025-09-29 21:35:41.000,_20250929_143409_CH08_TMO_5G Auto_VoNR Coverage Test_REF4 Mobile_5G Auto VoNR Coverage Test.dml,,NR SA,47.128242,-122.356650,n71A,125290,587,-68.480000,10.100000,2,Rank 2 (RI1),16.560000,0.132002,17.511327,0.000000,10.700000,10.485,10.485,,,,,,47.128162,-122.356634
101,1,,,-122.3566450,47.1282167,2025-09-29 21:35:42.000,_20250929_143409_CH08_TMO_5G Auto_VoNR Coverage Test_REF4 Mobile_5G Auto VoNR Coverage Test.dml,,NR SA,47.128217,-122.356645,n71A,125290,587,-69.770000,10.700000,2,Rank 2 (RI1),16.990000,0.431759,15.700730,0.000000,10.700000,9.437,9.437,,,,,,47.128134,-122.356643
102,1,,,-122.3566500,47.1281917,2025-09-29 21:35:43.000,_20250929_143409_CH08_TMO_5G Auto_VoNR Coverage Test_REF4 Mobile_5G Auto VoNR Coverage Test.dml,,NR SA,47.128192,-122.356650,n71A,125290,587,-72.080000,16.800000,2,Rank 2 (RI1),17.430000,0.413601,17.119048,0.000000,10.400000,10.485,10.485,,,,,,47.128106,-122.356671
103,1,,,-122.3566733,47.1281683,2025-09-29 21:35:44.000,_20250929_143409_CH08_TMO_5G Auto_VoNR Coverage Test_REF4 Mobile_5G Auto VoNR Coverage Test.dml,,NR SA,47.128168,-122.356673,n71A,125290,587,-72.000000,14.000000,2,Rank 2 (RI1),15.200000,0.212659,16.573034,0.000000,10.600000,9.437,9.437,,,,,,47.128097,-122.356738
104,1,,,-122.3567167,47.1281483,2025-09-29 21:35:45.000,_20250929_143409_CH08_TMO_5G Auto_VoNR Coverage Test_REF4 Mobile_5G Auto VoNR Coverage Test.dml,,NR SA,47.128148,-122.356717,n71A,125290,587,-71.690000,9.900000,2,Rank 2 (RI1),15.720000,0.129812,16.071672,0.000000,10.000000,10.485,10.485,,,,,,47.128095,-122.356813
105,1,,,-122.3567867,47.1281383,2025-09-29 21:35:46.000,_20250929_143409_CH08_TMO_5G Auto_VoNR Coverage Test_REF4 Mobile_5G Auto VoNR Coverage Test.dml,,NR SA,47.128138,-122.356787,n71A,125290,587,-74.300000,20.700000,2,Rank 2 (RI1),13.200000,0.098026,16.341912,0.000000,10.000000,9.437,10.485,,,,,,47.128091,-122.356910
106,1,,,-122.3568800,47.1281367,2025-09-29 21:35:47.000,_20250929_143409_CH08_TMO_5G Auto_VoNR Coverage Test_REF4 Mobile_5G Auto VoNR Coverage Test.dml,,NR SA,47.128137,-122.356880,n71A,125290,587,-73.900000,15.900000,2,Rank 2 (RI1),15.290000,0.093962,16.521311,0.000000,10.200000,10.485,9.437,,,,,,47.128085,-122.357012
107,1,,,-122.3569800,47.1281350,2025-09-29 21:35:48.000,_20250929_143409_CH08_TMO_5G Auto_VoNR Coverage Test_REF4 Mobile_5G Auto VoNR Coverage Test.dml,,NR SA,47.128135,-122.356980,n71A,125290,587,-73.530000,18.900000,1,Rank 1 (RI0),15.540000,0.148398,16.308824,0.000000,12.200000,9.437,10.485,,,,,,47.128087,-122.357089
108,1,,,-122.3570683,47.1281367,2025-09-29 21:35:49.000,_20250929_143409_CH08_TMO_5G Auto_VoNR Coverage Test_REF4 Mobile_5G Auto VoNR Coverage Test.dml,,NR SA,47.128137,-122.357068,n71A,125290,587,-73.610000,17.800000,2,Rank 2 (RI1),15.780000,0.719041,18.155844,0.100000,10.600000,10.485,9.437,,,,,,47.128082,-122.357135
109,1,,,-122.3571383,47.1281383,2025-09-29 21:35:50.000,_20250929_143409_CH08_TMO_5G Auto_VoNR Coverage Test_REF4 Mobile_5G Auto VoNR Coverage Test.dml,,NR SA,47.128138,-122.357138,n71A,125290,587,-73.630000,17.100000,2,Rank 2 (RI1),12.300000,0.071321,18.034221,0.100000,10.300000,9.437,10.485,,,,,,47.128099,-122.357191
110,1,,,-122.3572000,47.1281467,2025-09-29 21:35:51.000,_20250929_143409_CH08_TMO_5G Auto_VoNR Coverage Test_REF4 Mobile_5G Auto VoNR Coverage Test.dml,,NR SA,47.128147,-122.357200,n71A,125290,587,-74.590000,13.500000,2,Rank 2 (RI1),15.460000,0.348004,17.625455,0.100000,10.600000,10.485,9.437,,,,,,47.128134,-122.357249
111,1,,,-122.3572533,47.1281667,2025-09-29 21:35:52.000,_20250929_143409_CH08_TMO_5G Auto_VoNR Coverage Test_REF4 Mobile_5G Auto VoNR Coverage Test.dml,,NR SA,47.128167,-122.357253,n71A,125290,587,-70.710000,15.500000,2,Rank 2 (RI1),18.040000,1.886664,17.909434,0.100000,11.700000,10.485,10.485,,,,,,47.128192,-122.357281
112,1,,,-122.3573033,47.1282067,2025-09-29 21:35:53.000,_20250929_143409_CH08_TMO_5G Auto_VoNR Coverage Test_REF4 Mobile_5G Auto VoNR Coverage Test.dml,,NR SA,47.128207,-122.357303,n71A,125290,587,-70.280000,9.200000,2,Rank 2 (RI1),20.020000,2.949551,15.752475,0.100000,10.600000,9.437,9.437,,,,,,47.128275,-122.357311
113,1,,,-122.3573417,47.1282683,2025-09-29 21:35:54.000,_20250929_143409_CH08_TMO_5G Auto_VoNR Coverage Test_REF4 Mobile_5G Auto VoNR Coverage Test.dml,,NR SA,47.128268,-122.357342,n71A,125290,587,-70.070000,11.300000,2,Rank 2 (RI1),20.490000,6.184685,16.186391,0.100000,10.800000,10.485,10.485,,,,,,47.128381,-122.357319
114,1,,,-122.3573650,47.1283467,2025-09-29 21:35:55.000,_20250929_143409_CH08_TMO_5G Auto_VoNR Coverage Test_REF4 Mobile_5G Auto VoNR Coverage Test.dml,,NR SA,47.128347,-122.357365,n71A,125290,587,-67.410000,13.100000,2,Rank 2 (RI1),21.960000,6.351939,15.866044,0.100000,10.800000,9.437,9.437,,,,,,47.128510,-122.357315
115,1,,,-122.3573700,47.1284683,2025-09-29 21:35:56.000,_20250929_143409_CH08_TMO_5G Auto_VoNR Coverage Test_REF4 Mobile_5G Auto VoNR Coverage Test.dml,,NR SA,47.128468,-122.357370,n71A,125290,587,-65.930000,13.700000,2,Rank 2 (RI1),25.030000,3.360668,15.210375,0.100000,10.800000,10.485,10.485,,,,,,47.128662,-122.357322
116,1,,,-122.3573617,47.1286233,2025-09-29 21:35:57.000,_20250929_143409_CH08_TMO_5G Auto_VoNR Coverage Test_REF4 Mobile_5G Auto VoNR Coverage Test.dml,,NR SA,47.128623,-122.357362,n71A,125290,587,-65.590000,11.000000,2,Rank 2 (RI1),24.790000,4.671709,13.809231,0.100000,10.400000,9.437,9.437,,,,,,47.128830,-122.357323
117,1,,,-122.3573517,47.1287950,2025-09-29 21:35:58.000,_20250929_143409_CH08_TMO_5G Auto_VoNR Coverage Test_REF4 Mobile_5G Auto VoNR Coverage Test.dml,,NR SA,47.128795,-122.357352,n71A,125290,587,-65.750000,12.300000,2,Rank 2 (RI1),23.290000,5.125140,16.086505,0.100000,10.100000,10.485,10.485,,,,,,47.129022,-122.357323
118,1,,,-122.3573450,47.1289867,2025-09-29 21:35:59.000,_20250929_143409_CH08_TMO_5G Auto_VoNR Coverage Test_REF4 Mobile_5G Auto VoNR Coverage Test.dml,,NR SA,47.128987,-122.357345,n71A,125290,587,-66.560000,10.100000,2,Rank 2 (RI1),23.070000,4.800933,14.651899,0.200000,10.700000,9.437,9.437,,,,,,47.129231,-122.357322
119,1,,,-122.3573400,47.1291950,2025-09-29 21:35:59.944,_20250929_143409_CH08_TMO_5G Auto_VoNR Coverage Test_REF4 Mobile_5G Auto VoNR Coverage Test.dml,,,,,,,,,,,,,,,,,,,4.314778,,,,,,
120,1,,,-122.3573400,47.1291950,2025-09-29 21:36:00.000,_20250929_143409_CH08_TMO_5G Auto_VoNR Coverage Test_REF4 Mobile_5G Auto VoNR Coverage Test.dml,,NR SA,47.129195,-122.357340,n71A,125290,587,-67.170000,10.000000,2,Rank 2 (RI1),24.290000,2.313650,14.000000,0.200000,10.900000,10.485,10.485,,,,,,47.129440,-122.357325
121,1,,,-122.3573400,47.1294133,2025-09-29 21:36:01.000,_20250929_143409_CH08_TMO_5G Auto_VoNR Coverage Test_REF4 Mobile_5G Auto VoNR Coverage Test.dml,,NR SA,47.129413,-122.357340,n71A,125290,587,-68.550000,3.700000,2,Rank 2 (RI1),23.720000,0.498901,17.260700,0.200000,9.900000,9.437,10.485,,,,,,47.129646,-122.357325
122,1,,,-122.3573417,47.1296300,2025-09-29 21:36:02.000,_20250929_143409_CH08_TMO_5G Auto_VoNR Coverage Test_REF4 Mobile_5G Auto VoNR Coverage Test.dml,,NR SA,47.129630,-122.357342,n71A,125290,587,-68.880000,8.400000,2,Rank 2 (RI1),25.040000,5.216282,15.430233,0.200000,9.900000,10.485,9.437,,,,,,47.129855,-122.357324
123,1,,,-122.3573433,47.1298417,2025-09-29 21:36:03.000,_20250929_143409_CH08_TMO_5G Auto_VoNR Coverage Test_REF4 Mobile_5G Auto VoNR Coverage Test.dml,,NR SA,47.129842,-122.357343,n71A,125290,587,-68.240000,6.100000,2,Rank 2 (RI1),24.540000,1.692955,15.535503,0.300000,10.000000,10.485,10.485,,,,,,47.130064,-122.357332
124,1,,,-122.3573467,47.1300533,2025-09-29 21:36:04.000,_20250929_143409_CH08_TMO_5G Auto_VoNR Coverage Test_REF4 Mobile_5G Auto VoNR Coverage Test.dml,,NR SA,47.130053,-122.357347,n71A,125290,587,-70.570000,3.900000,2,Rank 2 (RI1),23.870000,3.818099,15.949458,0.300000,8.500000,9.437,9.437,,,,,,47.130284,-122.357334
125,1,,,-122.3573483,47.1302667,2025-09-29 21:36:05.000,_20250929_143409_CH08_TMO_5G Auto_VoNR Coverage Test_REF4 Mobile_5G Auto VoNR Coverage Test.dml,,NR SA,47.130267,-122.357348,n71A,125290,587,-70.580000,13.300000,2,Rank 2 (RI1),23.640000,6.791553,16.918429,0.300000,9.600000,10.485,10.485,,,,,,47.130512,-122.357334
126,1,,,-122.3573500,47.1304867,2025-09-29 21:36:06.000,_20250929_143409_CH08_TMO_5G Auto_VoNR Coverage Test_REF4 Mobile_5G Auto VoNR Coverage Test.dml,,NR SA,47.130487,-122.357350,n71A,125290,587,-72.300000,10.000000,2,Rank 2 (RI1),23.500000,4.584004,16.125850,0.300000,8.700000,9.437,9.437,,,,,,47.130737,-122.357337
127,1,,,-122.3573517,47.1307083,2025-09-29 21:36:07.000,_20250929_143409_CH08_TMO_5G Auto_VoNR Coverage Test_REF4 Mobile_5G Auto VoNR Coverage Test.dml,,NR SA,47.130708,-122.357352,n71A,125290,587,-72.540000,13.800000,2,Rank 2 (RI1),23.060000,4.223689,15.247283,0.400000,9.800000,9.437,10.485,,,,,,47.130965,-122.357343
128,1,,,-122.3573550,47.1309333,2025-09-29 21:36:08.000,_20250929_143409_CH08_TMO_5G Auto_VoNR Coverage Test_REF4 Mobile_5G Auto VoNR Coverage Test.dml,,NR SA,47.130933,-122.357355,n71A,125290,587,-72.600000,13.500000,2,Rank 2 (RI1),23.140000,2.323652,14.250000,0.400000,9.500000,10.485,9.437,,,,,,47.131193,-122.357346
129,1,,,-122.3573600,47.1311600,2025-09-29 21:36:09.000,_20250929_143409_CH08_TMO_5G Auto_VoNR Coverage Test_REF4 Mobile_5G Auto VoNR Coverage Test.dml,,NR SA,47.131160,-122.357360,n71A,125290,587,-74.050000,11.500000,2,Rank 2 (RI1),22.530000,4.693165,15.462766,0.400000,9.600000,10.485,10.485,,,,,,47.131421,-122.357356
130,1,,,-122.3573633,47.1313883,2025-09-29 21:36:10.000,_20250929_143409_CH08_TMO_5G Auto_VoNR Coverage Test_REF4 Mobile_5G Auto VoNR Coverage Test.dml,,NR SA,47.131388,-122.357363,n71A,125290,587,-76.620000,13.200000,1,Rank 1 (RI0),21.440000,1.416356,16.074766,0.400000,13.400000,9.437,9.437,,,,,,47.131650,-122.357364
131,1,,,-122.3573700,47.1316183,2025-09-29 21:36:11.000,_20250929_143409_CH08_TMO_5G Auto_VoNR Coverage Test_REF4 Mobile_5G Auto VoNR Coverage Test.dml,,NR SA,47.131618,-122.357370,n71A,125290,587,-79.390000,15.400000,2,Rank 2 (RI1),20.770000,1.425861,17.921053,0.500000,11.000000,10.485,10.485,,,,,,47.131883,-122.357368
132,1,,,-122.3573733,47.1318500,2025-09-29 21:36:12.000,_20250929_143409_CH08_TMO_5G Auto_VoNR Coverage Test_REF4 Mobile_5G Auto VoNR Coverage Test.dml,,NR SA,47.131850,-122.357373,n71A,125290,587,-80.930000,15.600000,2,Rank 2 (RI1),19.520000,3.430077,17.869048,0.500000,9.700000,9.437,9.437,,,,,,47.132115,-122.357369
133,1,,,-122.3573767,47.1320833,2025-09-29 21:36:13.000,_20250929_143409_CH08_TMO_5G Auto_VoNR Coverage Test_REF4 Mobile_5G Auto VoNR Coverage Test.dml,,NR SA,47.132083,-122.357377,n71A,125290,587,-80.800000,15.600000,2,Rank 2 (RI1),18.980000,2.560978,18.047945,0.500000,8.800000,10.485,10.485,,,,,,47.132352,-122.357374
134,1,,,-122.3573800,47.1323200,2025-09-29 21:36:14.000,_20250929_143409_CH08_TMO_5G Auto_VoNR Coverage Test_REF4 Mobile_5G Auto VoNR Coverage Test.dml,,NR SA,47.132320,-122.357380,n71A,125290,587,-81.030000,13.100000,2,Rank 2 (RI1),20.880000,0.985326,17.819149,0.500000,11.200000,9.437,10.485,,,,,,47.132590,-122.357374
135,1,,,-122.3573817,47.1325583,2025-09-29 21:36:15.000,_20250929_143409_CH08_TMO_5G Auto_VoNR Coverage Test_REF4 Mobile_5G Auto VoNR Coverage Test.dml,,NR SA,47.132558,-122.357382,n71A,125290,587,-83.270000,15.600000,1,Rank 1 (RI0),17.760000,0.874974,16.928349,0.600000,12.300000,10.485,9.437,,,,,,47.132820,-122.357375
136,1,,,-122.3573817,47.1327917,2025-09-29 21:36:16.000,_20250929_143409_CH08_TMO_5G Auto_VoNR Coverage Test_REF4 Mobile_5G Auto VoNR Coverage Test.dml,,NR SA,47.132792,-122.357382,n71A,125290,587,-84.650000,20.300000,1,Rank 1 (RI0),17.930000,0.046835,16.921429,0.600000,12.600000,9.437,10.485,,,,,,47.133041,-122.357376
137,1,,,-122.3573817,47.1330133,2025-09-29 21:36:17.000,_20250929_143409_CH08_TMO_5G Auto_VoNR Coverage Test_REF4 Mobile_5G Auto VoNR Coverage Test.dml,,NR SA,47.133013,-122.357382,n71A,125290,587,-85.060000,20.000000,1,Rank 1 (RI0),17.860000,0.026151,15.627010,0.600000,13.300000,10.485,9.437,,,,,,47.133253,-122.357377
138,1,,,-122.3573817,47.1332283,2025-09-29 21:36:18.000,_20250929_143409_CH08_TMO_5G Auto_VoNR Coverage Test_REF4 Mobile_5G Auto VoNR Coverage Test.dml,,NR SA,47.133228,-122.357382,n71A,125290,587,-84.050000,20.700000,1,Rank 1 (RI0),17.660000,0.025168,15.360759,0.600000,12.800000,9.437,10.485,,,,,,47.133455,-122.357382
139,1,,,-122.3573800,47.1334367,2025-09-29 21:36:19.000,_20250929_143409_CH08_TMO_5G Auto_VoNR Coverage Test_REF4 Mobile_5G Auto VoNR Coverage Test.dml,,NR SA,47.133437,-122.357380,n71A,125290,587,-83.420000,20.700000,1,Rank 1 (RI0),17.950000,,16.590759,0.700000,13.300000,10.485,9.437,,,,,,47.133659,-122.357384
140,1,,,-122.3573783,47.1336467,2025-09-29 21:36:20.133,_20250929_143409_CH08_TMO_5G Auto_VoNR Coverage Test_REF4 Mobile_5G Auto VoNR Coverage Test.dml,,,,,,,,,,,,,,,,,,,4.253307,,,,,,
141,1,,,-122.3573783,47.1336467,2025-09-29 21:36:20.000,_20250929_143409_CH08_TMO_5G Auto_VoNR Coverage Test_REF4 Mobile_5G Auto VoNR Coverage Test.dml,,NR SA,47.133647,-122.357378,n71A,125290,587,-83.190000,19.200000,1,Rank 1 (RI0),17.120000,0.607061,16.873418,0.700000,14.000000,9.437,10.485,,,,,,47.133874,-122.357380
142,1,,,-122.3573800,47.1338567,2025-09-29 21:36:21.000,_20250929_143409_CH08_TMO_5G Auto_VoNR Coverage Test_REF4 Mobile_5G Auto VoNR Coverage Test.dml,,NR SA,47.133857,-122.357380,n71A,125290,587,-84.000000,17.900000,1,Rank 1 (RI0),17.400000,,18.263374,0.700000,13.700000,10.485,9.437,,,,,,47.134091,-122.357386
143,1,,,-122.3574117,47.1340517,2025-09-29 21:36:22.000,_20250929_143409_CH08_TMO_5G Auto_VoNR Coverage Test_REF4 Mobile_5G Auto VoNR Coverage Test.dml,,NR SA,47.134052,-122.357412,n71A,125290,587,-82.040000,17.500000,1,Rank 1 (RI0),19.240000,0.115607,18.627010,0.700000,13.800000,10.485,10.485,,,,,,47.134311,-122.357380
144,1,,,-122.3574717,47.1342383,2025-09-29 21:36:23.000,_20250929_143409_CH08_TMO_5G Auto_VoNR Coverage Test_REF4 Mobile_5G Auto VoNR Coverage Test.dml,,NR SA,47.134238,-122.357472,n71A,125290,587,-81.860000,18.600000,2,Rank 2 (RI1),19.290000,,19.329268,0.700000,11.400000,9.437,9.437,,,,,,47.134526,-122.357374
145,1,,,-122.3574350,47.1345033,2025-09-29 21:36:24.000,_20250929_143409_CH08_TMO_5G Auto_VoNR Coverage Test_REF4 Mobile_5G Auto VoNR Coverage Test.dml,,NR SA,47.134503,-122.357435,n71A,125290,587,-83.230000,17.600000,2,Rank 2 (RI1),19.360000,0.105686,19.010417,0.800000,12.000000,10.485,10.485,,,,,,47.134739,-122.357370
146,1,,,-122.3574117,47.1347367,2025-09-29 21:36:25.000,_20250929_143409_CH08_TMO_5G Auto_VoNR Coverage Test_REF4 Mobile_5G Auto VoNR Coverage Test.dml,,NR SA,47.134737,-122.357412,n71A,125290,587,-82.360000,18.600000,1,Rank 1 (RI0),19.690000,0.132292,18.808118,0.800000,13.800000,9.437,9.437,,,,,,47.134950,-122.357368
147,1,,,-122.3574333,47.1349500,2025-09-29 21:36:26.000,_20250929_143409_CH08_TMO_5G Auto_VoNR Coverage Test_REF4 Mobile_5G Auto VoNR Coverage Test.dml,,NR SA,47.134950,-122.357433,n71A,125290,587,-85.210000,19.800000,1,Rank 1 (RI0),17.170000,1.810029,17.589577,0.800000,11.200000,10.485,10.485,,,,,,47.135162,-122.357364
148,1,,,-122.3574550,47.1351400,2025-09-29 21:36:27.000,_20250929_143409_CH08_TMO_5G Auto_VoNR Coverage Test_REF4 Mobile_5G Auto VoNR Coverage Test.dml,,NR SA,47.135140,-122.357455,n71A,125290,587,-88.270000,18.300000,1,Rank 1 (RI0),14.280000,2.198420,14.542484,0.800000,12.900000,9.437,10.485,,,,,,47.135372,-122.357366
149,1,,,-122.3574567,47.1353350,2025-09-29 21:36:28.000,_20250929_143409_CH08_TMO_5G Auto_VoNR Coverage Test_REF4 Mobile_5G Auto VoNR Coverage Test.dml,,NR SA,47.135335,-122.357457,n71A,125290,587,-88.890000,20.100000,1,Rank 1 (RI0),14.150000,1.441850,16.135647,0.900000,13.200000,10.485,9.437,,,,,,47.135585,-122.357361
150,1,,,-122.3574567,47.1355367,2025-09-29 21:36:29.000,_20250929_143409_CH08_TMO_5G Auto_VoNR Coverage Test_REF4 Mobile_5G Auto VoNR Coverage Test.dml,,NR SA,47.135537,-122.357457,n71A,125290,587,-91.270000,19.000000,1,Rank 1 (RI0),12.780000,0.389509,16.982578,0.900000,13.100000,9.437,10.485,,,,,,47.135797,-122.357358
151,1,,,-122.3574550,47.1357467,2025-09-29 21:36:30.000,_20250929_143409_CH08_TMO_5G Auto_VoNR Coverage Test_REF4 Mobile_5G Auto VoNR Coverage Test.dml,,NR SA,47.135747,-122.357455,n71A,125290,587,-90.300000,19.800000,1,Rank 1 (RI0),15.390000,1.338551,16.943894,0.900000,13.000000,10.485,9.437,,,,,,47.136007,-122.357358
152,1,,,-122.3574517,47.1359583,2025-09-29 21:36:31.000,_20250929_143409_CH08_TMO_5G Auto_VoNR Coverage Test_REF4 Mobile_5G Auto VoNR Coverage Test.dml,,NR SA,47.135958,-122.357452,n71A,125290,587,-89.120000,19.300000,1,Rank 1 (RI0),15.500000,2.557869,17.228659,0.900000,12.800000,9.437,10.485,,,,,,47.136217,-122.357356
153,1,,,-122.3574400,47.1361750,2025-09-29 21:36:32.000,_20250929_143409_CH08_TMO_5G Auto_VoNR Coverage Test_REF4 Mobile_5G Auto VoNR Coverage Test.dml,,NR SA,47.136175,-122.357440,n71A,125290,587,-88.270000,19.200000,1,Rank 1 (RI0),15.910000,0.890906,16.296178,1.000000,13.000000,10.485,9.437,,,,,,47.136424,-122.357353
154,1,,,-122.3574300,47.1363833,2025-09-29 21:36:33.000,_20250929_143409_CH08_TMO_5G Auto_VoNR Coverage Test_REF4 Mobile_5G Auto VoNR Coverage Test.dml,,NR SA,47.136383,-122.357430,n71A,125290,587,-85.860000,19.200000,1,Rank 1 (RI0),17.100000,2.360893,17.607261,1.000000,12.200000,10.485,10.485,,,,,,47.136626,-122.357351
155,1,,,-122.3574250,47.1365883,2025-09-29 21:36:34.000,_20250929_143409_CH08_TMO_5G Auto_VoNR Coverage Test_REF4 Mobile_5G Auto VoNR Coverage Test.dml,,NR SA,47.136588,-122.357425,n71A,125290,587,-85.020000,19.700000,1,Rank 2 (RI1),17.120000,0.668167,17.509025,1.000000,11.700000,9.437,9.437,,,,,,47.136817,-122.357349
156,1,,,-122.3574267,47.1367867,2025-09-29 21:36:35.000,_20250929_143409_CH08_TMO_5G Auto_VoNR Coverage Test_REF4 Mobile_5G Auto VoNR Coverage Test.dml,,NR SA,47.136787,-122.357427,n71A,125290,587,-86.400000,20.400000,1,Rank 1 (RI0),16.550000,0.708402,15.550595,1.000000,12.000000,10.485,10.485,,,,,,47.137001,-122.357350
157,1,,,-122.3574200,47.1369783,2025-09-29 21:36:36.000,_20250929_143409_CH08_TMO_5G Auto_VoNR Coverage Test_REF4 Mobile_5G Auto VoNR Coverage Test.dml,,NR SA,47.136978,-122.357420,n71A,125290,587,-87.430000,20.700000,1,Rank 1 (RI0),15.820000,1.731039,15.760563,1.100000,12.800000,9.437,9.437,,,,,,47.137182,-122.357349
158,1,,,-122.3574133,47.1371650,2025-09-29 21:36:37.000,_20250929_143409_CH08_TMO_5G Auto_VoNR Coverage Test_REF4 Mobile_5G Auto VoNR Coverage Test.dml,,NR SA,47.137165,-122.357413,n71A,125290,587,-87.950000,20.100000,1,Rank 1 (RI0),15.810000,1.764516,16.059490,1.100000,13.000000,10.485,10.485,,,,,,47.137356,-122.357348
159,1,,,-122.3574050,47.1373417,2025-09-29 21:36:38.000,_20250929_143409_CH08_TMO_5G Auto_VoNR Coverage Test_REF4 Mobile_5G Auto VoNR Coverage Test.dml,,NR SA,47.137342,-122.357405,n71A,125290,587,-88.360000,19.100000,1,Rank 1 (RI0),15.070000,1.493937,14.688427,1.100000,13.300000,9.437,9.437,,,,,,47.137528,-122.357342
160,1,,,-122.3573983,47.1375067,2025-09-29 21:36:39.000,_20250929_143409_CH08_TMO_5G Auto_VoNR Coverage Test_REF4 Mobile_5G Auto VoNR Coverage Test.dml,,NR SA,47.137507,-122.357398,n71A,125290,587,-87.330000,18.700000,1,Rank 1 (RI0),15.580000,1.742464,15.300292,1.100000,13.900000,10.485,10.485,,,,,,47.137690,-122.357334
161,1,,,-122.3573883,47.1376617,2025-09-29 21:36:39.929,_20250929_143409_CH08_TMO_5G Auto_VoNR Coverage Test_REF4 Mobile_5G Auto VoNR Coverage Test.dml,,,,,,,,,,,,,,,,,,,4.384669,,,,,,
162,1,,,-122.3573883,47.1376617,2025-09-29 21:36:40.000,_20250929_143409_CH08_TMO_5G Auto_VoNR Coverage Test_REF4 Mobile_5G Auto VoNR Coverage Test.dml,,NR SA,47.137662,-122.357388,n71A,125290,587,-89.140000,19.200000,1,Rank 1 (RI0),14.440000,1.269466,15.567164,1.100000,13.000000,9.437,9.437,,,,,,47.137837,-122.357332
163,1,,,-122.3573800,47.1378100,2025-09-29 21:36:41.000,_20250929_143409_CH08_TMO_5G Auto_VoNR Coverage Test_REF4 Mobile_5G Auto VoNR Coverage Test.dml,,NR SA,47.137810,-122.357380,n71A,125290,587,-90.990000,20.700000,1,Rank 1 (RI0),13.330000,0.944322,13.145833,1.100000,13.000000,10.485,9.437,,,,,,47.137978,-122.357333
164,1,,,-122.3573717,47.1379517,2025-09-29 21:36:42.000,_20250929_143409_CH08_TMO_5G Auto_VoNR Coverage Test_REF4 Mobile_5G Auto VoNR Coverage Test.dml,,NR SA,47.137952,-122.357372,n71A,125290,587,-92.000000,18.600000,1,Rank 1 (RI0),12.100000,0.144153,13.633523,1.200000,12.700000,9.437,10.485,,,,,,47.138112,-122.357337
165,1,,,-122.3573583,47.1380933,2025-09-29 21:36:43.000,_20250929_143409_CH08_TMO_5G Auto_VoNR Coverage Test_REF4 Mobile_5G Auto VoNR Coverage Test.dml,,NR SA,47.138093,-122.357358,n71A,125290,587,-92.790000,20.400000,1,Rank 1 (RI0),11.120000,2.632338,13.062016,1.200000,11.800000,10.485,9.437,,,,,,47.138237,-122.357338
166,1,,,-122.3573433,47.1382250,2025-09-29 21:36:44.000,_20250929_143409_CH08_TMO_5G Auto_VoNR Coverage Test_REF4 Mobile_5G Auto VoNR Coverage Test.dml,,NR SA,47.138225,-122.357343,n71A,125290,587,-93.680000,20.000000,1,Rank 1 (RI0),9.780000,1.399921,14.138817,1.200000,11.400000,9.437,10.485,,,,,,47.138355,-122.357329
167,1,,,-122.3573300,47.1383483,2025-09-29 21:36:45.000,_20250929_143409_CH08_TMO_5G Auto_VoNR Coverage Test_REF4 Mobile_5G Auto VoNR Coverage Test.dml,,NR SA,47.138348,-122.357330,n71A,125290,587,-92.800000,20.400000,1,Rank 1 (RI0),9.730000,1.047401,15.414110,1.200000,11.900000,10.485,9.437,,,,,,47.138461,-122.357334
168,1,,,-122.3573200,47.1384600,2025-09-29 21:36:46.000,_20250929_143409_CH08_TMO_5G Auto_VoNR Coverage Test_REF4 Mobile_5G Auto VoNR Coverage Test.dml,,NR SA,47.138460,-122.357320,n71A,125290,587,-94.750000,20.000000,1,Rank 1 (RI0),7.050000,1.727633,13.577023,1.200000,11.800000,9.437,10.485,,,,,,47.138560,-122.357329
169,1,,,-122.3573133,47.1385617,2025-09-29 21:36:47.000,_20250929_143409_CH08_TMO_5G Auto_VoNR Coverage Test_REF4 Mobile_5G Auto VoNR Coverage Test.dml,,NR SA,47.138562,-122.357313,n71A,125290,587,-95.940000,21.000000,1,Rank 1 (RI0),6.120000,2.078080,12.826406,1.200000,11.900000,10.485,9.437,,,,,,47.138650,-122.357324
170,1,,,-122.3573083,47.1386517,2025-09-29 21:36:48.000,_20250929_143409_CH08_TMO_5G Auto_VoNR Coverage Test_REF4 Mobile_5G Auto VoNR Coverage Test.dml,,NR SA,47.138652,-122.357308,n71A,125290,587,-94.750000,20.700000,1,Rank 1 (RI0),6.270000,1.789657,13.233668,1.200000,11.800000,9.437,10.485,,,,,,47.138726,-122.357325
171,1,,,-122.3573050,47.1387317,2025-09-29 21:36:49.000,_20250929_143409_CH08_TMO_5G Auto_VoNR Coverage Test_REF4 Mobile_5G Auto VoNR Coverage Test.dml,,NR SA,47.138732,-122.357305,n71A,125290,587,-92.000000,21.000000,1,Rank 1 (RI0),9.090000,1.720089,11.643735,1.200000,11.000000,10.485,9.437,,,,,,47.138801,-122.357320
172,1,,,-122.3573050,47.1388017,2025-09-29 21:36:50.000,_20250929_143409_CH08_TMO_5G Auto_VoNR Coverage Test_REF4 Mobile_5G Auto VoNR Coverage Test.dml,,NR SA,47.138802,-122.357305,n71A,125290,587,-93.010000,20.700000,1,Rank 1 (RI0),7.680000,2.781642,10.393130,1.300000,10.900000,9.437,10.485,,,,,,47.138861,-122.357323
173,1,,,-122.3573050,47.1388633,2025-09-29 21:36:51.000,_20250929_143409_CH08_TMO_5G Auto_VoNR Coverage Test_REF4 Mobile_5G Auto VoNR Coverage Test.dml,,NR SA,47.138863,-122.357305,n71A,125290,587,-94.030000,21.000000,1,Rank 1 (RI0),5.800000,1.099770,8.874770,1.300000,11.100000,10.485,9.437,,,,,,47.138919,-122.357321
174,1,,,-122.3573033,47.1389167,2025-09-29 21:36:52.000,_20250929_143409_CH08_TMO_5G Auto_VoNR Coverage Test_REF4 Mobile_5G Auto VoNR Coverage Test.dml,,NR SA,47.138917,-122.357303,n71A,125290,587,-91.960000,20.700000,1,Rank 1 (RI0),9.560000,1.102775,13.155263,1.300000,11.800000,10.485,10.485,,,,,,47.138963,-122.357321
175,1,,,-122.3573000,47.1389600,2025-09-29 21:36:53.000,_20250929_143409_CH08_TMO_5G Auto_VoNR Coverage Test_REF4 Mobile_5G Auto VoNR Coverage Test.dml,,NR SA,47.138960,-122.357300,n71A,125290,587,-91.710000,20.100000,1,Rank 1 (RI0),8.970000,1.276038,12.923645,1.300000,11.300000,9.437,9.437,,,,,,47.138996,-122.357320
176,1,,,-122.3572983,47.1389917,2025-09-29 21:36:54.000,_20250929_143409_CH08_TMO_5G Auto_VoNR Coverage Test_REF4 Mobile_5G Auto VoNR Coverage Test.dml,,NR SA,47.138992,-122.357298,n71A,125290,587,-89.850000,20.400000,1,Rank 1 (RI0),10.250000,1.975167,15.647059,1.300000,10.500000,10.485,10.485,,,,,,47.138998,-122.357321
177,1,,,-122.3573017,47.1390083,2025-09-29 21:36:55.000,_20250929_143409_CH08_TMO_5G Auto_VoNR Coverage Test_REF4 Mobile_5G Auto VoNR Coverage Test.dml,,NR SA,47.139008,-122.357302,n71A,125290,587,-89.690000,20.400000,1,Rank 1 (RI0),9.040000,1.544498,13.493298,1.300000,10.400000,9.437,10.485,,,,,,47.139008,-122.357319
178,1,,,-122.3573100,47.1390150,2025-09-29 21:36:56.000,_20250929_143409_CH08_TMO_5G Auto_VoNR Coverage Test_REF4 Mobile_5G Auto VoNR Coverage Test.dml,,NR SA,47.139015,-122.357310,n71A,125290,587,-90.040000,20.100000,1,Rank 1 (RI0),6.970000,2.517607,14.121447,1.300000,11.000000,10.485,9.437,,,,,,47.139011,-122.357319
179,1,,,-122.3573117,47.1390083,2025-09-29 21:36:57.000,_20250929_143409_CH08_TMO_5G Auto_VoNR Coverage Test_REF4 Mobile_5G Auto VoNR Coverage Test.dml,,NR SA,47.139008,-122.357312,n71A,125290,587,-90.920000,21.000000,1,Rank 1 (RI0),6.450000,2.531969,12.722826,1.300000,11.000000,9.437,10.485,,,,,,47.139013,-122.357318
180,1,,,-122.3573133,47.1390033,2025-09-29 21:36:58.000,_20250929_143409_CH08_TMO_5G Auto_VoNR Coverage Test_REF4 Mobile_5G Auto VoNR Coverage Test.dml,,NR SA,47.139003,-122.357313,n71A,125290,587,-91.580000,21.000000,1,Rank 1 (RI0),7.030000,2.599203,11.831839,1.300000,10.500000,10.485,9.437,,,,,,47.139015,-122.357318
181,1,,,-122.3573167,47.1390017,2025-09-29 21:36:59.000,_20250929_143409_CH08_TMO_5G Auto_VoNR Coverage Test_REF4 Mobile_5G Auto VoNR Coverage Test.dml,,NR SA,47.139002,-122.357317,n71A,125290,587,-92.370000,20.100000,1,Rank 1 (RI0),8.180000,,12.721805,1.300000,9.700000,9.437,10.485,,,,,,47.139019,-122.357318
182,1,,,-122.3573167,47.1390017,2025-09-29 21:36:59.929,_20250929_143409_CH08_TMO_5G Auto_VoNR Coverage Test_REF4 Mobile_5G Auto VoNR Coverage Test.dml,,,,,,,,,,,,,,,,,,,4.369864,,,,,,
183,1,,,-122.3573167,47.1390017,2025-09-29 21:37:00.000,_20250929_143409_CH08_TMO_5G Auto_VoNR Coverage Test_REF4 Mobile_5G Auto VoNR Coverage Test.dml,,NR SA,47.139002,-122.357317,n71A,125290,587,-92.030000,19.800000,1,Rank 1 (RI0),7.610000,0.473758,14.290735,1.300000,10.400000,10.485,9.437,,,,,,47.139018,-122.357318
184,1,,,-122.3573167,47.1390017,2025-09-29 21:37:01.000,_20250929_143409_CH08_TMO_5G Auto_VoNR Coverage Test_REF4 Mobile_5G Auto VoNR Coverage Test.dml,,NR SA,47.139002,-122.357317,n71A,125290,587,-93.850000,20.400000,1,Rank 1 (RI0),5.650000,2.393730,12.346420,1.300000,9.600000,9.437,10.485,,,,,,47.139021,-122.357318
185,1,,,-122.3573167,47.1390017,2025-09-29 21:37:02.000,_20250929_143409_CH08_TMO_5G Auto_VoNR Coverage Test_REF4 Mobile_5G Auto VoNR Coverage Test.dml,,NR SA,47.139002,-122.357317,n71A,125290,587,-92.780000,19.800000,1,Rank 1 (RI0),7.660000,,13.792793,1.300000,10.700000,10.485,9.437,,,,,,47.139027,-122.357317
186,1,,,-122.3573167,47.1390017,2025-09-29 21:37:03.000,_20250929_143409_CH08_TMO_5G Auto_VoNR Coverage Test_REF4 Mobile_5G Auto VoNR Coverage Test.dml,,NR SA,47.139002,-122.357317,n71A,125290,587,-92.360000,19.700000,1,Rank 1 (RI0),9.770000,1.755634,14.612536,1.300000,11.000000,10.485,10.485,,,,,,47.139034,-122.357317
187,1,,,-122.3573167,47.1390017,2025-09-29 21:37:04.000,_20250929_143409_CH08_TMO_5G Auto_VoNR Coverage Test_REF4 Mobile_5G Auto VoNR Coverage Test.dml,,NR SA,47.139002,-122.357317,n71A,125290,587,-93.820000,20.100000,1,Rank 1 (RI0),6.390000,1.409205,12.485564,1.300000,10.800000,9.437,9.437,,,,,,47.139037,-122.357317
188,1,,,-122.3573167,47.1390017,2025-09-29 21:37:05.000,_20250929_143409_CH08_TMO_5G Auto_VoNR Coverage Test_REF4 Mobile_5G Auto VoNR Coverage Test.dml,,NR SA,47.139002,-122.357317,n71A,125290,587,-96.420000,20.700000,1,Rank 1 (RI0),5.090000,1.531414,12.901879,1.300000,10.200000,9.437,10.485,,,,,,47.139040,-122.357315
189,1,,,-122.3573167,47.1390017,2025-09-29 21:37:06.000,_20250929_143409_CH08_TMO_5G Auto_VoNR Coverage Test_REF4 Mobile_5G Auto VoNR Coverage Test.dml,,NR SA,47.139002,-122.357317,n71A,125290,587,-95.520000,20.700000,1,Rank 1 (RI0),4.590000,3.053299,10.378026,1.300000,10.200000,10.485,9.437,,,,,,47.139048,-122.357309
190,1,,,-122.3573167,47.1390017,2025-09-29 21:37:07.000,_20250929_143409_CH08_TMO_5G Auto_VoNR Coverage Test_REF4 Mobile_5G Auto VoNR Coverage Test.dml,,NR SA,47.139002,-122.357317,n71A,125290,587,-96.510000,20.400000,1,Rank 1 (RI0),5.330000,0.039416,13.110825,1.300000,9.900000,10.485,10.485,,,,,,47.139077,-122.357308
191,1,,,-122.3573183,47.1390367,2025-09-29 21:37:08.000,_20250929_143409_CH08_TMO_5G Auto_VoNR Coverage Test_REF4 Mobile_5G Auto VoNR Coverage Test.dml,,NR SA,47.139037,-122.357318,n71A,125290,587,-96.050000,20.400000,1,Rank 1 (RI0),2.820000,1.596241,12.013158,1.300000,9.300000,9.437,10.485,,,,,,47.139108,-122.357303
192,1,,,-122.3573200,47.1390517,2025-09-29 21:37:09.000,_20250929_143409_CH08_TMO_5G Auto_VoNR Coverage Test_REF4 Mobile_5G Auto VoNR Coverage Test.dml,,NR SA,47.139052,-122.357320,n71A,125290,587,-97.300000,20.400000,1,Rank 1 (RI0),3.060000,0.673267,10.004082,1.300000,9.100000,10.485,9.437,,,,,,47.139164,-122.357307
193,1,,,-122.3573217,47.1390750,2025-09-29 21:37:10.000,_20250929_143409_CH08_TMO_5G Auto_VoNR Coverage Test_REF4 Mobile_5G Auto VoNR Coverage Test.dml,,NR SA,47.139075,-122.357322,n71A,125290,587,-97.480000,21.000000,1,Rank 1 (RI0),4.270000,2.211977,12.905852,1.300000,9.800000,9.437,10.485,,,,,,47.139250,-122.357292
194,1,,,-122.3573183,47.1391250,2025-09-29 21:37:11.000,_20250929_143409_CH08_TMO_5G Auto_VoNR Coverage Test_REF4 Mobile_5G Auto VoNR Coverage Test.dml,,NR SA,47.139125,-122.357318,n71A,125290,587,-95.380000,21.200000,1,Rank 1 (RI0),6.890000,2.183179,9.240370,1.300000,8.700000,10.485,9.437,,,,,,47.139336,-122.357296
195,1,,,-122.3573200,47.1392033,2025-09-29 21:37:12.000,_20250929_143409_CH08_TMO_5G Auto_VoNR Coverage Test_REF4 Mobile_5G Auto VoNR Coverage Test.dml,,NR SA,47.139203,-122.357320,n71A,125290,587,-96.860000,20.500000,1,Rank 1 (RI0),5.400000,2.817154,10.219672,1.300000,8.500000,9.437,10.485,,,,,,47.139421,-122.357297
196,1,,,-122.3573200,47.1393033,2025-09-29 21:37:13.000,_20250929_143409_CH08_TMO_5G Auto_VoNR Coverage Test_REF4 Mobile_5G Auto VoNR Coverage Test.dml,,NR SA,47.139303,-122.357320,n71A,125290,587,-97.730000,21.000000,1,Rank 1 (RI0),5.600000,0.425026,10.057884,1.300000,9.300000,10.485,9.437,,,,,,47.139527,-122.357299
197,1,,,-122.3573183,47.1394117,2025-09-29 21:37:14.000,_20250929_143409_CH08_TMO_5G Auto_VoNR Coverage Test_REF4 Mobile_5G Auto VoNR Coverage Test.dml,,NR SA,47.139412,-122.357318,n71A,125290,587,-95.080000,19.800000,1,Rank 1 (RI0),9.160000,3.026618,12.824818,1.300000,9.400000,10.485,10.485,,,,,,47.139632,-122.357315
198,1,,,-122.3573200,47.1395250,2025-09-29 21:37:15.000,_20250929_143409_CH08_TMO_5G Auto_VoNR Coverage Test_REF4 Mobile_5G Auto VoNR Coverage Test.dml,,NR SA,47.139525,-122.357320,n71A,125290,587,-93.510000,21.100000,1,Rank 1 (RI0),10.220000,1.810479,7.569095,1.300000,9.200000,9.437,9.437,,,,,,47.139742,-122.357310
199,1,,,-122.3573233,47.1396417,2025-09-29 21:37:16.000,_20250929_143409_CH08_TMO_5G Auto_VoNR Coverage Test_REF4 Mobile_5G Auto VoNR Coverage Test.dml,,NR SA,47.139642,-122.357323,n71A,125290,587,-94.570000,21.000000,1,Rank 1 (RI0),7.730000,1.804486,10.458029,1.400000,8.600000,10.485,10.485,,,,,,47.139863,-122.357314
200,1,,,-122.3573250,47.1397617,2025-09-29 21:37:17.000,_20250929_143409_CH08_TMO_5G Auto_VoNR Coverage Test_REF4 Mobile_5G Auto VoNR Coverage Test.dml,,NR SA,47.139762,-122.357325,n71A,125290,587,-94.050000,21.100000,1,Rank 1 (RI0),8.790000,2.341626,8.388037,1.400000,8.400000,9.437,9.437,,,,,,47.139995,-122.357320
201,1,,,-122.3573283,47.1398933,2025-09-29 21:37:18.000,_20250929_143409_CH08_TMO_5G Auto_VoNR Coverage Test_REF4 Mobile_5G Auto VoNR Coverage Test.dml,,NR SA,47.139893,-122.357328,n71A,125290,587,-95.520000,21.000000,1,Rank 1 (RI0),6.400000,1.421798,9.433824,1.400000,7.500000,9.437,10.485,,,,,,47.140132,-122.357320
202,1,,,-122.3573317,47.1400300,2025-09-29 21:37:19.000,_20250929_143409_CH08_TMO_5G Auto_VoNR Coverage Test_REF4 Mobile_5G Auto VoNR Coverage Test.dml,,NR SA,47.140030,-122.357332,n71A,125290,587,-97.590000,21.000000,1,Rank 1 (RI0),6.510000,3.211603,9.989418,1.400000,8.200000,10.485,9.437,,,,,,47.140269,-122.357330
203,1,,,-122.3573317,47.1401700,2025-09-29 21:37:20.100,_20250929_143409_CH08_TMO_5G Auto_VoNR Coverage Test_REF4 Mobile_5G Auto VoNR Coverage Test.dml,,,,,,,,,,,,,,,,,,,4.232649,,,,,,
204,1,,,-122.3573317,47.1401700,2025-09-29 21:37:20.000,_20250929_143409_CH08_TMO_5G Auto_VoNR Coverage Test_REF4 Mobile_5G Auto VoNR Coverage Test.dml,,NR SA,47.140170,-122.357332,n71A,125290,587,-96.830000,21.000000,1,Rank 1 (RI0),7.200000,2.572928,8.925325,1.400000,7.400000,9.437,10.485,,,,,,47.140408,-122.357330
205,1,,,-122.3573317,47.1403150,2025-09-29 21:37:21.000,_20250929_143409_CH08_TMO_5G Auto_VoNR Coverage Test_REF4 Mobile_5G Auto VoNR Coverage Test.dml,,NR SA,47.140315,-122.357332,n71A,125290,587,-98.220000,21.400000,1,Rank 1 (RI0),5.230000,2.104720,5.496241,1.400000,7.200000,10.485,10.485,,,,,,47.140552,-122.357332
206,1,,,-122.3573333,47.1404633,2025-09-29 21:37:22.000,_20250929_143409_CH08_TMO_5G Auto_VoNR Coverage Test_REF4 Mobile_5G Auto VoNR Coverage Test.dml,,NR SA,47.140463,-122.357333,n71A,125290,587,-99.030000,21.900000,1,Rank 1 (RI0),3.880000,2.107479,5.319610,1.400000,6.600000,10.485,9.437,,,,,,47.140706,-122.357335
207,1,,,-122.3573350,47.1406167,2025-09-29 21:37:23.000,_20250929_143409_CH08_TMO_5G Auto_VoNR Coverage Test_REF4 Mobile_5G Auto VoNR Coverage Test.dml,,NR SA,47.140617,-122.357335,n71A,125290,587,-98.960000,22.200000,1,Rank 1 (RI0),3.700000,2.391451,4.793031,1.500000,6.100000,9.437,10.485,,,,,,47.140857,-122.357338
208,1,,,-122.3573383,47.1407700,2025-09-29 21:37:24.000,_20250929_143409_CH08_TMO_5G Auto_VoNR Coverage Test_REF4 Mobile_5G Auto VoNR Coverage Test.dml,,NR SA,47.140770,-122.357338,n71A,125290,587,-98.660000,22.500000,1,Rank 1 (RI0),2.480000,1.752518,4.335208,1.500000,5.900000,9.437,9.437,,,,,,47.141010,-122.357341
209,1,,,-122.3573367,47.1409267,2025-09-29 21:37:25.000,_20250929_143409_CH08_TMO_5G Auto_VoNR Coverage Test_REF4 Mobile_5G Auto VoNR Coverage Test.dml,,NR SA,47.140927,-122.357337,n71A,125290,587,-97.380000,22.700000,1,Rank 1 (RI0),4.800000,1.452322,3.934884,1.500000,6.900000,10.485,10.485,,,,,,47.141165,-122.357341
210,1,,,-122.3573350,47.1410850,2025-09-29 21:37:26.000,_20250929_143409_CH08_TMO_5G Auto_VoNR Coverage Test_REF4 Mobile_5G Auto VoNR Coverage Test.dml,,NR SA,47.141085,-122.357335,n71A,125290,587,-96.730000,22.700000,1,Rank 1 (RI0),5.120000,2.571950,4.974359,1.500000,6.200000,10.485,9.437,,,,,,47.141328,-122.357346
211,1,,,-122.3573350,47.1412450,2025-09-29 21:37:27.000,_20250929_143409_CH08_TMO_5G Auto_VoNR Coverage Test_REF4 Mobile_5G Auto VoNR Coverage Test.dml,,NR SA,47.141245,-122.357335,n71A,125290,587,-95.090000,22.500000,1,Rank 1 (RI0),6.680000,2.660393,4.889015,1.500000,7.000000,9.437,10.485,,,,,,47.141488,-122.357349
212,1,,,-122.3573350,47.1414050,2025-09-29 21:37:28.000,_20250929_143409_CH08_TMO_5G Auto_VoNR Coverage Test_REF4 Mobile_5G Auto VoNR Coverage Test.dml,,NR SA,47.141405,-122.357335,n71A,125290,587,-95.140000,22.800000,1,Rank 1 (RI0),6.060000,3.599965,4.690594,1.500000,7.200000,10.485,9.437,,,,,,47.141649,-122.357348
213,1,,,-122.3573333,47.1415683,2025-09-29 21:37:29.000,_20250929_143409_CH08_TMO_5G Auto_VoNR Coverage Test_REF4 Mobile_5G Auto VoNR Coverage Test.dml,,NR SA,47.141568,-122.357333,n71A,125290,587,-96.820000,22.900000,1,Rank 1 (RI0),3.670000,0.865992,3.814020,1.600000,6.600000,9.437,10.485,,,,,,47.141813,-122.357346
214,1,,,-122.3573333,47.1417317,2025-09-29 21:37:30.000,_20250929_143409_CH08_TMO_5G Auto_VoNR Coverage Test_REF4 Mobile_5G Auto VoNR Coverage Test.dml,,NR SA,47.141732,-122.357333,n71A,125290,587,-101.190000,23.000000,1,Rank 1 (RI0),-0.590000,2.234429,1.705714,1.600000,5.400000,10.485,9.437,,,,,,47.141978,-122.357343
215,1,,,-122.3573300,47.1418950,2025-09-29 21:37:31.000,_20250929_143409_CH08_TMO_5G Auto_VoNR Coverage Test_REF4 Mobile_5G Auto VoNR Coverage Test.dml,,NR SA,47.141895,-122.357330,n71A,125290,587,-100.740000,23.000000,1,Rank 1 (RI0),-0.780000,,0.470862,1.600000,5.600000,7.340,10.485,,,,,,47.142142,-122.357341
216,1,,,-122.3573267,47.1420633,2025-09-29 21:37:32.000,_20250929_143409_CH08_TMO_5G Auto_VoNR Coverage Test_REF4 Mobile_5G Auto VoNR Coverage Test.dml,,NR SA,47.142063,-122.357327,n71A,125290,587,-99.710000,23.000000,1,Rank 1 (RI0),-0.620000,,1.292952,1.600000,5.400000,6.291,9.437,,,,,,47.142314,-122.357341
217,1,,,-122.3573233,47.1422317,2025-09-29 21:37:33.000,_20250929_143409_CH08_TMO_5G Auto_VoNR Coverage Test_REF4 Mobile_5G Auto VoNR Coverage Test.dml,,NR SA,47.142232,-122.357323,n71A,125290,587,-96.740000,22.500000,1,Rank 1 (RI0),2.740000,,4.333333,1.600000,5.900000,4.194,4.194,,,,,,47.142489,-122.357347
218,1,,,-122.3573217,47.1424050,2025-09-29 21:37:34.000,_20250929_143409_CH08_TMO_5G Auto_VoNR Coverage Test_REF4 Mobile_5G Auto VoNR Coverage Test.dml,,NR SA,47.142405,-122.357322,n71A,125290,587,-95.930000,21.800000,1,Rank 1 (RI0),1.990000,1.829459,5.807432,1.700000,6.200000,15.728,0.000,,,,,,47.142667,-122.357341
219,1,,,-122.3573167,47.1425817,2025-09-29 21:37:35.000,_20250929_143409_CH08_TMO_5G Auto_VoNR Coverage Test_REF4 Mobile_5G Auto VoNR Coverage Test.dml,,NR SA,47.142582,-122.357317,n71A,125290,587,-94.460000,21.700000,1,Rank 1 (RI0),-0.050000,1.296080,6.104987,1.700000,4.200000,9.437,0.000,,,,,,47.142841,-122.357346
220,1,,,-122.3573150,47.1427600,2025-09-29 21:37:36.000,_20250929_143409_CH08_TMO_5G Auto_VoNR Coverage Test_REF4 Mobile_5G Auto VoNR Coverage Test.dml,,NR SA,47.142760,-122.357315,n71A,125290,587,-96.350000,22.300000,1,Rank 1 (RI0),-0.430000,1.320633,5.008798,1.700000,4.500000,1.048,0.000,,,,,,47.143013,-122.357348
221,1,,,-122.3573167,47.1429417,2025-09-29 21:37:37.000,_20250929_143409_CH08_TMO_5G Auto_VoNR Coverage Test_REF4 Mobile_5G Auto VoNR Coverage Test.dml,,NR SA,47.142942,-122.357317,n71A,125290,587,-98.010000,22.800000,1,Rank 1 (RI0),-1.540000,,3.692790,1.700000,3.500000,8.388,22.020,,,,,,47.143192,-122.357350
222,1,,,-122.3573183,47.1431233,2025-09-29 21:37:38.000,_20250929_143409_CH08_TMO_5G Auto_VoNR Coverage Test_REF4 Mobile_5G Auto VoNR Coverage Test.dml,,NR SA,47.143123,-122.357318,n71A,125290,587,-99.480000,23.000000,1,Rank 1 (RI0),-4.080000,0.309220,1.729242,1.700000,2.900000,4.194,0.000,,,,,,47.143376,-122.357359
223,1,,,-122.3573183,47.1433067,2025-09-29 21:37:39.000,_20250929_143409_CH08_TMO_5G Auto_VoNR Coverage Test_REF4 Mobile_5G Auto VoNR Coverage Test.dml,,NR SA,47.143307,-122.357318,n71A,125290,587,-101.560000,23.000000,1,Rank 1 (RI0),-5.940000,2.793280,3.446721,1.800000,1.800000,2.097,0.000,,,,,,47.143559,-122.357365
224,1,,,-122.3573200,47.1434917,2025-09-29 21:37:39.898,_20250929_143409_CH08_TMO_5G Auto_VoNR Coverage Test_REF4 Mobile_5G Auto VoNR Coverage Test.dml,,,,,,,,,,,,,,,,,,,4.292989,,,,,,
225,1,,,-122.3573200,47.1434917,2025-09-29 21:37:40.000,_20250929_143409_CH08_TMO_5G Auto_VoNR Coverage Test_REF4 Mobile_5G Auto VoNR Coverage Test.dml,,NR SA,47.143492,-122.357320,n71A,125290,587,-101.830000,23.000000,1,Rank 1 (RI0),-5.170000,,1.074906,1.800000,2.000000,0.000,0.000,,,,,,47.143751,-122.357350
226,1,,,-122.3573167,47.1436767,2025-09-29 21:37:41.000,_20250929_143409_CH08_TMO_5G Auto_VoNR Coverage Test_REF4 Mobile_5G Auto VoNR Coverage Test.dml,,NR SA,47.143677,-122.357317,n71A,125290,587,-104.430000,23.100000,1,Rank 1 (RI0),-8.490000,28.108204,4.916667,1.800000,1.700000,1.048,0.000,,,,,,47.143926,-122.357344
227,1,,,-122.3573117,47.1438567,2025-09-29 21:37:42.000,_20250929_143409_CH08_TMO_5G Auto_VoNR Coverage Test_REF4 Mobile_5G Auto VoNR Coverage Test.dml,,NR SA,47.143857,-122.357312,n71A,125290,587,-104.640000,23.700000,1,Rank 1 (RI0),-7.460000,44.157883,3.327273,1.800000,1.900000,0.000,0.000,,,,,,47.144104,-122.357337
228,1,,,-122.3573083,47.1440317,2025-09-29 21:37:43.000,_20250929_143409_CH08_TMO_5G Auto_VoNR Coverage Test_REF4 Mobile_5G Auto VoNR Coverage Test.dml,,NR SA,47.144032,-122.357308,n71A,125290,587,-105.750000,22.900000,1,Rank 1 (RI0),-7.160000,10.521712,3.160839,1.800000,2.000000,0.000,0.000,,,,,,47.144282,-122.357330
229,1,,,-122.3573050,47.1442083,2025-09-29 21:37:44.000,_20250929_143409_CH08_TMO_5G Auto_VoNR Coverage Test_REF4 Mobile_5G Auto VoNR Coverage Test.dml,,NR SA,47.144208,-122.357305,n71A,125290,587,-103.820000,22.900000,1,Rank 1 (RI0),-7.230000,11.441144,7.438596,1.900000,2.000000,,,,,,,,47.144467,-122.357324
230,1,,,-122.3573067,47.1443883,2025-09-29 21:37:45.000,_20250929_143409_CH08_TMO_5G Auto_VoNR Coverage Test_REF4 Mobile_5G Auto VoNR Coverage Test.dml,,NR SA,47.144388,-122.357307,n71A,125290,587,-101.730000,22.900000,1,Rank 1 (RI0),-4.760000,,0.662050,1.900000,3.900000,,,,,,,,47.144646,-122.357321
231,1,,,-122.3573067,47.1445717,2025-09-29 21:37:46.000,_20250929_143409_CH08_TMO_5G Auto_VoNR Coverage Test_REF4 Mobile_5G Auto VoNR Coverage Test.dml,,NR SA,47.144572,-122.357307,n71A,125290,587,-100.440000,23.000000,1,Rank 1 (RI0),-7.640000,25.997379,7.754545,1.900000,3.400000,,,,,,,,47.144827,-122.357320
232,1,,,-122.3573033,47.1447533,2025-09-29 21:37:47.000,_20250929_143409_CH08_TMO_5G Auto_VoNR Coverage Test_REF4 Mobile_5G Auto VoNR Coverage Test.dml,,NR SA,47.144753,-122.357303,n71A,125290,587,-100.750000,23.000000,1,Rank 1 (RI0),-8.990000,34.932832,8.660305,1.900000,3.800000,,,,,,,,47.145008,-122.357319
233,1,,,-122.3573033,47.1449383,2025-09-29 21:37:48.000,_20250929_143409_CH08_TMO_5G Auto_VoNR Coverage Test_REF4 Mobile_5G Auto VoNR Coverage Test.dml,,NR SA,47.144938,-122.357303,n71A,125290,587,-100.530000,23.400000,1,Rank 1 (RI0),-8.260000,19.926713,4.920000,1.900000,3.800000,,,,,,,,47.145187,-122.357322
234,1,,,-122.3573050,47.1451217,2025-09-29 21:37:49.000,_20250929_143409_CH08_TMO_5G Auto_VoNR Coverage Test_REF4 Mobile_5G Auto VoNR Coverage Test.dml,,NR SA,47.145122,-122.357305,n71A,125290,587,-101.070000,22.900000,1,Rank 1 (RI0),-8.520000,21.323194,5.896000,2.000000,2.400000,,,,,,,,47.145367,-122.357319
235,1,,,-122.3573100,47.1453050,2025-09-29 21:37:50.000,_20250929_143409_CH08_TMO_5G Auto_VoNR Coverage Test_REF4 Mobile_5G Auto VoNR Coverage Test.dml,,NR SA,47.145305,-122.357310,n71A,125290,587,-101.040000,23.000000,1,Rank 1 (RI0),-6.990000,0.686979,1.605150,2.000000,3.400000,,,,,,,,47.145545,-122.357319
236,1,,,-122.3573117,47.1454867,2025-09-29 21:37:51.000,_20250929_143409_CH08_TMO_5G Auto_VoNR Coverage Test_REF4 Mobile_5G Auto VoNR Coverage Test.dml,,NR SA,47.145487,-122.357312,n71A,125290,587,-102.900000,22.900000,1,Rank 1 (RI0),-8.940000,24.868533,6.857143,2.000000,3.300000,,,,,,,,47.145725,-122.357319
237,1,,,-122.3573100,47.1456667,2025-09-29 21:37:52.000,_20250929_143409_CH08_TMO_5G Auto_VoNR Coverage Test_REF4 Mobile_5G Auto VoNR Coverage Test.dml,,NR SA,47.145667,-122.357310,n71A,125290,587,-103.370000,23.000000,1,Rank 1 (RI0),-8.070000,23.231653,4.820388,2.000000,3.800000,,,,,,,,47.145902,-122.357317
238,1,,,-122.3573083,47.1458450,2025-09-29 21:37:53.000,_20250929_143409_CH08_TMO_5G Auto_VoNR Coverage Test_REF4 Mobile_5G Auto VoNR Coverage Test.dml,,NR SA,47.145845,-122.357308,n71A,125290,587,-102.960000,23.100000,1,Rank 1 (RI0),-8.770000,15.349106,1.230769,2.000000,3.400000,,,,,,,,47.146076,-122.357312
239,1,,,-122.3573033,47.1460233,2025-09-29 21:37:54.000,_20250929_143409_CH08_TMO_5G Auto_VoNR Coverage Test_REF4 Mobile_5G Auto VoNR Coverage Test.dml,,NR SA,47.146023,-122.357303,n71A,125290,587,-102.920000,24.000000,1,Rank 1 (RI0),-10.330000,18.497110,3.115385,2.100000,2.800000,,,,,,,,47.146249,-122.357307
240,1,,,-122.3572950,47.1462000,2025-09-29 21:37:55.000,_20250929_143409_CH08_TMO_5G Auto_VoNR Coverage Test_REF4 Mobile_5G Auto VoNR Coverage Test.dml,,NR SA,47.146200,-122.357295,n71A,125290,587,-103.140000,24.000000,1,Rank 1 (RI0),-10.780000,46.020761,3.000000,2.100000,2.000000,,,,,,,,47.146414,-122.357297
241,1,,,-122.3572867,47.1463683,2025-09-29 21:37:56.000,_20250929_143409_CH08_TMO_5G Auto_VoNR Coverage Test_REF4 Mobile_5G Auto VoNR Coverage Test.dml,,NR SA,47.146368,-122.357287,n71A,125290,587,-102.600000,24.000000,1,Rank 1 (RI0),-10.190000,27.564979,2.842105,2.100000,1.400000,,,,,,,,47.146577,-122.357287
242,1,,,-122.3572700,47.1466850,2025-09-29 21:37:57.000,_20250929_143409_CH08_TMO_5G Auto_VoNR Coverage Test_REF4 Mobile_5G Auto VoNR Coverage Test.dml,,NR SA,47.146685,-122.357270,,,,,,1,Rank 1 (RI0),,,3.000000,2.100000,2.000000,,,,,,,,47.146735,-122.357278
243,1,,,-122.3572650,47.1468400,2025-09-29 21:37:58.000,_20250929_143409_CH08_TMO_5G Auto_VoNR Coverage Test_REF4 Mobile_5G Auto VoNR Coverage Test.dml,,NR SA,47.146840,-122.357265,,,,,,,,,,,2.200000,,,,,,,,,47.146895,-122.357273
244,1,,,-122.3572650,47.1468400,2025-09-29 21:37:59.000,_20250929_143409_CH08_TMO_5G Auto_VoNR Coverage Test_REF4 Mobile_5G Auto VoNR Coverage Test.dml,,NR SA,47.146840,-122.357265,,,,,,1,Rank 1 (RI0),,,,2.200000,2.000000,,,,,,,,47.147049,-122.357267
245,1,,,-122.3572583,47.1469917,2025-09-29 21:38:00.008,_20250929_143409_CH08_TMO_5G Auto_VoNR Coverage Test_REF4 Mobile_5G Auto VoNR Coverage Test.dml,,,,,,,,,,,,,,,,,,,1.330568,,,,,,
246,1,,,-122.3572583,47.1469917,2025-09-29 21:38:00.000,_20250929_143409_CH08_TMO_5G Auto_VoNR Coverage Test_REF4 Mobile_5G Auto VoNR Coverage Test.dml,,NR SA,47.146992,-122.357258,,,,,,1,Rank 1 (RI0),,,,2.200000,2.000000,,,,,,,,47.147180,-122.357260
247,1,,,-122.3572500,47.1471317,2025-09-29 21:38:01.000,_20250929_143409_CH08_TMO_5G Auto_VoNR Coverage Test_REF4 Mobile_5G Auto VoNR Coverage Test.dml,,NR SA,47.147132,-122.357250,n71A,125290,587,-102.160000,23.000000,1,Rank 1 (RI0),-6.840000,,16.000000,2.200000,2.000000,,,,,,,,47.147303,-122.357259
248,1,,,-122.3572417,47.1472583,2025-09-29 21:38:02.000,_20250929_143409_CH08_TMO_5G Auto_VoNR Coverage Test_REF4 Mobile_5G Auto VoNR Coverage Test.dml,,NR SA,47.147258,-122.357242,n71A,125290,587,-101.100000,22.700000,1,Rank 1 (RI0),-9.520000,37.517764,6.343750,2.200000,7.000000,,,,,,,,47.147409,-122.357258
249,1,,,-122.3572350,47.1473750,2025-09-29 21:38:03.000,_20250929_143409_CH08_TMO_5G Auto_VoNR Coverage Test_REF4 Mobile_5G Auto VoNR Coverage Test.dml,,NR SA,47.147375,-122.357235,n71A,125290,587,-100.320000,23.000000,1,Rank 1 (RI0),-10.120000,33.164613,9.511111,2.200000,8.600000,,,,,,,,47.147512,-122.357256
250,1,,,-122.3572283,47.1474800,2025-09-29 21:38:04.000,_20250929_143409_CH08_TMO_5G Auto_VoNR Coverage Test_REF4 Mobile_5G Auto VoNR Coverage Test.dml,,NR SA,47.147480,-122.357228,n71A,125290,587,-101.940000,23.000000,1,Rank 1 (RI0),-10.980000,39.727315,5.825000,2.200000,5.100000,,,,,,,,47.147602,-122.357253
251,1,,,-122.3572233,47.1475783,2025-09-29 21:38:05.000,_20250929_143409_CH08_TMO_5G Auto_VoNR Coverage Test_REF4 Mobile_5G Auto VoNR Coverage Test.dml,,NR SA,47.147578,-122.357223,n71A,125290,587,-101.360000,23.500000,2,Rank 1 (RI0),-10.780000,57.801342,5.920000,2.200000,5.100000,,,,,,,,47.147691,-122.357245
252,1,,,-122.3572200,47.1476717,2025-09-29 21:38:06.000,_20250929_143409_CH08_TMO_5G Auto_VoNR Coverage Test_REF4 Mobile_5G Auto VoNR Coverage Test.dml,,NR SA,47.147672,-122.357220,n71A,125290,587,-101.220000,24.000000,1,Rank 1 (RI0),-9.690000,13.789778,2.791667,2.200000,5.700000,,,,,,,,47.147768,-122.357242
253,1,,,-122.3572183,47.1477583,2025-09-29 21:38:07.000,_20250929_143409_CH08_TMO_5G Auto_VoNR Coverage Test_REF4 Mobile_5G Auto VoNR Coverage Test.dml,,NR SA,47.147758,-122.357218,n71A,125290,587,-102.100000,24.000000,1,Rank 1 (RI0),-10.130000,74.285714,3.000000,2.300000,3.100000,,,,,,,,47.147842,-122.357231
254,1,,,-122.3572117,47.1479033,2025-09-29 21:38:08.000,_20250929_143409_CH08_TMO_5G Auto_VoNR Coverage Test_REF4 Mobile_5G Auto VoNR Coverage Test.dml,,NR SA,47.147903,-122.357212,n71A,125290,587,-102.510000,24.000000,1,Rank 1 (RI0),-10.530000,60.919540,3.000000,2.300000,3.500000,,,,,,,,47.147915,-122.357226
255,1,,,-122.3572083,47.1479650,2025-09-29 21:38:09.000,_20250929_143409_CH08_TMO_5G Auto_VoNR Coverage Test_REF4 Mobile_5G Auto VoNR Coverage Test.dml,,NR SA,47.147965,-122.357208,,,,,,,,,,,2.300000,,,,,,,,,47.147977,-122.357223
256,1,,,-122.3572033,47.1480183,2025-09-29 21:38:10.000,_20250929_143409_CH08_TMO_5G Auto_VoNR Coverage Test_REF4 Mobile_5G Auto VoNR Coverage Test.dml,,NR SA,47.148018,-122.357203,,,,,,,,,,,2.300000,,,,,,,,,47.148029,-122.357219
257,1,,,-122.3572000,47.1480717,2025-09-29 21:38:11.000,_20250929_143409_CH08_TMO_5G Auto_VoNR Coverage Test_REF4 Mobile_5G Auto VoNR Coverage Test.dml,,NR SA,47.148072,-122.357200,,,,,,,,,,,2.300000,,,,,,,,,47.148082,-122.357215
258,1,,,-122.3571950,47.1481250,2025-09-29 21:38:12.000,_20250929_143409_CH08_TMO_5G Auto_VoNR Coverage Test_REF4 Mobile_5G Auto VoNR Coverage Test.dml,,NR SA,47.148125,-122.357195,,,,,,,,,,,2.300000,,,,,,,,,47.148139,-122.357212
259,1,,,-122.3571950,47.1481250,2025-09-29 21:38:13.000,_20250929_143409_CH08_TMO_5G Auto_VoNR Coverage Test_REF4 Mobile_5G Auto VoNR Coverage Test.dml,,NR SA,47.148125,-122.357195,,,,,,,,,,,2.300000,,,,,,,,,47.148203,-122.357206
260,1,,,-122.3571883,47.1481833,2025-09-29 21:38:14.000,_20250929_143409_CH08_TMO_5G Auto_VoNR Coverage Test_REF4 Mobile_5G Auto VoNR Coverage Test.dml,,NR SA,47.148183,-122.357188,,,,,,,,,,,2.300000,,,,,,,,,47.148262,-122.357204
261,1,,,-122.3571733,47.1482983,2025-09-29 21:38:15.000,_20250929_143409_CH08_TMO_5G Auto_VoNR Coverage Test_REF4 Mobile_5G Auto VoNR Coverage Test.dml,,NR SA,47.148298,-122.357173,,,,,,,,,,,2.300000,,,,,,,,,47.148326,-122.357198
262,1,,,-122.3571700,47.1483600,2025-09-29 21:38:16.000,_20250929_143409_CH08_TMO_5G Auto_VoNR Coverage Test_REF4 Mobile_5G Auto VoNR Coverage Test.dml,,NR SA,47.148360,-122.357170,,,,,,,,,,,2.300000,,,,,,,,,47.148387,-122.357194
263,1,,,-122.3571650,47.1484267,2025-09-29 21:38:17.000,_20250929_143409_CH08_TMO_5G Auto_VoNR Coverage Test_REF4 Mobile_5G Auto VoNR Coverage Test.dml,,NR SA,47.148427,-122.357165,,,,,,,,,,,2.300000,,,,,,,,,47.148456,-122.357191
264,1,,,-122.3571617,47.1485000,2025-09-29 21:38:18.000,_20250929_143409_CH08_TMO_5G Auto_VoNR Coverage Test_REF4 Mobile_5G Auto VoNR Coverage Test.dml,,NR SA,47.148500,-122.357162,,,,,,,,,,,2.300000,,,,,,,,,47.148532,-122.357187
265,1,,,-122.3571617,47.1485000,2025-09-29 21:38:19.773,_20250929_143409_CH08_TMO_5G Auto_VoNR Coverage Test_REF4 Mobile_5G Auto VoNR Coverage Test.dml,,,,,,,,,,,,,,,,,,,1.010000,,,,,,
266,1,,,-122.3571567,47.1485783,2025-09-29 21:38:19.000,_20250929_143409_CH08_TMO_5G Auto_VoNR Coverage Test_REF4 Mobile_5G Auto VoNR Coverage Test.dml,,NR SA,47.148578,-122.357157,,,,,,,,,,,2.300000,,,,,,,,,47.148613,-122.357186
267,1,,,-122.3571533,47.1486650,2025-09-29 21:38:20.000,_20250929_143409_CH08_TMO_5G Auto_VoNR Coverage Test_REF4 Mobile_5G Auto VoNR Coverage Test.dml,,NR SA,47.148665,-122.357153,,,,,,,,,,,2.400000,,,,,,,,,47.148703,-122.357183
268,1,,,-122.3571467,47.1487583,2025-09-29 21:38:21.000,_20250929_143409_CH08_TMO_5G Auto_VoNR Coverage Test_REF4 Mobile_5G Auto VoNR Coverage Test.dml,,NR SA,47.148758,-122.357147,,,,,,,,,,,2.400000,,,,,,,,,47.148799,-122.357178
269,1,,,-122.3571450,47.1488567,2025-09-29 21:38:22.000,_20250929_143409_CH08_TMO_5G Auto_VoNR Coverage Test_REF4 Mobile_5G Auto VoNR Coverage Test.dml,,NR SA,47.148857,-122.357145,,,,,,,,,,,2.400000,,,,,,,,,47.148899,-122.357173
270,1,,,-122.3571450,47.1489600,2025-09-29 21:38:23.000,_20250929_143409_CH08_TMO_5G Auto_VoNR Coverage Test_REF4 Mobile_5G Auto VoNR Coverage Test.dml,,NR SA,47.148960,-122.357145,,,,,,,,,,,2.400000,,,,,,,,,47.149005,-122.357170
271,1,,,-122.3571433,47.1490650,2025-09-29 21:38:24.000,_20250929_143409_CH08_TMO_5G Auto_VoNR Coverage Test_REF4 Mobile_5G Auto VoNR Coverage Test.dml,,NR SA,47.149065,-122.357143,,,,,,,,,,,2.400000,,,,,,,,,47.149117,-122.357168
272,1,,,-122.3571433,47.1491783,2025-09-29 21:38:25.000,_20250929_143409_CH08_TMO_5G Auto_VoNR Coverage Test_REF4 Mobile_5G Auto VoNR Coverage Test.dml,,NR SA,47.149178,-122.357143,,,,,,,,,,,2.400000,,,,,,,,,47.149237,-122.357167
273,1,,,-122.3571433,47.1492967,2025-09-29 21:38:26.000,_20250929_143409_CH08_TMO_5G Auto_VoNR Coverage Test_REF4 Mobile_5G Auto VoNR Coverage Test.dml,,NR SA,47.149297,-122.357143,,,,,,,,,,,2.400000,,,,,,,,,47.149361,-122.357167
274,1,,,-122.3571433,47.1494200,2025-09-29 21:38:27.000,_20250929_143409_CH08_TMO_5G Auto_VoNR Coverage Test_REF4 Mobile_5G Auto VoNR Coverage Test.dml,,NR SA,47.149420,-122.357143,,,,,,,,,,,2.400000,,,,,,,,,47.149484,-122.357168
275,1,,,-122.3571433,47.1495483,2025-09-29 21:38:28.000,_20250929_143409_CH08_TMO_5G Auto_VoNR Coverage Test_REF4 Mobile_5G Auto VoNR Coverage Test.dml,,NR SA,47.149548,-122.357143,,,,,,,,,,,2.500000,,,,,,,,,47.149614,-122.357166
276,1,,,-122.3571433,47.1495483,2025-09-29 21:38:29.000,_20250929_143409_CH08_TMO_5G Auto_VoNR Coverage Test_REF4 Mobile_5G Auto VoNR Coverage Test.dml,,NR SA,47.149548,-122.357143,,,,,,,,,,,2.500000,,,,,,,,,47.149748,-122.357164
277,1,,,-122.3571467,47.1498150,2025-09-29 21:38:30.000,_20250929_143409_CH08_TMO_5G Auto_VoNR Coverage Test_REF4 Mobile_5G Auto VoNR Coverage Test.dml,,NR SA,47.149815,-122.357147,,,,,,,,,,,2.500000,,,,,,,,,47.149888,-122.357158
278,1,,,-122.3571467,47.1499467,2025-09-29 21:38:31.000,_20250929_143409_CH08_TMO_5G Auto_VoNR Coverage Test_REF4 Mobile_5G Auto VoNR Coverage Test.dml,,NR SA,47.149947,-122.357147,,,,,,,,,,,2.500000,,,,,,,,,47.150018,-122.357158
279,1,,,-122.3571450,47.1500733,2025-09-29 21:38:32.000,_20250929_143409_CH08_TMO_5G Auto_VoNR Coverage Test_REF4 Mobile_5G Auto VoNR Coverage Test.dml,,NR SA,47.150073,-122.357145,,,,,,,,,,,2.500000,,,,,,,,,47.150140,-122.357158
280,1,,,-122.3571433,47.1501867,2025-09-29 21:38:33.000,_20250929_143409_CH08_TMO_5G Auto_VoNR Coverage Test_REF4 Mobile_5G Auto VoNR Coverage Test.dml,,NR SA,47.150187,-122.357143,,,,,,,,,,,2.500000,,,,,,,,,47.150249,-122.357160
281,1,,,-122.3571450,47.1502833,2025-09-29 21:38:34.000,_20250929_143409_CH08_TMO_5G Auto_VoNR Coverage Test_REF4 Mobile_5G Auto VoNR Coverage Test.dml,,NR SA,47.150283,-122.357145,,,,,,,,,,,2.500000,,,,,,,,,47.150330,-122.357157
282,1,,,-122.3571450,47.1503617,2025-09-29 21:38:35.000,_20250929_143409_CH08_TMO_5G Auto_VoNR Coverage Test_REF4 Mobile_5G Auto VoNR Coverage Test.dml,,NR SA,47.150362,-122.357145,,,,,,,,,,,2.500000,,,,,,,,,47.150394,-122.357157
283,1,,,-122.3571433,47.1504233,2025-09-29 21:38:36.000,_20250929_143409_CH08_TMO_5G Auto_VoNR Coverage Test_REF4 Mobile_5G Auto VoNR Coverage Test.dml,,NR SA,47.150423,-122.357143,,,,,,,,,,,2.600000,,,,,,,,,47.150444,-122.357158
284,1,,,-122.3571417,47.1504733,2025-09-29 21:38:37.000,_20250929_143409_CH08_TMO_5G Auto_VoNR Coverage Test_REF4 Mobile_5G Auto VoNR Coverage Test.dml,,NR SA,47.150473,-122.357142,,,,,,,,,,,2.600000,,,,,,,,,47.150489,-122.357154
285,1,,,-122.3571417,47.1505150,2025-09-29 21:38:38.000,_20250929_143409_CH08_TMO_5G Auto_VoNR Coverage Test_REF4 Mobile_5G Auto VoNR Coverage Test.dml,,NR SA,47.150515,-122.357142,,,,,,,,,,,2.600000,,,,,,,,,47.150527,-122.357152
286,1,,,-122.3571417,47.1505150,2025-09-29 21:38:39.007,_20250929_143409_CH08_TMO_5G Auto_VoNR Coverage Test_REF4 Mobile_5G Auto VoNR Coverage Test.dml,,,,,,,,,,,,,,,,,,,,,,,[UE]   Voice - Release Call Success,,
287,1,,,-122.3571417,47.1505150,2025-09-29 21:38:39.007,_20250929_143409_CH08_TMO_5G Auto_VoNR Coverage Test_REF4 Mobile_5G Auto VoNR Coverage Test.dml,,,,,,,,,,,,,,,,,,,,,,,[Tool] Voice - Call Result : Drop,,
288,1,,,-122.3571417,47.1505467,2025-09-29 21:38:39.000,_20250929_143409_CH08_TMO_5G Auto_VoNR Coverage Test_REF4 Mobile_5G Auto VoNR Coverage Test.dml,,NR SA,47.150547,-122.357142,,,,,,,,,,,2.600000,,,,,,,,,47.150560,-122.357149
289,1,,,-122.3571367,47.1505633,2025-09-29 21:38:40.000,_20250929_143409_CH08_TMO_5G Auto_VoNR Coverage Test_REF4 Mobile_5G Auto VoNR Coverage Test.dml,,NR SA,47.150563,-122.357137,,,,,,,,,,,2.600000,,,,,,,,,47.150579,-122.357146
290,1,,,-122.3571367,47.1505683,2025-09-29 21:38:41.000,_20250929_143409_CH08_TMO_5G Auto_VoNR Coverage Test_REF4 Mobile_5G Auto VoNR Coverage Test.dml,,NR SA,47.150568,-122.357137,,,,,,,,,,,2.600000,,,,,,,,,47.150583,-122.357145
291,1,,,-122.3571367,47.1505683,2025-09-29 21:38:42.000,_20250929_143409_CH08_TMO_5G Auto_VoNR Coverage Test_REF4 Mobile_5G Auto VoNR Coverage Test.dml,,NR SA,47.150568,-122.357137,,,,,,,,,,,2.600000,,,,,,,,,47.150583,-122.357145
292,1,,,-122.3571367,47.1505650,2025-09-29 21:38:43.000,_20250929_143409_CH08_TMO_5G Auto_VoNR Coverage Test_REF4 Mobile_5G Auto VoNR Coverage Test.dml,,NR SA,47.150565,-122.357137,,,,,,,,,,,2.600000,,,,,,,,,47.150583,-122.357145
293,1,,,-122.3571367,47.1505650,2025-09-29 21:38:44.000,_20250929_143409_CH08_TMO_5G Auto_VoNR Coverage Test_REF4 Mobile_5G Auto VoNR Coverage Test.dml,,NR SA,47.150565,-122.357137,,,,,,,,,,,2.600000,,,,,,,,,47.150583,-122.357145
294,1,,,-122.3571367,47.1505650,2025-09-29 21:38:45.000,_20250929_143409_CH08_TMO_5G Auto_VoNR Coverage Test_REF4 Mobile_5G Auto VoNR Coverage Test.dml,,NR SA,47.150565,-122.357137,,,,,,,,,,,2.600000,,,,,,,,,47.150583,-122.357145
295,1,,,-122.3571367,47.1505650,2025-09-29 21:38:46.000,_20250929_143409_CH08_TMO_5G Auto_VoNR Coverage Test_REF4 Mobile_5G Auto VoNR Coverage Test.dml,,NR SA,47.150565,-122.357137,,,,,,,,,,,2.600000,,,,,,,,,47.150583,-122.357145
296,1,,,-122.3571367,47.1505650,2025-09-29 21:38:47.000,_20250929_143409_CH08_TMO_5G Auto_VoNR Coverage Test_REF4 Mobile_5G Auto VoNR Coverage Test.dml,,NR SA,47.150565,-122.357137,,,,,,,,,,,2.600000,,,,,,,,,47.150583,-122.357145
297,1,,,-122.3571367,47.1505650,2025-09-29 21:38:48.000,_20250929_143409_CH08_TMO_5G Auto_VoNR Coverage Test_REF4 Mobile_5G Auto VoNR Coverage Test.dml,,NR SA,47.150565,-122.357137,,,,,,,,,,,2.600000,,,,,,,,,47.150583,-122.357145
298,1,,,-122.3571367,47.1505650,2025-09-29 21:38:49.000,_20250929_143409_CH08_TMO_5G Auto_VoNR Coverage Test_REF4 Mobile_5G Auto VoNR Coverage Test.dml,,NR SA,47.150565,-122.357137,,,,,,,,,,,2.600000,,,,,,,,,47.150583,-122.357145
299,1,,,-122.3571367,47.1505650,2025-09-29 21:38:50.000,_20250929_143409_CH08_TMO_5G Auto_VoNR Coverage Test_REF4 Mobile_5G Auto VoNR Coverage Test.dml,,NR SA,47.150565,-122.357137,,,,,,,,,,,2.600000,,,,,,,,,47.150583,-122.357145
300,1,,,-122.3571367,47.1505650,2025-09-29 21:38:51.000,_20250929_143409_CH08_TMO_5G Auto_VoNR Coverage Test_REF4 Mobile_5G Auto VoNR Coverage Test.dml,,NR SA,47.150565,-122.357137,,,,,,,,,,,2.600000,,,,,,,,,47.150583,-122.357145
301,1,,,-122.3571367,47.1505650,2025-09-29 21:38:52.000,_20250929_143409_CH08_TMO_5G Auto_VoNR Coverage Test_REF4 Mobile_5G Auto VoNR Coverage Test.dml,,NR SA,47.150565,-122.357137,,,,,,,,,,,2.600000,,,,,,,,,47.150583,-122.357145
302,1,,,-122.3571367,47.1505650,2025-09-29 21:38:53.000,_20250929_143409_CH08_TMO_5G Auto_VoNR Coverage Test_REF4 Mobile_5G Auto VoNR Coverage Test.dml,,NR SA,47.150565,-122.357137,,,,,,,,,,,2.600000,,,,,,,,,47.150583,-122.357145
303,1,,,-122.3571367,47.1505650,2025-09-29 21:38:54.000,_20250929_143409_CH08_TMO_5G Auto_VoNR Coverage Test_REF4 Mobile_5G Auto VoNR Coverage Test.dml,,NR SA,47.150565,-122.357137,,,,,,,,,,,2.600000,,,,,,,,,47.150583,-122.357145
304,1,,,-122.3571367,47.1505650,2025-09-29 21:38:55.000,_20250929_143409_CH08_TMO_5G Auto_VoNR Coverage Test_REF4 Mobile_5G Auto VoNR Coverage Test.dml,,NR SA,47.150565,-122.357137,,,,,,,,,,,2.600000,,,,,,,,,47.150583,-122.357145
305,1,,,-122.3571367,47.1505650,2025-09-29 21:38:56.000,_20250929_143409_CH08_TMO_5G Auto_VoNR Coverage Test_REF4 Mobile_5G Auto VoNR Coverage Test.dml,,NR SA,47.150565,-122.357137,,,,,,,,,,,2.600000,,,,,,,,,47.150583,-122.357145
306,1,,,-122.3571367,47.1505650,2025-09-29 21:38:57.000,_20250929_143409_CH08_TMO_5G Auto_VoNR Coverage Test_REF4 Mobile_5G Auto VoNR Coverage Test.dml,,NR SA,47.150565,-122.357137,,,,,,,,,,,2.600000,,,,,,,,,47.150583,-122.357145
307,1,,,-122.3571367,47.1505650,2025-09-29 21:38:58.000,_20250929_143409_CH08_TMO_5G Auto_VoNR Coverage Test_REF4 Mobile_5G Auto VoNR Coverage Test.dml,,NR SA,47.150565,-122.357137,,,,,,,,,,,2.600000,,,,,,,,,47.150583,-122.357145
308,1,,,-122.3571367,47.1505650,2025-09-29 21:38:59.000,_20250929_143409_CH08_TMO_5G Auto_VoNR Coverage Test_REF4 Mobile_5G Auto VoNR Coverage Test.dml,,NR SA,47.150565,-122.357137,,,,,,,,,,,2.600000,,,,,,,,,47.150583,-122.357145
309,1,,,-122.3571367,47.1505650,2025-09-29 21:39:00.000,_20250929_143409_CH08_TMO_5G Auto_VoNR Coverage Test_REF4 Mobile_5G Auto VoNR Coverage Test.dml,,NR SA,47.150565,-122.357137,,,,,,,,,,,2.600000,,,,,,,,,47.150583,-122.357145
310,1,,,-122.3571367,47.1505650,2025-09-29 21:39:01.000,_20250929_143409_CH08_TMO_5G Auto_VoNR Coverage Test_REF4 Mobile_5G Auto VoNR Coverage Test.dml,,NR SA,47.150565,-122.357137,,,,,,,,,,,2.600000,,,,,,,,,47.150583,-122.357145
311,1,,,-122.3571367,47.1505650,2025-09-29 21:39:02.000,_20250929_143409_CH08_TMO_5G Auto_VoNR Coverage Test_REF4 Mobile_5G Auto VoNR Coverage Test.dml,,NR SA,47.150565,-122.357137,,,,,,,,,,,2.600000,,,,,,,,,47.150583,-122.357145
312,1,,,-122.3571367,47.1505650,2025-09-29 21:39:03.000,_20250929_143409_CH08_TMO_5G Auto_VoNR Coverage Test_REF4 Mobile_5G Auto VoNR Coverage Test.dml,,NR SA,47.150565,-122.357137,,,,,,,,,,,2.600000,,,,,,,,,47.150583,-122.357145
313,1,,,-122.3571367,47.1505650,2025-09-29 21:39:04.000,_20250929_143409_CH08_TMO_5G Auto_VoNR Coverage Test_REF4 Mobile_5G Auto VoNR Coverage Test.dml,,NR SA,47.150565,-122.357137,,,,,,,,,,,2.600000,,,,,,,,,47.150583,-122.357145
314,1,,,-122.3571367,47.1505650,2025-09-29 21:39:05.000,_20250929_143409_CH08_TMO_5G Auto_VoNR Coverage Test_REF4 Mobile_5G Auto VoNR Coverage Test.dml,,NR SA,47.150565,-122.357137,,,,,,,,,,,2.600000,,,,,,,,,47.150583,-122.357145
315,1,,,-122.3571367,47.1505650,2025-09-29 21:39:06.000,_20250929_143409_CH08_TMO_5G Auto_VoNR Coverage Test_REF4 Mobile_5G Auto VoNR Coverage Test.dml,,NR SA,47.150565,-122.357137,,,,,,,,,,,2.600000,,,,,,,,,47.150583,-122.357145
316,1,,,-122.3571367,47.1505650,2025-09-29 21:39:07.000,_20250929_143409_CH08_TMO_5G Auto_VoNR Coverage Test_REF4 Mobile_5G Auto VoNR Coverage Test.dml,,NR SA,47.150565,-122.357137,,,,,,,,,,,2.600000,,,,,,,,,47.150583,-122.357145
317,1,,,-122.3571367,47.1505650,2025-09-29 21:39:08.000,_20250929_143409_CH08_TMO_5G Auto_VoNR Coverage Test_REF4 Mobile_5G Auto VoNR Coverage Test.dml,,NR SA,47.150565,-122.357137,,,,,,,,,,,2.600000,,,,,,,,,47.150583,-122.357145
318,1,,,-122.3571367,47.1505650,2025-09-29 21:39:09.000,_20250929_143409_CH08_TMO_5G Auto_VoNR Coverage Test_REF4 Mobile_5G Auto VoNR Coverage Test.dml,,NR SA,47.150565,-122.357137,,,,,,,,,,,2.600000,,,,,,,,,47.150583,-122.357145
319,1,,,-122.3571367,47.1505650,2025-09-29 21:39:10.000,_20250929_143409_CH08_TMO_5G Auto_VoNR Coverage Test_REF4 Mobile_5G Auto VoNR Coverage Test.dml,,NR SA,47.150565,-122.357137,,,,,,,,,,,2.600000,,,,,,,,,47.150583,-122.357145
320,1,,,-122.3571367,47.1505650,2025-09-29 21:39:11.000,_20250929_143409_CH08_TMO_5G Auto_VoNR Coverage Test_REF4 Mobile_5G Auto VoNR Coverage Test.dml,,NR SA,47.150565,-122.357137,,,,,,,,,,,2.600000,,,,,,,,,47.150583,-122.357145
321,1,,,-122.3571367,47.1505650,2025-09-29 21:39:12.000,_20250929_143409_CH08_TMO_5G Auto_VoNR Coverage Test_REF4 Mobile_5G Auto VoNR Coverage Test.dml,,NR SA,47.150565,-122.357137,,,,,,,,,,,2.600000,,,,,,,,,47.150583,-122.357145
322,1,,,-122.3571367,47.1505650,2025-09-29 21:39:13.000,_20250929_143409_CH08_TMO_5G Auto_VoNR Coverage Test_REF4 Mobile_5G Auto VoNR Coverage Test.dml,,NR SA,47.150565,-122.357137,,,,,,,,,,,2.600000,,,,,,,,,47.150583,-122.357145
323,1,,,-122.3571367,47.1505650,2025-09-29 21:39:14.000,_20250929_143409_CH08_TMO_5G Auto_VoNR Coverage Test_REF4 Mobile_5G Auto VoNR Coverage Test.dml,,NR SA,47.150565,-122.357137,,,,,,,,,,,2.600000,,,,,,,,,47.150583,-122.357145
324,1,,,-122.3571367,47.1505650,2025-09-29 21:39:15.000,_20250929_143409_CH08_TMO_5G Auto_VoNR Coverage Test_REF4 Mobile_5G Auto VoNR Coverage Test.dml,,NR SA,47.150565,-122.357137,,,,,,,,,,,2.600000,,,,,,,,,47.150583,-122.357145
325,1,,,-122.3571367,47.1505650,2025-09-29 21:39:16.000,_20250929_143409_CH08_TMO_5G Auto_VoNR Coverage Test_REF4 Mobile_5G Auto VoNR Coverage Test.dml,,NR SA,47.150565,-122.357137,,,,,,,,,,,2.600000,,,,,,,,,47.150583,-122.357145
326,1,,,-122.3571367,47.1505650,2025-09-29 21:39:17.000,_20250929_143409_CH08_TMO_5G Auto_VoNR Coverage Test_REF4 Mobile_5G Auto VoNR Coverage Test.dml,,NR SA,47.150565,-122.357137,,,,,,,,,,,2.600000,,,,,,,,,47.150583,-122.357145
327,1,,,-122.3571367,47.1505650,2025-09-29 21:39:18.000,_20250929_143409_CH08_TMO_5G Auto_VoNR Coverage Test_REF4 Mobile_5G Auto VoNR Coverage Test.dml,,NR SA,47.150565,-122.357137,,,,,,,,,,,2.600000,,,,,,,,,47.150583,-122.357145
328,1,,,-122.3571367,47.1505650,2025-09-29 21:39:19.000,_20250929_143409_CH08_TMO_5G Auto_VoNR Coverage Test_REF4 Mobile_5G Auto VoNR Coverage Test.dml,,NR SA,47.150565,-122.357137,,,,,,,,,,,2.600000,,,,,,,,,47.150583,-122.357145
329,1,,,-122.3571367,47.1505650,2025-09-29 21:39:20.000,_20250929_143409_CH08_TMO_5G Auto_VoNR Coverage Test_REF4 Mobile_5G Auto VoNR Coverage Test.dml,,NR SA,47.150565,-122.357137,,,,,,,,,,,2.600000,,,,,,,,,47.150583,-122.357145
330,1,,,-122.3571367,47.1505650,2025-09-29 21:39:21.000,_20250929_143409_CH08_TMO_5G Auto_VoNR Coverage Test_REF4 Mobile_5G Auto VoNR Coverage Test.dml,,NR SA,47.150565,-122.357137,,,,,,,,,,,2.600000,,,,,,,,,47.150583,-122.357145
331,1,,,-122.3571367,47.1505650,2025-09-29 21:39:23.179,_20250929_143409_CH08_TMO_5G Auto_VoNR Coverage Test_REF4 Mobile_5G Auto VoNR Coverage Test.dml,,,,,,,,,,,,,,,,,,,,,,,[Tool] Voice - Call Scheduling End,,
332,1,,,-122.3571367,47.1505650,2025-09-29 21:39:23.179,_20250929_143409_CH08_TMO_5G Auto_VoNR Coverage Test_REF4 Mobile_5G Auto VoNR Coverage Test.dml,,,,,,,,,,,,,,,,,,,,,,,[Tool] Voice - Release Call Request,,
333,1,,,-122.3571367,47.1505650,2025-09-29 21:39:22.000,_20250929_143409_CH08_TMO_5G Auto_VoNR Coverage Test_REF4 Mobile_5G Auto VoNR Coverage Test.dml,,NR SA,47.150565,-122.357137,,,,,,,,,,,2.600000,,,,,,,,,47.150583,-122.357145
