Device,MO DUT,MT DUT,MO REF,MT REF
1,-72.0,-71.0,-74.0,-65.0
2,-72.0,-71.0,-74.0,-65.0
3,-72.0,-71.0,-74.0,-65.0
4,-72.0,-71.0,-73.0,-65.0
5,-73.0,-71.0,-73.0,-65.0
6,-73.0,-71.0,-72.0,-65.0
7,-73.0,-70.0,-72.0,-65.0
8,-72.0,-70.0,-73.0,-65.0
9,-72.0,-70.0,-73.0,-65.0
10,-72.0,-69.0,-72.0,-65.0
11,-71.0,-69.0,-72.0,-65.0
12,-71.0,-69.5,-71.0,-63.0
13,-71.0,-70.0,-71.0,-63.0
14,-72.0,-70.0,-70.0,-63.0
15,-72.0,-70.0,-70.5,-64.0
16,-72.0,-70.0,-71.0,-64.0
17,-72.0,-70.0,-71.0,-64.0
18,-72.0,-70.0,-71.0,-66.0
19,-72.0,-71.0,-70.5,-66.0
20,-73.0,-71.0,-70.0,-66.0
21,-73.0,-70.0,-70.5,-63.0
22,-73.0,-70.0,-71.0,-63.0
23,-74.0,-70.0,-71.5,-63.0
24,-74.0,-70.0,-72.0,-63.0
25,-74.0,-70.0,-71.5,-63.0
26,-74.0,-70.0,-71.0,-63.0
27,-74.0,-70.0,-70.5,-63.0
28,-74.0,-70.0,-70.0,-63.0
29,-73.0,-70.0,-70.0,-63.0
30,-73.0,-70.0,-70.0,-63.0
31,-73.0,-70.0,-70.0,-63.0
32,-73.0,-70.5,-70.0,-63.0
33,-73.0,-71.0,-70.0,-63.0
34,-73.0,-71.0,-70.0,-63.0
35,-73.0,-70.0,-70.0,-63.0
36,-73.0,-70.0,-70.0,-64.0
37,-73.0,-70.0,-70.0,-64.0
38,-73.0,-70.0,-70.0,-64.0
39,-73.0,-71.0,-70.0,-63.0
40,-73.0,-71.0,-70.0,-63.0
41,-73.0,-71.0,-70.0,-63.0
42,-73.0,-71.0,-70.0,-66.0
43,-72.0,-71.0,-70.0,-66.0
44,-72.0,-71.0,-70.0,-66.0
45,-73.0,-71.0,-70.0,-66.0
46,-73.0,-71.0,-70.0,-66.0
47,-73.0,-71.0,-70.0,-66.0
48,-73.0,-71.0,-70.0,-64.0
49,-73.0,-71.0,-70.0,-64.0
50,-74.0,-71.0,-70.0,-64.0
51,-74.0,-71.0,-70.0,-64.0
52,-74.0,-71.0,-70.0,-64.0
53,-73.0,-71.0,-70.0,-64.0
54,-73.0,-71.0,-70.0,-64.0
55,-73.0,-71.0,-70.0,-64.0
56,-73.0,-71.0,-70.0,-64.0
57,-73.0,-71.0,-70.0,-63.0
58,-73.0,-71.0,-70.0,-63.0
59,-73.0,-71.0,-70.0,-63.0
60,-72.5,-71.0,-70.0,-64.0
61,-72.0,-71.0,-70.0,-64.0
62,-72.5,-71.0,-70.0,-64.0
63,-73.0,-71.0,-70.0,-64.0
64,-73.0,-71.0,-70.0,-64.0
65,-73.0,-71.0,-70.0,-64.0
66,-72.0,-71.0,-70.0,-63.0
67,-72.5,-71.0,-70.0,-63.0
68,-73.0,-71.0,-71.5,-63.0
69,-73.0,-71.0,-73.0,-64.0
70,-73.0,-71.0,-73.0,-64.0
71,-74.0,-71.0,-73.0,-64.0
72,-73.5,-71.0,-73.0,-66.0
73,-73.0,-71.0,-73.0,-66.0
74,-71.0,-71.0,-72.5,-66.0
75,-71.0,-71.0,-72.0,-66.0
76,-72.0,-71.0,-72.0,-66.0
77,-72.0,-71.0,-72.0,-66.0
78,-71.0,-71.0,-74.0,-65.0
79,-71.0,-71.0,-74.0,-65.0
80,-72.0,-69.0,-76.0,-65.0
81,-72.0,-69.0,-76.0,-66.0
82,-71.0,-69.0,-74.0,-66.0
83,-71.0,-69.0,-74.0,-66.0
84,-71.0,-69.0,-73.0,-67.0
85,-71.0,-69.0,-73.0,-67.0
86,-71.0,-69.0,-73.0,-67.0
87,-71.0,-69.0,-73.0,-67.0
88,-71.0,-69.0,-73.0,-67.0
89,-71.0,-69.0,-73.0,-67.0
90,-71.0,-69.0,-72.0,-67.0
91,-71.0,-69.0,-72.0,-67.0
92,-73.0,-69.0,-71.0,-67.0
93,-73.0,-69.0,-71.0,-67.0
94,-73.0,-69.0,-69.0,-67.0
95,-72.0,-68.0,-69.0,-68.0
96,-72.0,-68.0,-69.0,-68.0
97,-71.0,-68.0,-68.5,-68.0
98,-71.0,-69.0,-68.0,-66.0
99,-71.0,-69.0,-68.0,-66.0
100,-71.0,-69.0,-68.0,-66.0
101,-71.0,-69.0,-68.0,-66.0
102,-71.0,-69.0,-68.0,-66.0
103,-72.0,-69.0,-68.0,-66.5
104,-72.0,-68.0,-68.0,-67.0
105,-72.0,-68.0,-68.0,-67.0
106,-72.0,-68.0,-68.0,-67.0
107,-72.0,-68.0,-69.0,-67.0
108,-72.0,-68.0,-69.0,-67.0
109,-71.0,-68.0,-69.0,-67.0
110,-71.0,-68.0,-69.0,-67.0
111,-71.0,-68.0,-69.0,-67.0
112,-71.0,-68.0,-69.0,-67.0
113,-71.0,-68.0,-69.0,-67.0
114,-72.0,-68.0,-69.0,-67.0
115,-72.0,-68.0,-69.0,-67.0
116,-72.0,-68.0,-69.0,-67.0
117,-73.0,-68.0,-69.0,-67.0
118,-73.0,-68.0,-69.0,-67.0
119,-73.0,-68.0,-69.0,-67.0
120,-72.0,-68.0,-69.0,-67.0
121,-72.0,-68.0,-69.0,-67.0
122,-72.0,-68.0,-69.0,-67.0
123,-72.0,-68.0,-69.0,-67.0
124,-72.0,-68.0,-69.0,-67.0
125,-72.0,-68.0,-69.0,-67.0
126,-72.0,-68.0,-69.0,-66.0
127,-72.0,-68.0,-69.0,-66.0
128,-72.0,-68.0,-69.0,-66.0
129,-72.0,-68.0,-69.0,-67.0
130,-72.0,-68.0,-69.0,-67.0
131,-72.0,-68.0,-69.0,-67.0
132,-72.0,-68.0,-69.0,-67.0
133,-72.0,-68.0,-69.0,-67.0
134,-72.0,-68.0,-69.0,-71.0
135,-72.0,-68.0,-69.0,-71.0
136,-72.0,-68.0,-69.0,-69.5
137,-72.0,-68.0,-69.0,-68.0
138,-72.0,-68.0,-69.0,-67.5
139,-72.0,-68.0,-69.0,-67.0
140,-72.0,-68.0,-69.0,-67.0
141,-72.0,-68.0,-69.0,-67.0
142,-72.0,-68.0,-69.0,-67.0
143,-72.0,-68.0,-69.0,-68.0
144,-72.0,-68.0,-69.0,-68.0
145,-72.0,-68.0,-69.0,-68.0
146,-72.0,-68.0,-69.0,-67.0
147,-72.0,-68.0,-70.5,-67.0
148,-72.0,-68.0,-72.0,-67.0
149,-72.0,-68.0,-72.0,-68.0
150,-72.0,-68.0,-72.0,-68.0
151,-72.0,-68.0,-71.0,-68.0
152,-72.0,-68.0,-70.0,-69.0
153,-71.0,-68.0,-70.0,-69.0
154,-71.0,-68.0,-70.0,-69.0
155,-71.0,-68.0,-71.0,-70.0
156,-71.0,-68.0,-71.0,-70.0
157,-71.0,-68.0,-71.0,-68.0
158,-71.0,-68.0,-71.0,-68.0
159,-71.0,-68.0,-72.0,-68.0
160,-71.0,-68.0,-72.0,-68.0
161,-71.0,-68.0,-69.0,-68.0
162,-72.0,-68.0,-69.0,-68.0
163,-72.0,-68.0,-69.0,-67.0
164,-72.0,-68.0,-69.0,-67.0
165,-72.0,-68.0,-70.0,-67.0
166,-72.0,-68.0,-70.0,-68.0
167,-72.0,-68.0,-73.0,-68.0
168,-72.0,-68.0,-73.0,-68.0
169,-72.0,-68.0,-73.0,-68.0
170,-72.0,-68.0,-71.5,-68.0
171,-72.0,-68.0,-70.0,-68.0
172,-72.0,-68.0,-69.0,-68.0
173,-72.0,-68.0,-68.0,-68.0
174,-72.0,-68.0,-68.5,-68.0
175,-72.0,-68.0,-69.0,-68.0
176,-72.0,-68.0,-69.0,-68.0
177,-73.0,-68.0,-69.0,-68.0
178,-73.0,-68.0,-69.0,-68.0
179,-73.0,-68.0,-69.0,-68.0
180,-72.0,-68.0,-69.0,-68.0
181,-72.0,-68.0,-69.0,-69.0
182,-72.0,-68.0,-70.0,-69.0
183,-73.0,-68.0,-70.0,-69.0
184,-73.0,-68.0,-68.0,-69.0
185,-73.0,-68.0,-68.0,-69.0
186,-73.0,-68.0,-68.0,-69.0
187,-73.0,-68.0,-68.0,-67.0
188,-73.0,-68.0,-68.0,-67.0
189,-73.0,-68.0,-68.0,-67.0
190,-73.0,-68.0,-68.0,-68.0
191,-72.0,-68.0,-68.0,-68.0
192,-72.0,-68.0,-68.0,-68.0
193,-72.0,-68.0,-68.0,-66.0
194,-72.0,-68.0,-68.0,-66.0
195,-72.0,-68.0,-68.0,-66.0
196,-72.0,-68.0,-68.0,-67.0
197,-72.0,-68.0,-68.0,-67.0
198,-72.0,-68.0,-68.0,-67.0
199,-72.0,-68.0,-68.0,-67.0
200,-72.0,-71.0,-68.0,-67.0
201,-72.0,-71.0,-68.0,-67.0
202,-72.0,-71.0,-68.0,-67.0
203,-72.0,-71.0,-68.0,-67.0
204,-72.0,-71.0,-68.0,-67.0
205,-72.0,-71.0,-68.0,-67.0
206,-72.0,-71.0,-68.0,-67.0
207,-73.0,-71.0,-68.0,-67.0
208,-73.0,-71.0,-68.0,-67.0
209,-73.0,-70.0,-68.0,-67.0
210,-74.0,-70.0,-68.0,-67.0
211,-74.0,-70.0,-67.5,-69.0
212,-74.0,-68.0,-67.0,-69.0
213,-74.0,-68.0,-67.0,-69.0
214,-74.0,-68.0,-67.0,-69.0
215,-74.0,-68.0,-67.0,-69.0
216,-74.0,-68.0,-67.0,-69.0
217,-74.0,-68.0,-68.0,-66.0
218,-74.0,-69.0,-68.0,-66.0
219,-74.0,-69.0,-69.0,-66.0
220,-74.0,-69.0,-69.0,-66.0
221,-74.0,-69.0,-70.0,-66.0
222,-74.0,-69.0,-70.0,-66.0
223,-74.0,-69.0,-70.0,-69.0
224,-74.0,-68.0,-70.0,-69.0
225,-74.0,-68.0,-70.0,-69.0
226,-74.0,-68.0,-70.0,-70.0
227,-74.5,-68.0,-70.0,-70.0
228,-75.0,-68.0,-70.0,-70.0
229,-75.0,-68.0,-70.0,-70.0
230,-75.0,-68.0,-70.0,-70.0
231,-74.0,-68.0,-70.0,-70.0
232,-74.0,-68.0,-70.0,-68.0
233,-74.0,-68.0,-70.0,-68.0
234,-74.0,-68.0,-70.0,-68.0
235,-73.5,-68.0,-70.0,-69.0
236,-73.0,-68.0,-69.0,-69.0
237,-73.0,-68.0,-69.0,-69.0
238,-73.0,-68.0,-67.0,-69.0
239,-73.0,-68.0,-67.0,-69.0
240,-72.5,-68.0,-68.0,-69.0
241,-72.0,-68.0,-68.0,-67.0
242,-73.0,-68.0,-70.0,-67.0
243,-73.0,-68.0,-70.0,-67.0
244,-72.0,-68.0,-70.0,-67.0
245,-72.0,-68.0,-69.5,-67.0
246,-73.0,-68.0,-69.0,-67.0
247,-73.0,-68.0,-69.0,-69.0
248,-73.0,-68.0,-69.0,-69.0
249,-73.0,-68.0,-69.0,-69.0
250,-73.0,-68.0,-69.0,-68.0
251,-73.0,-68.0,-66.0,-68.0
252,-73.0,-68.0,-66.0,-68.0
253,-73.0,-68.0,-66.0,-70.0
254,-73.0,-68.0,-66.0,-70.0
255,-72.0,-68.0,-68.0,-70.0
256,-72.0,-68.0,-68.0,-70.0
257,-72.0,-68.0,-68.0,-70.0
258,-73.0,-68.0,-67.5,-70.0
259,-73.0,-68.0,-67.0,-67.0
260,-74.0,-68.0,-67.0,-67.0
261,-74.0,-68.0,-67.0,-67.0
262,-74.0,-68.0,-67.0,-68.0
263,-74.0,-68.0,-67.0,-68.0
264,-74.0,-68.0,-67.5,-68.0
265,-74.0,-68.0,-68.0,-69.0
266,-74.0,-68.0,-69.0,-69.0
267,-74.0,-68.0,-69.0,-69.0
268,-74.0,-68.0,-69.0,-67.0
269,-74.0,-68.0,-69.0,-67.0
270,-74.0,-68.0,-68.0,-67.0
271,-74.0,-68.0,-68.0,-68.0
272,-74.0,-68.0,-68.0,-68.0
273,-74.0,-68.0,-68.0,-68.0
274,-74.0,-68.0,-70.0,-69.0
275,-74.0,-68.0,-70.0,-69.0
276,-74.0,-68.0,-70.0,-69.0
277,-74.0,-68.0,-70.0,-67.0
278,-74.0,-68.0,-70.0,-67.0
279,-74.0,-68.0,-70.0,-67.0
280,-74.0,-68.0,-70.0,-67.0
281,-74.0,-68.0,-70.0,-67.0
282,-74.0,-68.0,-70.0,-67.0
283,-73.0,-68.0,-70.0,-67.0
284,-73.0,-68.0,-70.0,-67.0
285,-73.0,-68.0,-70.0,-67.0
286,-74.0,-68.0,-70.0,-67.0
287,-74.0,-68.0,-70.0,-67.0
288,-74.0,-70.0,-70.0,-67.0
289,-74.0,-70.0,-70.0,-67.0
290,-74.0,-70.0,-70.0,-67.0
291,-74.0,-70.0,-70.0,-67.0
292,-74.0,-70.0,-70.0,-66.0
293,-74.0,-70.0,-70.0,-66.0
294,-74.0,-69.0,-70.0,-66.0
295,-74.0,-69.0,-70.0,-68.0
296,-74.0,-69.0,-70.0,-68.0
297,-74.0,-70.0,-70.0,-68.0
298,-74.0,-70.0,-70.0,-66.0
299,-74.0,-70.0,-70.0,-66.0
300,-73.0,-69.0,-70.0,-66.0
301,-73.0,-69.0,-70.0,-67.0
302,-73.0,-69.0,-70.0,-67.0
303,-74.0,-70.0,-70.0,-67.0
304,-74.0,-70.0,-70.0,-67.0
305,-74.0,-70.0,-70.0,-67.0
306,-73.0,-70.0,-70.0,-67.0
307,-73.0,-70.0,-70.0,-66.0
308,-73.0,-70.0,-70.0,-66.0
309,-74.0,-70.0,-70.0,-66.0
310,-74.0,-70.0,-70.5,-66.0
311,-74.0,-70.0,-71.0,-66.0
312,-74.0,-70.0,-68.0,-66.0
313,-74.0,-70.0,-68.0,-65.0
314,-74.0,-70.0,-69.0,-65.0
315,-73.0,-70.0,-69.0,-65.0
316,-73.0,-70.0,-71.0,-66.0
317,-73.0,-70.0,-71.0,-66.0
318,-73.0,-70.0,-71.0,-66.0
319,-73.0,-70.0,-71.0,-66.0
320,-73.0,-70.0,-71.0,-66.0
321,-74.0,-70.0,-71.0,-66.0
322,-74.0,-70.0,-71.0,-66.0
323,-74.0,-70.0,-71.0,-66.0
324,-73.0,-70.0,-71.0,-66.0
325,-73.0,-70.0,-72.0,-66.0
326,-73.0,-70.0,-72.0,-66.0
327,-73.0,-70.0,-71.0,-65.0
328,-73.0,-70.0,-71.0,-65.0
329,-73.0,-70.0,-70.0,-66.0
330,-73.0,-69.0,-70.0,-66.0
331,-73.0,-69.0,-69.0,-66.0
332,-73.0,-69.0,-68.5,-67.0
333,-73.0,-69.0,-68.0,-67.0
334,-73.0,-69.0,-68.5,-67.0
335,-73.0,-69.0,-69.0,-65.0
336,-74.0,-69.0,-68.5,-65.0
337,-74.0,-69.0,-68.0,-65.0
338,-74.0,-69.0,-68.0,-65.0
339,-73.0,-69.0,-68.0,-65.0
340,-73.0,-69.0,-68.0,-65.0
341,-73.0,-69.0,-68.0,-65.0
342,-73.0,-69.0,-68.0,-65.0
343,-73.0,-69.0,-68.0,-66.0
344,-73.0,-69.0,-68.0,-66.0
345,-73.0,-69.0,-68.0,-66.0
346,-73.0,-70.0,-68.0,-67.0
347,-73.0,-70.0,-68.0,-67.0
348,-73.0,-70.0,-68.0,-67.0
349,-73.0,-69.0,-68.0,-67.0
350,-73.0,-69.0,-68.0,-67.0
351,-73.0,-70.0,-68.0,-68.0
352,-73.0,-70.0,-68.0,-68.0
353,-73.0,-70.0,-68.0,-68.0
354,-73.0,-69.0,-68.0,-68.0
355,-73.0,-69.0,-68.0,-68.0
356,-73.0,-70.0,-68.0,-68.0
357,-73.0,-70.0,-69.0,-66.0
358,-73.0,-70.0,-68.5,-66.0
359,-73.0,-70.0,-68.0,-66.0
360,-73.0,-70.0,-67.5,-66.0
361,-73.0,-70.0,-67.0,-66.0
362,-73.0,-70.0,-67.5,-66.0
363,-73.0,-70.0,-68.0,-68.0
364,-73.0,-70.0,-67.5,-68.0
365,-73.0,-70.0,-67.0,-68.0
366,-74.0,-69.0,-67.0,-69.0
367,-74.0,-69.0,-67.0,-69.0
368,-73.0,-70.0,-68.0,-69.0
369,-73.0,-70.0,-68.0,-68.0
370,-73.5,-70.0,-70.0,-68.0
371,-74.0,-70.0,-70.0,-68.0
372,-74.0,-70.0,-69.0,-69.0
373,-74.0,-70.0,-69.0,-69.0
374,-74.0,-70.0,-68.0,-69.0
375,-74.0,-70.0,-68.5,-68.0
376,-74.0,-69.0,-69.0,-68.0
377,-74.0,-69.0,-69.0,-68.0
378,-74.0,-69.0,-69.0,-70.0
379,-74.0,-69.0,-69.0,-70.0
380,-74.0,-69.0,-69.0,-70.0
381,-74.0,-69.0,-69.0,-70.0
382,-73.0,-69.0,-69.0,-70.0
383,-73.0,-69.0,-69.0,-70.0
384,-73.0,-69.0,-69.0,-68.0
385,-73.0,-69.0,-69.0,-68.0
386,-73.0,-69.0,-69.0,-68.0
387,-73.0,-69.0,-70.0,-68.0
388,-73.0,-69.0,-71.0,-68.0
389,-73.0,-69.0,-71.0,-68.0
390,-74.0,-69.0,-71.0,-69.0
391,-74.0,-69.0,-71.5,-69.0
392,-74.0,-69.0,-72.0,-69.0
393,-74.0,-69.0,-72.0,-66.0
394,-74.0,-69.0,-72.0,-66.0
395,-74.0,-69.0,-72.0,-66.0
396,-74.0,-69.0,-72.0,-66.0
397,-74.0,-69.0,-72.0,-66.0
398,-74.0,-69.0,-72.0,-66.0
399,-74.0,-69.0,-71.0,-66.0
400,-74.0,-69.0,-71.0,-66.0
401,-74.0,-69.0,-71.0,-66.0
402,-74.0,-69.0,-70.5,-67.0
403,-74.0,-69.0,-70.0,-67.0
404,-74.0,-69.0,-70.5,-67.0
405,-74.0,-69.0,-71.0,-66.0
406,-74.0,-69.0,-69.5,-66.0
407,-74.0,-69.0,-68.0,-66.0
408,-73.0,-69.0,-69.0,-65.0
409,-73.0,-69.0,-69.0,-65.0
410,-73.0,-69.0,-68.0,-65.0
411,-73.0,-69.0,-68.0,-65.0
412,-73.0,-69.0,-67.0,-65.0
413,-73.0,-69.0,-67.0,-65.0
414,-74.0,-69.0,-67.0,-66.0
415,-74.0,-69.0,-67.0,-66.0
416,-74.0,-69.0,-67.0,-66.0
417,-73.0,-69.0,-67.0,-67.0
418,-73.0,-69.0,-67.0,-67.0
419,-73.0,-69.0,-67.0,-67.0
420,-74.0,-69.0,-67.0,-67.0
421,-74.0,-69.0,-67.0,-67.0
422,-74.0,-69.0,-67.0,-67.0
423,-73.0,-69.0,-67.0,-64.0
424,-73.0,-69.0,-67.0,-64.0
425,-72.0,-69.0,-69.0,-64.0
426,-72.0,-69.0,-69.0,-66.0
427,-72.0,-69.0,-69.0,-66.0
428,-72.0,-69.0,-69.0,-66.0
429,-72.0,-69.0,-69.0,-66.0
430,-72.0,-69.0,-69.0,-66.0
431,-72.0,-69.0,-69.0,-66.0
432,-72.0,-69.0,-69.0,-65.0
433,-73.0,-69.0,-69.0,-65.0
434,-72.5,-69.0,-69.0,-65.0
435,-72.0,-69.0,-69.0,-65.0
436,-72.0,-69.0,-69.0,-65.0
437,-73.0,-69.0,-69.0,-65.0
438,-73.0,-69.0,-69.0,-66.0
439,-72.0,-69.0,-69.0,-66.0
440,-72.0,-69.0,-69.0,-66.0
441,-72.0,-69.0,-69.0,-65.0
442,-73.0,-69.0,-69.0,-65.0
443,-73.0,-69.0,-69.0,-65.0
444,-73.0,-69.0,-69.0,-67.0
445,-73.0,-69.0,-69.0,-67.0
446,-73.0,-69.0,-69.0,-67.0
447,-74.0,-69.0,-69.0,-68.0
448,-74.0,-69.0,-69.0,-68.0
449,-74.0,-69.0,-69.0,-68.0
450,-74.0,-69.0,-69.0,-67.0
451,-74.0,-68.0,-69.0,-67.0
452,-73.5,-68.0,-69.0,-67.0
453,-73.0,-68.0,-69.0,-66.0
454,-73.0,-69.0,-69.0,-66.0
455,-73.0,-69.0,-69.0,-66.0
456,-73.0,-69.0,-69.0,-65.0
457,-73.0,-68.0,-69.0,-65.0
458,-73.0,-68.0,-69.0,-65.0
459,-73.0,-68.0,-69.0,-66.0
460,-73.0,-69.0,-69.0,-66.0
461,-73.0,-69.0,-69.0,-66.0
462,-73.0,-69.0,-69.0,-65.0
463,-73.0,-69.0,-69.0,-65.0
464,-73.0,-69.0,-69.0,-65.0
465,-73.0,-69.0,-69.0,-66.0
466,-73.0,-69.0,-69.0,-66.0
467,-73.0,-69.0,-69.5,-66.0
468,-73.0,-69.0,-70.0,-66.0
469,-73.0,-69.0,-70.0,-66.0
470,-73.0,-69.0,-70.0,-66.0
471,-73.0,-69.0,-71.0,-66.0
472,-73.0,-69.0,-71.0,-66.0
473,-73.0,-69.0,-71.0,-66.0
474,-73.0,-69.0,-71.0,-67.0
475,-73.0,-69.0,-71.0,-67.0
476,-73.0,-69.0,-71.0,-67.0
477,-73.0,-69.0,-71.0,-68.0
478,-73.0,-69.0,-71.0,-68.0
479,-73.0,-69.0,-71.0,-68.0
480,-73.0,-69.0,-71.0,-69.0
481,-73.0,-69.0,-67.0,-69.0
482,-73.0,-69.0,-67.0,-69.0
483,-73.0,-69.0,-67.0,-69.0
484,-73.0,-69.0,-67.0,-69.0
485,-74.0,-69.0,-67.0,-69.0
486,-74.0,-69.0,-68.5,-69.0
487,-74.0,-69.0,-70.0,-69.0
488,-73.0,-69.0,-69.5,-69.0
489,-73.0,-69.0,-69.0,-69.0
490,-73.0,-69.0,-68.0,-69.0
491,-72.0,-69.0,-68.0,-69.0
492,-72.0,-69.0,-67.0,-69.0
493,-72.0,-69.0,-67.0,-69.0
494,-72.0,-69.0,-67.0,-69.0
495,-72.0,-69.0,-67.0,-69.0
496,-72.0,-69.0,-67.0,-69.0
497,-72.0,-69.0,-67.0,-69.0
498,-72.0,-69.0,-66.0,-69.0
499,-72.0,-69.0,-66.5,-69.0
500,-72.0,-69.0,-67.0,-69.0
501,-72.0,-69.0,-68.0,-69.0
502,-72.0,-69.0,-69.0,-69.0
503,-72.0,-69.0,-67.5,-69.0
504,-72.0,-69.0,-66.0,-68.0
505,-72.0,-69.0,-67.0,-68.0
506,-72.0,-69.0,-67.0,-68.0
507,-72.0,-69.0,-67.0,-68.0
508,-72.0,-69.0,-67.0,-68.0
509,-71.0,-69.0,-67.0,-67.0
510,-71.0,-69.0,-67.0,-67.0
511,-71.0,-69.0,-67.0,-67.0
512,-73.0,-69.0,-67.0,-65.0
513,-73.0,-69.0,-67.0,-65.0
514,-73.0,-69.0,-67.0,-65.5
515,-72.0,-69.0,-67.0,-66.0
516,-72.0,-69.0,-67.0,-66.0
517,-72.0,-69.0,-67.0,-65.0
518,-71.0,-69.0,-67.0,-65.0
519,-71.0,-69.0,-67.0,-65.0
520,-71.0,-69.0,-67.0,-65.0
521,-71.0,-69.0,-67.0,-65.0
522,-71.0,-69.0,-67.0,-65.0
523,-71.0,-69.0,-67.0,-65.0
524,-70.0,-69.0,-67.0,-65.0
525,-70.0,-69.0,-67.0,-65.0
526,-70.0,-69.0,-67.0,-65.0
527,-70.0,-69.0,-67.0,-65.0
528,-70.0,-69.0,-67.0,-65.0
529,-70.0,-69.0,-67.0,-66.0
530,-70.0,-69.0,-67.0,-66.0
531,-70.0,-70.0,-67.0,-66.0
532,-70.0,-70.0,-67.0,-67.0
533,-71.0,-70.0,-67.0,-67.0
534,-71.0,-70.0,-67.0,-67.0
535,-71.0,-70.0,-67.0,-66.0
536,-71.0,-70.0,-67.0,-66.0
537,-71.0,-70.0,-67.0,-66.0
538,-71.0,-70.0,-67.0,-65.0
539,-71.0,-70.0,-67.0,-65.0
540,-71.0,-70.0,-67.0,-65.0
541,-71.0,-70.0,-67.0,-65.0
542,-71.0,-70.0,-67.0,-65.0
543,-73.0,-69.0,-67.0,-65.0
544,-73.0,-69.0,-67.0,-64.0
545,-73.0,-69.0,-67.0,-64.0
546,-74.0,-69.0,-67.0,-64.0
547,-74.0,-69.0,-68.0,-65.0
548,-74.0,-69.0,-69.0,-65.0
549,-74.0,-69.0,-70.0,-65.0
550,-74.0,-69.0,-70.0,-65.0
551,-74.0,-69.0,-70.0,-65.0
552,-74.0,-69.0,-70.0,-65.0
553,-74.0,-69.0,-70.0,-64.0
554,-74.0,-69.0,-69.0,-64.0
555,-74.0,-69.0,-68.0,-64.0
556,-74.0,-69.0,-68.0,-64.0
557,-74.0,-69.0,-68.0,-64.0
558,-74.0,-69.0,-68.0,-64.0
559,-74.0,-69.0,-68.0,-66.0
560,-74.0,-69.0,-71.0,-66.0
561,-74.0,-69.0,-71.0,-66.0
562,-73.0,-69.0,-71.0,-66.0
563,-73.0,-68.0,-70.5,-66.0
564,-73.0,-68.0,-70.0,-66.0
565,-74.0,-68.0,-70.0,-66.0
566,-74.0,-69.0,-70.0,-66.0
567,-74.0,-68.5,-70.5,-66.0
568,-74.0,-68.0,-71.0,-65.0
569,-74.0,-68.0,-67.0,-65.0
570,-74.0,-68.0,-67.0,-65.0
571,-74.0,-68.0,-67.0,-65.0
572,-74.0,-68.0,-67.0,-65.0
573,-74.0,-68.0,-69.0,-65.0
574,-74.0,-68.0,-69.0,-65.0
575,-74.0,-68.0,-69.0,-65.0
576,-73.0,-68.0,-69.0,-65.0
577,-73.0,-69.0,-68.0,-65.0
578,-73.0,-69.0,-67.5,-65.0
579,-73.0,-69.0,-67.0,-65.0
580,-73.0,-69.0,-67.0,-66.0
581,-73.0,-69.0,-67.0,-66.0
582,-73.0,-69.0,-67.0,-66.0
583,-73.0,-69.0,-67.0,-65.0
584,-74.0,-69.0,-67.0,-65.0
585,-74.0,-69.0,-67.0,-65.0
586,-73.0,-69.0,-67.0,-66.0
587,-73.0,-69.5,-67.0,-66.0
588,-73.0,-70.0,-67.0,-66.0
589,-73.5,-70.0,-67.0,-67.0
590,-74.0,-70.0,-67.0,-67.0
591,-73.0,-70.0,-67.0,-67.0
592,-73.0,-70.0,-67.0,-67.0
593,-73.0,-70.0,-67.0,-67.0
594,-73.0,-70.0,-67.0,-67.0
595,-73.0,-70.0,-67.0,-68.0
596,-73.0,-70.0,-67.0,-68.0
597,-73.0,-70.0,-67.0,-68.0
598,-73.0,-70.0,-67.0,-69.0
599,-73.0,-70.0,-67.0,-69.0
600,-73.0,-70.0,-67.0,-69.0
601,-73.0,-70.0,-67.0,-68.0
602,-72.0,-70.0,-67.0,-68.0
603,-72.0,-70.0,-67.0,-68.0
604,-72.0,-70.0,-67.0,-69.0
605,-72.0,-70.0,-67.0,-69.0
606,-72.0,-70.0,-67.0,-69.0
607,-72.5,-70.0,-67.0,-69.0
608,-73.0,-70.0,-67.0,-69.0
609,-73.0,-70.0,-67.0,-69.0
610,-73.0,-70.0,-67.0,-69.0
611,-72.0,-70.0,-67.0,-69.0
612,-72.5,-70.0,-67.0,-69.0
613,-73.0,-70.0,-67.0,-68.0
614,-73.0,-70.0,-67.0,-68.0
615,-72.0,-70.0,-67.0,-68.0
616,-72.0,-70.0,-67.0,-68.0
617,-72.0,-70.0,-67.0,-68.0
618,-73.0,-70.0,-67.0,-68.0
619,-73.0,-70.0,-67.0,-65.0
620,-73.0,-70.0,-67.0,-65.0
621,-72.0,-70.0,-67.0,-65.0
622,-72.0,-70.0,-67.0,-66.0
623,-72.0,-70.0,-67.0,-66.0
624,-72.0,-70.0,-67.0,-66.0
625,-72.0,-70.0,-67.0,-66.0
626,-72.0,-70.0,-76.0,-66.0
627,-73.0,-70.0,-76.5,-66.0
628,-73.0,-70.0,-77.0,-69.0
629,-73.0,-70.0,-76.0,-69.0
630,-72.0,-70.0,-75.0,-69.0
631,-72.0,-70.0,-74.0,-65.0
632,-72.0,-70.0,-74.0,-65.0
633,-73.0,-70.0,-74.0,-65.0
634,-73.0,-70.0,-74.0,-66.0
635,-73.0,-70.0,-77.0,-66.0
636,-72.0,-70.0,-76.0,-66.0
637,-72.0,-70.0,-75.0,-66.0
638,-72.0,-70.0,-74.5,-66.0
639,-72.0,-70.0,-74.0,-66.0
640,-72.0,-70.0,-76.0,-66.0
641,-72.0,-70.0,-76.0,-66.0
642,-72.0,-70.0,-76.0,-66.0
643,-72.0,-70.0,-76.0,-66.0
644,-72.0,-70.0,-76.0,-66.0
645,-72.0,-70.0,-76.0,-66.0
646,-72.0,-70.0,-76.0,-66.0
647,-72.0,-70.0,-76.0,-66.0
648,-72.0,-70.0,-73.0,-66.0
649,-72.0,-70.0,-73.0,-68.0
650,-72.0,-70.0,-73.0,-68.0
651,-73.0,-70.0,-73.0,-68.0
652,-73.0,-70.0,-73.0,-68.0
653,-73.0,-70.0,-73.0,-68.0
654,-73.0,-70.0,-73.0,-68.0
655,-73.0,-70.0,-73.0,-66.0
656,-73.0,-70.0,-73.0,-66.0
657,-73.0,-70.0,-73.0,-66.0
658,-73.0,-70.0,-73.0,-65.0
659,-73.0,-70.0,-74.0,-65.0
660,-73.0,-70.0,-74.0,-65.0
661,-73.0,-70.0,-74.0,-65.0
662,-73.0,-70.0,-74.0,-65.0
663,-73.0,-70.0,-74.0,-65.0
664,-73.0,-70.0,-74.0,-65.0
665,-73.0,-70.0,-74.0,-65.0
666,-73.0,-70.0,-74.0,-65.0
667,-73.0,-70.0,-74.0,-65.0
668,-73.0,-70.0,-74.0,-65.0
669,-73.0,-70.0,-74.0,-65.0
670,-73.0,-70.0,-74.0,-65.0
671,-73.0,-70.0,-74.0,-65.0
672,-74.0,-70.0,-74.0,-65.0
673,-74.0,-70.0,-74.0,-65.0
674,-74.0,-70.0,-74.0,-65.0
675,-74.0,-70.0,-74.0,-65.0
676,-74.0,-70.0,-74.0,-65.0
677,-74.0,-69.0,-74.0,-65.0
678,-74.0,-69.0,-74.0,-65.0
679,-74.0,-69.0,-74.0,-68.0
680,-74.0,-69.0,-74.0,-68.0
681,-74.0,-69.0,-74.0,-68.0
682,-74.0,-69.0,-74.0,-67.0
683,-74.0,-69.0,-74.0,-66.0
684,-73.0,-69.0,-74.0,-65.0
685,-73.0,-69.0,-74.0,-65.0
686,-73.0,-69.0,-74.0,-65.0
687,-73.0,-69.0,-74.0,-65.0
688,-73.0,-69.0,-74.0,-65.0
689,-73.0,-69.0,-74.0,-65.0
690,-73.0,-69.0,-74.0,-65.0
691,-73.0,-69.0,-74.0,-65.0
692,-73.0,-69.0,-74.0,-65.0
693,-74.0,-69.0,-74.0,-65.0
694,-74.0,-69.0,-74.0,-65.0
695,-74.0,-68.0,-74.0,-65.0
696,-74.0,-68.0,-74.0,-65.0
697,-74.0,-68.0,-74.0,-65.0
698,-74.0,-69.0,-74.0,-65.0
699,-73.0,-69.0,-74.0,-65.0
700,-73.0,-69.0,-74.0,-65.0
701,-73.0,-69.0,-74.0,-65.0
702,-73.0,-69.0,-74.0,-65.0
703,-73.0,-69.0,-74.0,-67.0
704,-73.0,-70.0,-75.0,-67.0
705,-74.0,-70.0,-76.0,-67.0
706,-74.0,-70.0,-75.0,-67.0
707,-74.0,-70.0,-75.0,-67.0
708,-74.0,-70.0,-72.0,-66.0
709,-74.0,-70.0,-72.0,-66.0
710,-74.0,-70.0,-68.0,-65.0
711,-73.0,-70.0,-69.0,-65.0
712,-73.0,-70.0,-70.0,-66.0
713,-73.0,-70.0,-70.5,-66.0
714,-74.0,-70.0,-71.0,-66.0
715,-74.0,-70.0,-71.0,-68.0
716,-74.0,-70.0,-71.0,-68.0
717,-73.0,-70.0,-70.0,-68.0
718,-73.0,-70.0,-70.0,-68.0
719,-73.0,-70.0,-69.0,-68.0
720,-74.0,-70.0,-69.5,-68.0
721,-74.0,-70.0,-70.0,-69.0
722,-74.0,-70.0,-69.5,-69.0
723,-73.0,-70.0,-69.0,-69.0
724,-73.0,-70.0,-69.5,-68.0
725,-73.0,-69.0,-70.0,-68.0
726,-73.0,-69.0,-69.5,-68.0
727,-73.0,-69.0,-69.0,-68.0
728,-73.0,-69.0,-68.5,-68.0
729,-74.0,-69.0,-68.0,-68.0
730,-74.0,-69.0,-68.0,-65.0
731,-74.0,-69.0,-68.0,-65.0
732,-73.0,-69.0,-68.0,-65.0
733,-73.0,-69.0,-67.0,-66.0
734,-72.0,-69.0,-67.0,-66.0
735,-72.0,-69.0,-68.0,-66.0
736,-72.0,-68.0,-67.5,-67.0
737,-72.0,-68.0,-67.0,-67.0
738,-72.0,-68.0,-68.0,-67.0
739,-72.0,-68.0,-69.0,-69.0
740,-72.0,-68.0,-69.0,-69.0
741,-72.0,-68.0,-69.0,-69.0
742,-72.0,-68.0,-69.0,-69.0
743,-72.0,-68.0,-69.0,-69.0
744,-71.0,-68.0,-69.0,-69.0
745,-71.0,-68.0,-69.0,-68.0
746,-71.0,-68.0,-69.0,-68.0
747,-71.0,-68.0,-69.0,-68.0
748,-71.0,-68.0,-69.0,-69.0
749,-71.0,-68.0,-69.0,-69.0
750,-71.0,-68.0,-69.0,-69.0
751,-71.0,-68.0,-69.0,-65.0
752,-71.0,-68.0,-69.0,-65.0
753,-71.0,-68.0,-69.0,-65.0
754,-71.0,-68.0,-69.0,-65.0
755,-71.0,-68.0,-69.0,-65.0
756,-72.0,-68.0,-69.0,-65.0
757,-72.0,-68.0,-69.0,-65.0
758,-72.0,-68.0,-69.0,-65.0
759,-72.0,-68.0,-69.0,-65.0
760,-72.0,-68.0,-69.0,-67.0
761,-72.0,-68.0,-69.0,-67.0
762,-72.0,-68.0,-69.0,-67.0
763,-72.0,-68.0,-69.0,-67.0
764,-72.0,-68.0,-69.0,-67.0
765,-72.0,-68.0,-69.0,-67.0
766,-72.0,-68.0,-69.0,-65.0
767,-72.5,-68.0,-69.0,-65.0
768,-73.0,-68.0,-69.0,-65.0
769,-74.0,-68.0,-69.0,-65.0
770,-74.0,-68.0,-69.0,-65.0
771,-74.0,-68.0,-69.0,-65.0
772,-74.0,-68.0,-69.0,-65.0
773,-74.0,-68.0,-69.0,-65.0
774,-74.0,-68.0,-69.0,-65.0
775,-74.0,-68.0,-69.0,-66.0
776,-74.0,-68.0,-69.0,-66.0
777,-74.0,-68.0,-69.0,-66.0
778,-74.0,-68.0,-69.0,-66.0
779,-74.0,-68.0,-69.0,-66.0
780,-74.0,-68.0,-69.0,-66.0
781,-74.0,-68.0,-70.0,-65.0
782,-74.0,-68.0,-70.5,-65.0
783,-74.0,-68.0,-71.0,-65.0
784,-74.0,-68.0,-71.0,-65.0
785,-74.0,-68.0,-71.0,-65.0
786,-73.0,-68.0,-70.0,-65.0
787,-73.0,-73.0,-70.0,-66.0
788,-73.0,-73.0,-70.0,-66.0
789,-72.0,-73.0,-70.0,-66.0
790,-72.0,-72.0,-70.0,-67.0
791,-72.0,-72.0,-70.0,-67.0
792,-72.0,-73.0,-70.0,-67.0
793,-72.0,-73.0,-69.5,-67.0
794,-72.0,-72.5,-69.0,-67.0
795,-71.0,-72.0,-69.0,-67.0
796,-71.0,-72.0,-69.0,-66.0
797,-72.0,-72.0,-69.0,-66.0
798,-72.0,-71.0,-69.0,-66.0
799,-72.0,-71.0,-71.0,-65.0
800,-71.0,-71.0,-71.0,-65.0
801,-71.0,-71.0,-71.0,-65.0
802,-71.0,-71.0,-71.0,-65.0
803,-71.0,-71.0,-69.0,-65.0
804,-71.0,-71.0,-68.5,-65.0
805,-71.0,-71.0,-68.0,-65.0
806,-70.0,-72.0,-68.5,-65.0
807,-70.0,-72.0,-69.0,-65.0
808,-71.0,-72.0,-68.5,-64.0
809,-71.0,-72.0,-68.0,-64.0
810,-71.0,-72.0,-68.0,-64.0
811,-71.0,-72.0,-68.0,-64.0
812,-71.0,-72.0,-69.0,-64.0
813,-71.0,-72.0,-69.0,-64.0
814,-71.0,-71.0,-71.0,-65.0
815,-71.0,-71.0,-71.0,-65.0
816,-71.0,-71.0,-70.0,-65.0
817,-71.0,-71.0,-70.0,-68.0
818,-70.0,-71.0,-68.0,-68.0
819,-70.0,-71.0,-68.0,-68.0
820,-69.0,-71.0,-68.0,-69.0
821,-68.0,-71.0,-68.0,-69.0
822,-68.0,-71.0,-68.0,-69.0
823,-68.0,-71.0,-68.0,-70.0
824,-68.0,-71.0,-68.0,-70.0
825,-68.0,-71.0,-68.0,-70.0
826,-69.0,-71.0,-68.0,-68.0
827,-69.0,-71.0,-68.0,-68.0
828,-68.0,-71.0,-68.0,-68.0
829,-68.0,-71.0,-68.0,-68.0
830,-68.0,-71.0,-68.0,-68.0
831,-68.0,-71.0,-68.0,-68.0
832,-68.0,-71.0,-68.0,-68.0
833,-68.0,-71.0,-68.0,-68.0
834,-69.0,-71.0,-68.0,-68.0
835,-69.0,-71.0,-68.0,-68.0
836,-69.0,-71.0,-68.0,-68.0
837,-69.0,-71.0,-68.0,-68.0
838,-69.0,-71.0,-68.0,-68.0
839,-69.0,-71.0,-68.0,-68.0
840,-68.0,-71.0,-68.0,-68.0
841,-68.0,-71.0,-68.0,-71.0
842,-68.0,-71.0,-68.0,-71.0
843,-68.0,-71.0,-68.0,-71.0
844,-68.0,-71.0,-68.0,-69.0
845,-68.0,-71.0,-68.0,-69.0
846,-68.0,-71.0,-68.0,-69.0
847,-68.0,-71.0,-68.0,-69.0
848,-68.0,-71.0,-68.0,-69.0
849,-68.0,-71.0,-68.0,-69.0
850,-68.0,-71.0,-68.0,-67.0
851,-68.0,-71.0,-68.0,-67.0
852,-69.0,-71.0,-68.0,-67.0
853,-69.0,-71.0,-68.0,-66.0
854,-69.0,-71.0,-68.0,-66.0
855,-68.0,-71.0,-68.0,-66.0
856,-68.0,-71.0,-68.0,-69.0
857,-68.0,-71.0,-68.0,-69.0
858,-68.0,-71.0,-68.0,-69.0
859,-68.0,-71.0,-68.0,-67.0
860,-68.0,-71.0,-71.0,-67.0
861,-68.0,-71.0,-71.0,-67.0
862,-68.0,-71.0,-71.0,-69.0
863,-68.0,-71.0,-71.0,-69.0
864,-68.0,-71.0,-71.0,-69.0
865,-68.0,-71.0,-71.0,-69.0
866,-68.0,-71.0,-71.0,-69.0
867,-68.0,-71.0,-71.0,-69.0
868,-68.0,-71.0,-71.0,-69.0
869,-68.0,-71.0,-69.0,-69.0
870,-68.0,-71.0,-69.0,-69.0
871,-68.0,-71.0,-69.0,-69.0
872,-68.0,-71.0,-69.0,-69.0
873,-67.0,-71.0,-71.0,-69.0
874,-67.0,-71.0,-71.0,-69.0
875,-67.0,-71.0,-71.0,-69.0
876,-68.0,-71.0,-71.0,-66.0
877,-68.0,-71.0,-71.0,-66.0
878,-68.0,-71.0,-71.5,-66.0
879,-68.0,-71.0,-72.0,-67.0
880,-68.0,-71.0,-71.0,-67.0
881,-68.0,-71.0,-71.0,-68.0
882,-68.0,-71.0,-68.0,-68.0
883,-68.0,-71.0,-68.0,-68.0
884,-68.0,-71.0,-68.0,-66.0
885,-68.0,-71.0,-68.0,-66.0
886,-68.0,-71.0,-68.0,-66.0
887,-68.0,-71.0,-68.0,-66.0
888,-68.0,-71.0,-70.0,-66.0
889,-68.0,-71.0,-70.0,-66.0
890,-68.0,-71.0,-70.0,-66.0
891,-68.0,-71.0,-69.0,-66.0
892,-68.0,-71.0,-68.0,-66.0
893,-68.0,-71.0,-68.0,-66.0
894,-68.0,-71.0,-68.0,-66.0
895,-68.0,-71.0,-68.0,-66.0
896,-68.0,-71.0,-68.0,-66.0
897,-68.0,-71.0,-68.0,-66.0
898,-68.0,-71.0,-68.0,-66.0
899,-68.0,-71.0,-68.0,-66.0
900,-68.0,-71.0,-68.0,-68.0
901,-68.0,-71.0,-68.0,-68.0
902,-68.0,-71.0,-68.0,-68.0
903,-68.0,-71.0,-68.0,-70.0
904,-68.0,-72.0,-68.0,-70.0
905,-67.0,-72.0,-68.0,-70.0
906,-67.0,-71.0,-68.0,-69.0
907,-67.0,-71.0,-68.0,-69.0
908,-68.0,-71.0,-68.0,-70.0
909,-68.0,-71.0,-68.0,-71.0
910,-68.0,-71.0,-68.0,-71.0
911,-68.0,-71.0,-68.0,-69.0
912,-68.0,-71.0,-68.0,-69.0
913,-68.0,-71.0,-68.0,-69.0
914,-68.0,-71.0,-68.0,-70.0
915,-68.0,-71.0,-68.0,-70.0
916,-68.0,-71.0,-68.0,-70.0
917,-68.0,-71.0,-68.0,-70.0
918,-68.0,-71.0,-68.0,-70.0
919,-68.0,-71.0,-68.0,-70.0
920,-68.0,-71.0,-68.0,-70.0
921,-68.0,-71.0,-68.0,-70.0
922,-68.0,-71.0,-68.0,-70.0
923,-68.0,-70.5,-68.0,-67.0
924,-67.5,-70.0,-68.0,-67.0
925,-67.0,-70.0,-68.0,-67.0
926,-67.0,-70.0,-68.0,-67.0
927,-68.0,-70.0,-68.0,-67.0
928,-68.0,-71.0,-68.0,-67.0
929,-68.0,-70.5,-68.0,-67.0
930,-68.0,-70.0,-68.0,-67.0
931,-68.0,-70.0,-68.0,-67.0
932,-68.0,-71.0,-68.0,-68.0
933,-68.0,-71.0,-68.0,-68.0
934,-68.0,-71.0,-68.0,-68.0
935,-68.0,-71.0,-68.0,-69.0
936,-68.0,-71.0,-68.0,-69.0
937,-69.0,-71.0,-68.0,-69.0
938,-69.0,-71.0,-71.0,-70.0
939,-69.0,-71.0,-71.0,-70.0
940,-69.0,-71.0,-71.0,-70.0
941,-69.0,-71.0,-71.0,-68.0
942,-69.0,-71.0,-71.0,-68.0
943,-69.0,-71.0,-69.5,-68.0
944,-69.0,-71.0,-68.0,-69.0
945,-68.0,-71.0,-68.0,-69.0
946,-68.0,-71.0,-68.0,-69.0
947,-68.5,-71.0,-70.0,-69.0
948,-69.0,-71.0,-70.0,-69.0
949,-68.0,-71.0,-71.0,-69.0
950,-68.0,-71.0,-71.0,-69.0
951,-68.0,-71.0,-71.0,-69.0
952,-68.0,-71.0,-71.5,-69.0
953,-68.0,-71.0,-72.0,-70.0
954,-68.5,-71.0,-71.5,-70.0
955,-69.0,-71.0,-71.0,-70.0
956,-68.0,-71.0,-72.0,-70.0
957,-68.0,-71.0,-72.0,-70.0
958,-68.5,-71.0,-72.0,-70.0
959,-69.0,-71.0,-72.0,-69.0
960,-69.0,-71.0,-71.0,-69.0
961,-69.0,-71.0,-71.0,-69.0
962,-69.0,-71.0,-70.0,-72.0
963,-69.0,-71.0,-70.0,-72.0
964,-68.0,-71.0,-70.0,-72.0
965,-68.0,-71.0,-69.0,-71.0
966,-68.0,-71.0,-68.0,-71.0
967,-69.0,-71.0,-69.0,-71.0
968,-69.0,-71.0,-70.0,-71.0
969,-69.0,-71.0,-70.0,-71.0
970,-69.0,-71.0,-70.0,-71.0
971,-68.0,-71.0,-70.0,-72.0
972,-68.0,-71.0,-70.0,-72.0
973,-68.0,-71.0,-69.0,-72.0
974,-68.0,-71.0,-69.0,-72.0
975,-68.0,-71.0,-70.0,-72.0
976,-68.0,-71.0,-70.0,-72.0
977,-68.0,-71.0,-70.0,-71.0
978,-68.0,-71.0,-70.0,-71.0
979,-69.0,-71.0,-70.0,-71.0
980,-69.0,-71.0,-70.0,-71.0
981,-69.5,-71.0,-69.0,-71.0
982,-70.0,-71.0,-69.0,-71.0
983,-72.0,-71.0,-69.0,-71.0
984,-72.0,-71.0,-69.0,-71.0
985,-72.0,-71.0,-69.0,-71.0
986,-72.0,-71.0,-69.0,-72.0
987,-72.0,-71.0,-69.0,-72.0
988,-72.5,-71.0,-69.0,-72.0
989,-73.0,-71.0,-69.0,-72.0
990,-73.0,-71.0,-69.0,-72.0
991,-72.0,-71.0,-69.0,-72.0
992,-72.0,-71.0,-69.0,-72.0
993,-72.0,-71.0,-69.0,-72.0
994,-72.0,-71.0,-69.0,-72.0
995,-72.0,-71.0,-69.0,-71.0
996,-72.0,-71.0,-69.0,-71.0
997,-72.0,-71.0,-69.0,-71.0
998,-72.0,-71.0,-69.0,-71.0
999,-72.0,-71.0,-69.0,-71.0
1000,-72.0,-71.0,-69.0,-71.0
1001,-72.0,-71.0,-69.0,-70.0
1002,-72.0,-71.0,-69.0,-70.0
1003,-72.0,-71.0,-69.0,-70.0
1004,-72.0,-71.0,-69.0,-69.0
1005,-72.0,-71.0,-69.0,-69.0
1006,-73.0,-71.0,-69.0,-69.0
1007,-73.0,-71.0,-69.0,-69.0
1008,-73.0,-71.0,-69.0,-69.0
1009,-72.0,-71.0,-69.0,-69.0
1010,-72.0,-71.0,-69.0,-69.0
1011,-72.0,-71.0,-69.0,-69.0
1012,-73.0,-71.0,-69.0,-69.0
1013,-73.0,-71.0,-69.0,-69.0
1014,-73.0,-71.0,-69.0,-69.0
1015,-73.0,-71.0,-69.0,-69.0
1016,-73.0,-71.0,-69.5,-69.0
1017,-73.0,-71.0,-70.0,-69.0
1018,-72.0,-71.0,-69.0,-69.0
1019,-72.0,-71.0,-68.0,-70.0
1020,-72.0,-70.0,-68.0,-70.0
1021,-72.0,-70.0,-68.0,-70.0
1022,-72.0,-70.0,-73.0,-70.0
1023,-72.0,-70.0,-73.0,-70.0
1024,-71.0,-70.0,-71.0,-70.0
1025,-71.0,-70.0,-71.0,-72.0
1026,-71.0,-69.0,-71.0,-72.0
1027,-72.0,-69.0,-71.0,-72.0
1028,-72.0,-69.0,-71.0,-71.0
1029,-72.0,-73.0,-71.0,-71.0
1030,-72.0,-73.0,-71.0,-71.0
1031,-72.0,-73.0,-71.0,-70.0
1032,-72.0,-73.0,-71.0,-70.0
1033,-72.0,-73.0,-71.0,-70.0
1034,-72.0,-73.0,-71.0,-69.0
1035,-72.0,-73.0,-70.0,-69.0
1036,-72.0,-73.0,-69.5,-69.0
1037,-72.0,-73.0,-69.0,-69.0
1038,-72.0,-72.0,-69.0,-69.0
1039,-72.0,-72.0,-69.0,-69.0
1040,-72.0,-72.0,-68.5,-69.0
1041,-72.0,-72.0,-68.0,-69.0
1042,-73.0,-72.0,-68.0,-69.0
1043,-73.0,-72.0,-68.0,-69.0
1044,-73.0,-72.0,-68.0,-69.0
1045,-73.0,-72.0,-68.0,-69.0
1046,-73.0,-72.0,-68.0,-69.0
1047,-73.0,-73.0,-68.0,-69.0
1048,-73.0,-73.0,-68.0,-69.0
1049,-73.0,-73.0,-68.0,-69.0
1050,-73.0,-73.0,-68.0,-69.0
1051,-73.0,-73.0,-68.5,-69.0
1052,-73.0,-73.0,-69.0,-69.0
1053,-73.0,-69.0,-68.5,-69.0
1054,-73.0,-69.0,-68.0,-69.0
1055,-73.0,-69.0,-68.0,-71.0
1056,-73.0,-69.0,-68.0,-71.0
1057,-74.0,-69.0,-68.0,-71.0
1058,-74.0,-69.0,-68.0,-71.0
1059,-74.0,-69.0,-68.0,-71.0
1060,-73.0,-69.0,-68.0,-71.0
1061,-73.0,-69.0,-68.0,-69.0
1062,-73.0,-69.0,-68.0,-69.0
1063,-74.0,-69.0,-68.0,-69.0
1064,-74.0,-69.0,-68.0,-69.0
1065,-74.0,-69.0,-68.0,-69.0
1066,-73.0,-69.0,-68.0,-69.0
1067,-73.0,-69.0,-68.0,-69.0
1068,-73.0,-69.0,-68.0,-69.0
1069,-73.0,-69.0,-68.0,-69.0
1070,-73.0,-69.0,-68.0,-69.0
1071,-73.0,-69.0,-68.0,-69.0
1072,-73.0,-69.0,-68.0,-69.0
1073,-73.0,-69.0,-68.0,-71.0
1074,-73.0,-69.0,-68.0,-71.0
1075,-73.0,-69.0,-68.0,-71.0
1076,-73.0,-69.0,-68.0,-71.0
1077,-73.0,-69.0,-68.0,-71.0
1078,-72.0,-69.0,-68.0,-71.0
1079,-72.0,-69.0,-68.0,-69.0
1080,-72.0,-69.0,-68.0,-69.0
1081,-72.0,-69.0,-68.0,-70.0
1082,-72.0,-69.0,-68.0,-70.0
1083,-72.0,-69.0,-68.0,-70.0
1084,-73.0,-69.0,-68.0,-71.0
1085,-73.0,-69.0,-68.0,-71.0
1086,-73.0,-69.0,-68.0,-71.0
1087,-73.0,-69.0,-68.0,-72.0
1088,-73.0,-69.0,-68.0,-72.0
1089,-73.0,-69.0,-68.0,-72.0
1090,-73.0,-69.0,-68.0,-72.0
1091,-73.0,-69.0,-68.0,-72.0
1092,-72.0,-69.0,-68.0,-68.0
1093,-72.0,-69.0,-68.0,-68.0
1094,-72.0,-69.0,-68.0,-68.0
1095,-72.0,-69.0,-70.0,-67.0
1096,-72.0,-69.0,-70.0,-67.0
1097,-72.0,-69.0,-70.0,-67.0
1098,-71.0,-69.0,-70.0,-67.0
1099,-71.0,-69.0,-68.0,-67.0
1100,-72.0,-69.0,-68.5,-67.0
1101,-72.0,-69.0,-69.0,-67.0
1102,-72.0,-69.0,-69.0,-67.0
1103,-73.0,-69.0,-69.0,-67.0
1104,-73.0,-69.0,-69.0,-67.0
1105,-73.0,-69.0,-69.0,-67.0
1106,-73.0,-69.0,-69.0,-67.0
1107,-73.0,-69.0,-69.0,-67.0
1108,-72.0,-69.0,-69.0,-67.0
1109,-72.0,-69.0,-69.0,-67.0
1110,-72.0,-69.0,-68.0,-65.0
1111,-72.0,-69.0,-68.0,-65.0
1112,-73.0,-69.0,-66.0,-65.0
1113,-73.0,-69.0,-66.0,-64.0
1114,-73.0,-69.0,-66.0,-64.0
1115,-73.0,-69.0,-67.5,-64.0
1116,-73.0,-69.0,-69.0,-65.0
1117,-73.0,-69.0,-67.5,-65.0
1118,-73.0,-69.0,-66.0,-65.0
1119,-73.0,-69.0,-66.5,-66.0
1120,-73.0,-69.0,-67.0,-66.0
1121,-73.0,-69.0,-66.0,-66.0
1122,-73.0,-69.0,-66.0,-64.0
1123,-73.0,-69.0,-66.0,-64.0
1124,-73.0,-69.0,-66.0,-64.0
1125,-73.0,-69.0,-66.0,-64.0
1126,-73.0,-69.0,-66.0,-64.0
1127,-73.0,-69.0,-66.0,-64.0
1128,-73.0,-69.0,-66.0,-64.0
1129,-73.0,-69.0,-68.0,-64.0
1130,-72.5,-70.0,-68.0,-64.0
1131,-72.0,-70.0,-69.0,-64.0
1132,-72.0,-70.0,-68.5,-64.0
1133,-72.0,-69.0,-68.0,-64.0
1134,-72.0,-69.0,-67.5,-64.0
1135,-72.0,-69.0,-67.0,-64.0
1136,-72.0,-68.0,-67.0,-64.0
1137,-72.0,-68.0,-67.0,-64.0
1138,-72.0,-68.0,-67.0,-64.0
1139,-73.0,-68.0,-67.0,-64.0
1140,-72.5,-68.0,-67.0,-66.0
1141,-72.0,-68.0,-67.0,-66.0
1142,-72.0,-68.0,-67.0,-66.0
1143,-72.0,-68.0,-67.0,-66.0
1144,-72.0,-68.0,-67.0,-66.0
1145,-72.0,-68.0,-67.0,-66.0
1146,-72.0,-68.0,-67.0,-65.0
1147,-72.0,-68.0,-67.0,-65.0
1148,-72.0,-68.0,-67.0,-65.0
1149,-72.0,-68.0,-67.0,-64.0
1150,-72.0,-68.0,-67.0,-64.0
1151,-72.0,-67.0,-67.0,-64.0
1152,-72.0,-67.0,-67.0,-63.0
1153,-72.0,-67.0,-67.0,-63.0
1154,-72.0,-68.0,-67.0,-63.0
1155,-72.0,-68.0,-67.0,-63.0
1156,-72.0,-68.0,-67.0,-63.0
1157,-72.0,-68.0,-67.0,-63.0
1158,-72.0,-68.0,-67.0,-64.0
1159,-72.0,-68.0,-67.0,-64.0
1160,-73.0,-67.0,-67.0,-64.0
1161,-73.0,-67.0,-67.0,-64.0
1162,-73.0,-67.0,-67.0,-64.0
1163,-72.0,-68.0,-67.0,-64.0
1164,-72.0,-68.0,-67.0,-64.0
1165,-73.0,-68.0,-67.0,-64.0
1166,-73.0,-68.0,-67.0,-64.0
1167,-73.0,-68.0,-67.0,-64.0
1168,-73.0,-68.0,-67.0,-64.0
1169,-73.0,-68.0,-67.0,-64.0
1170,-73.0,-68.0,-67.0,-65.0
1171,-72.0,-68.0,-67.0,-65.0
1172,-72.0,-68.0,-67.0,-65.0
1173,-72.0,-68.0,-67.0,-66.0
1174,-72.0,-68.0,-68.0,-66.0
1175,-72.0,-68.0,-69.0,-66.0
1176,-72.0,-68.0,-69.0,-66.0
1177,-72.0,-68.0,-69.0,-66.0
1178,-72.0,-68.0,-70.0,-66.0
1179,-72.0,-68.0,-70.0,-64.0
1180,-72.0,-68.0,-69.0,-64.0
1181,-72.0,-68.0,-69.0,-64.0
1182,-72.0,-68.0,-71.0,-64.0
1183,-72.0,-68.0,-71.0,-64.0
1184,-72.0,-68.0,-71.0,-64.0
1185,-72.0,-68.0,-71.0,-64.0
1186,-72.0,-68.0,-70.0,-64.0
1187,-72.0,-68.0,-70.0,-64.0
1188,-72.0,-68.0,-70.0,-64.0
1189,-73.0,-68.0,-70.0,-64.0
1190,-73.0,-68.0,-70.0,-64.0
1191,-73.0,-68.0,-70.5,-64.0
1192,-72.0,-68.0,-71.0,-64.0
1193,-72.0,-68.0,-70.0,-64.0
1194,-72.0,-68.0,-70.0,-64.0
1195,-72.0,-68.0,-69.0,-64.0
1196,-72.0,-68.0,-69.0,-64.0
1197,-72.0,-68.0,-67.0,-64.0
1198,-72.0,-68.0,-67.0,-64.0
1199,-72.0,-68.0,-67.0,-64.0
1200,-72.0,-68.0,-67.0,-66.0
1201,-72.0,-68.0,-67.0,-66.0
1202,-72.0,-68.0,-67.5,-66.0
1203,-72.0,-68.0,-68.0,-66.0
1204,-73.0,-68.0,-68.5,-66.0
1205,-73.0,-68.0,-69.0,-66.0
1206,-73.0,-68.0,-69.0,-66.0
1207,-73.0,-68.0,-69.0,-66.0
1208,-73.0,-68.0,-69.0,-66.0
1209,-73.0,-68.0,-69.0,-64.0
1210,-73.0,-68.0,-68.0,-64.0
1211,-73.0,-68.0,-68.0,-64.0
1212,-73.0,-68.0,-68.0,-65.0
1213,-72.0,-68.0,-68.0,-65.0
1214,-72.0,-68.0,-68.0,-65.0
1215,-72.0,-68.0,-68.0,-67.0
1216,-73.0,-68.0,-68.0,-67.0
1217,-73.0,-68.0,-68.0,-67.0
1218,-73.0,-68.0,-68.0,-67.0
1219,-72.0,-68.0,-68.0,-67.0
1220,-72.0,-68.0,-68.0,-67.0
1221,-72.0,-68.0,-68.0,-66.0
1222,-73.0,-68.0,-68.0,-66.0
1223,-73.0,-68.0,-68.0,-66.0
1224,-73.0,-68.0,-68.0,-66.0
1225,-72.0,-68.0,-68.0,-66.0
1226,-72.0,-68.0,-68.0,-66.0
1227,-72.0,-68.0,-68.0,-66.0
1228,-73.0,-68.0,-68.0,-66.0
1229,-73.0,-68.0,-68.0,-66.0
1230,-73.0,-68.0,-68.0,-64.0
1231,-73.0,-68.0,-68.0,-64.0
1232,-73.0,-68.0,-68.0,-64.0
1233,-73.0,-68.0,-68.0,-64.0
1234,-72.0,-68.0,-68.0,-64.0
1235,-72.0,-68.0,-68.0,-64.0
1236,-72.0,-68.0,-68.0,-64.0
1237,-72.0,-68.0,-68.0,-64.0
1238,-72.0,-68.0,-68.0,-64.0
1239,-72.0,-68.0,-68.0,-65.0
1240,-72.0,-68.0,-68.0,-65.0
1241,-72.0,-68.0,-68.0,-65.0
1242,-72.0,-68.0,-68.0,-68.0
1243,-72.0,-68.0,-68.0,-68.0
1244,-72.0,-68.0,-68.0,-68.0
1245,-72.0,-68.0,-68.0,-67.0
1246,-72.0,-68.0,-68.0,-67.0
1247,-72.0,-68.0,-68.0,-67.0
1248,-72.0,-68.0,-68.0,-65.0
1249,-72.0,-68.0,-68.0,-65.0
1250,-72.0,-68.0,-68.0,-65.0
1251,-72.0,-68.0,-68.0,-64.0
1252,-73.0,-68.0,-68.0,-64.0
1253,-73.0,-68.0,-68.0,-64.0
1254,-73.0,-68.0,-68.0,-64.0
1255,-73.0,-68.0,-68.0,-64.0
1256,-72.0,-68.0,-70.0,-64.0
1257,-72.0,-68.0,-70.0,-64.0
1258,-72.0,-68.0,-70.0,-64.0
1259,-73.0,-68.0,-70.0,-66.0
1260,-73.0,-68.0,-70.0,-66.0
1261,-73.0,-68.0,-69.0,-66.0
1262,-72.0,-68.0,-68.0,-66.0
1263,-72.0,-68.0,-68.0,-66.0
1264,-72.0,-68.0,-68.0,-66.0
1265,-72.0,-68.0,-70.0,-66.0
1266,-72.0,-68.0,-70.0,-66.0
1267,-72.0,-68.0,-70.0,-66.0
1268,-73.0,-68.0,-70.0,-64.0
1269,-73.0,-68.0,-70.0,-64.0
1270,-72.5,-68.0,-70.0,-64.0
1271,-72.0,-68.0,-70.0,-64.0
1272,-72.0,-68.0,-70.0,-64.0
1273,-72.0,-68.0,-69.0,-64.0
1274,-72.0,-68.0,-69.0,-64.0
1275,-72.0,-68.0,-70.0,-64.0
1276,-70.0,-68.0,-70.0,-64.0
1277,-70.0,-68.0,-69.0,-64.0
1278,-70.0,-68.0,-68.0,-64.0
1279,-70.0,-67.0,-67.0,-64.0
1280,-70.0,-67.0,-67.5,-64.0
1281,-70.0,-68.0,-68.0,-64.0
1282,-70.0,-68.0,-68.5,-64.0
1283,-70.0,-68.0,-69.0,-65.0
1284,-70.0,-68.0,-67.0,-65.0
1285,-70.0,-68.0,-67.0,-65.0
1286,-69.0,-68.0,-67.0,-65.0
1287,-69.5,-68.0,-67.0,-65.0
1288,-70.0,-68.0,-67.0,-65.0
1289,-69.0,-68.0,-67.0,-66.0
1290,-69.0,-68.0,-67.0,-66.0
1291,-69.0,-68.0,-67.0,-66.0
1292,-70.0,-68.0,-67.0,-66.0
1293,-70.0,-68.0,-67.0,-66.0
1294,-70.0,-68.0,-67.0,-66.0
1295,-70.0,-68.0,-67.0,-64.0
1296,-70.0,-68.0,-67.0,-64.0
1297,-70.0,-68.0,-67.0,-64.0
1298,-70.0,-68.0,-67.0,-64.0
1299,-70.0,-68.0,-67.0,-64.0
1300,-69.5,-68.0,-67.0,-64.0
1301,-69.0,-68.0,-67.0,-65.0
1302,-70.0,-68.0,-67.0,-65.0
1303,-70.0,-68.0,-67.0,-65.0
1304,-70.0,-68.0,-67.0,-64.0
1305,-69.5,-68.0,-67.0,-64.0
1306,-69.0,-68.0,-67.0,-64.0
1307,-70.0,-68.0,-67.0,-65.0
1308,-70.0,-68.0,-67.0,-65.0
1309,-72.0,-68.0,-67.0,-65.0
1310,-72.5,-68.0,-67.0,-65.0
1311,-73.0,-68.0,-67.0,-65.0
1312,-73.0,-68.0,-67.0,-65.0
1313,-74.0,-68.0,-67.0,-65.0
1314,-74.0,-68.0,-67.0,-65.0
1315,-74.0,-68.0,-67.0,-65.0
1316,-73.0,-68.0,-67.0,-66.0
1317,-73.0,-68.0,-67.0,-66.0
1318,-73.0,-68.0,-67.0,-66.0
1319,-73.0,-68.0,-67.0,-67.0
1320,-73.0,-68.0,-67.0,-67.0
1321,-73.0,-68.0,-67.0,-67.0
1322,-71.0,-68.0,-67.0,-65.0
1323,-71.0,-68.0,-67.0,-65.0
1324,-71.0,-68.0,-67.0,-65.0
1325,-72.0,-68.0,-67.0,-64.0
1326,-72.0,-68.0,-67.0,-64.0
1327,-72.0,-68.0,-67.0,-64.0
1328,-71.0,-68.0,-67.0,-65.0
1329,-71.0,-68.0,-67.0,-65.0
1330,-71.0,-68.0,-67.6,-65.0
1331,-70.0,-68.0,-71.0,-64.0
1332,-70.0,-68.0,-71.0,-64.0
1333,-70.0,-68.0,-71.0,-64.0
1334,-73.0,-68.0,-70.0,-66.0
1335,-73.0,-68.0,-70.0,-66.0
1336,-73.0,-68.0,-71.0,-66.0
1337,-72.0,-68.0,-71.0,-67.0
1338,-72.0,-68.0,-71.0,-67.0
1339,-72.0,-68.0,-71.0,-67.0
1340,-71.0,-68.0,-71.0,-67.0
1341,-71.0,-68.0,-70.0,-67.0
1342,-71.0,-68.0,-70.0,-67.0
1343,-71.0,-68.0,-71.0,-67.0
1344,-71.0,-68.0,-71.0,-67.0
1345,-71.0,-68.0,-71.0,-67.0
1346,-71.0,-68.0,-71.0,-65.0
1347,-71.0,-68.0,-71.0,-65.0
1348,-71.0,-68.0,-71.0,-65.0
1349,-71.0,-68.0,-71.0,-64.0
1350,-71.0,-68.0,-70.0,-64.0
1351,-71.0,-68.0,-70.0,-64.0
1352,-71.0,-69.0,-71.0,-65.0
1353,-71.0,-69.0,-71.0,-65.0
1354,-71.0,-69.0,-70.0,-65.0
1355,-71.0,-69.0,-70.0,-67.0
1356,-71.0,-69.0,-68.0,-67.0
1357,-71.0,-69.0,-68.0,-67.0
1358,-71.0,-68.0,-69.0,-67.0
1359,-71.0,-68.0,-69.0,-67.0
1360,-71.0,-68.0,-69.0,-67.0
1361,-71.0,-68.0,-69.0,-67.0
1362,-71.0,-68.0,-68.0,-67.0
1363,-71.0,-68.0,-68.5,-67.0
1364,-71.0,-67.0,-69.0,-67.0
1365,-71.0,-67.0,-68.5,-67.0
1366,-71.0,-67.0,-68.0,-67.0
1367,-71.0,-68.0,-68.0,-67.0
1368,-71.0,-68.0,-68.0,-67.0
1369,-71.0,-68.0,-68.0,-67.0
1370,-71.0,-68.0,-68.0,-65.0
1371,-71.0,-68.0,-68.0,-65.0
1372,-71.0,-68.0,-68.0,-65.0
1373,-72.0,-76.0,-68.0,-64.0
1374,-72.0,-76.0,-68.0,-64.0
1375,-72.0,-76.0,-68.0,-64.0
1376,-71.0,-75.0,-68.0,-67.0
1377,-71.0,-75.0,-68.0,-67.0
1378,-71.0,-75.0,-68.0,-67.0
1379,-71.0,-75.0,-68.0,-66.0
1380,-71.0,-75.0,-68.0,-66.0
1381,-71.0,-75.0,-68.0,-66.0
1382,-71.0,-75.0,-68.0,-64.0
1383,-71.0,-75.0,-68.0,-64.0
1384,-71.0,-75.0,-68.0,-64.0
1385,-71.0,-71.0,-68.0,-64.0
1386,-71.0,-71.0,-68.0,-64.0
1387,-71.0,-71.0,-68.0,-64.0
1388,-71.0,-71.0,-68.0,-64.0
1389,-71.0,-71.0,-68.0,-64.0
1390,-71.0,-71.0,-68.0,-64.0
1391,-71.0,-71.0,-68.0,-64.0
1392,-71.0,-71.0,-68.0,-64.0
1393,-71.0,-71.0,-68.0,-64.0
1394,-71.0,-71.0,-68.0,-64.0
1395,-71.0,-71.0,-68.0,-64.0
1396,-71.0,-71.0,-68.0,-64.0
1397,-70.0,-71.0,-68.0,-65.0
1398,-70.0,-71.0,-68.0,-65.0
1399,-70.0,-71.0,-68.0,-65.0
1400,-71.0,-71.0,-68.0,-65.0
1401,-71.0,-71.0,-68.0,-65.0
1402,-71.0,-71.0,-68.0,-65.0
1403,-72.0,-71.0,-68.0,-64.0
1404,-72.0,-71.0,-68.0,-64.0
1405,-72.0,-71.0,-68.0,-64.0
1406,-71.0,-71.0,-68.0,-65.0
1407,-71.0,-71.0,-68.0,-65.0
1408,-71.0,-71.0,-68.0,-65.0
1409,-72.0,-71.0,-68.0,-67.0
1410,-72.0,-71.0,-68.0,-67.0
1411,-72.0,-71.0,-68.0,-66.0
1412,-72.0,-71.0,-71.0,-65.0
1413,-72.0,-71.0,-71.0,-65.0
1414,-72.0,-71.0,-71.0,-64.0
1415,-71.0,-71.0,-70.5,-64.0
1416,-71.0,-71.0,-70.0,-65.0
1417,-71.0,-71.0,-70.0,-65.0
1418,-72.0,-71.0,-70.0,-65.0
1419,-72.0,-71.0,-70.0,-65.0
1420,-72.0,-71.0,-70.0,-65.0
1421,-71.0,-71.0,-70.0,-65.0
1422,-71.0,-71.0,-70.0,-65.0
1423,-71.0,-71.0,-70.0,-65.0
1424,-71.0,-71.0,-70.0,-64.0
1425,-71.0,-71.0,-70.0,-64.0
1426,-71.0,-71.0,-70.0,-64.0
1427,-71.0,-71.0,-68.0,-65.0
1428,-71.0,-71.0,-68.0,-65.0
1429,-71.0,-71.0,-67.0,-65.0
1430,-70.0,-71.0,-67.0,-66.0
1431,-70.0,-71.0,-67.0,-66.0
1432,-71.0,-71.0,-67.0,-66.0
1433,-71.0,-71.0,-69.0,-66.0
1434,-71.0,-71.0,-69.0,-66.0
1435,-71.0,-71.0,-68.0,-66.0
1436,-71.0,-71.0,-68.0,-67.0
1437,-71.0,-71.0,-67.0,-67.0
1438,-71.0,-71.0,-67.0,-67.0
1439,-71.0,-71.0,-67.0,-67.0
1440,-71.0,-71.0,-67.0,-67.0
1441,-71.0,-71.0,-67.0,-67.0
1442,-71.0,-71.0,-67.0,-67.0
1443,-71.0,-71.0,-67.0,-67.0
1444,-71.0,-71.0,-67.0,-67.0
1445,-71.0,-71.0,-67.0,-67.0
1446,-71.0,-71.0,-67.0,-67.0
1447,-72.0,-71.0,-68.0,-67.0
1448,-72.0,-71.0,-68.0,-67.0
1449,-73.0,-71.0,-69.0,-67.0
1450,-73.0,-71.0,-69.0,-67.0
1451,-73.0,-71.0,-68.0,-67.0
1452,-72.5,-71.0,-68.0,-66.0
1453,-72.0,-71.0,-68.0,-66.0
1454,-72.0,-71.0,-68.0,-66.0
1455,-72.0,-71.0,-68.0,-67.0
1456,-72.0,-71.0,-68.0,-67.0
1457,-72.0,-71.0,-68.0,-67.0
1458,-72.0,-71.0,-68.0,-66.0
1459,-72.0,-71.0,-68.0,-66.0
1460,-72.0,-71.0,-68.0,-66.0
1461,-72.0,-71.0,-68.0,-65.0
1462,-72.0,-71.0,-68.0,-65.0
1463,-72.0,-71.0,-68.0,-65.0
1464,-72.0,-71.0,-68.0,-64.0
1465,-72.0,-71.0,-68.0,-64.0
1466,-72.0,-72.0,-68.0,-64.0
1467,-72.0,-72.0,-68.0,-67.0
1468,-72.0,-72.0,-68.0,-67.0
1469,-72.0,-71.0,-68.0,-68.5
1470,-72.0,-71.0,-68.0,-70.0
1471,-72.0,-72.0,-68.0,-70.0
1472,-71.0,-72.5,-68.0,-71.0
1473,-71.0,-73.0,-68.0,-71.0
1474,-71.0,-74.0,-68.0,-71.0
1475,-71.0,-74.0,-68.0,-73.0
1476,-71.0,-76.0,-68.0,-73.0
1477,-71.0,-76.0,-68.0,-73.0
1478,-71.0,-73.0,-68.0,-70.0
1479,-71.0,-73.0,-68.0,-70.0
1480,-71.0,-73.0,-68.0,-70.0
1481,-71.0,-74.0,-68.0,-68.0
1482,-71.0,-70.5,-68.0,-68.0
1483,-71.0,-67.0,-68.0,-68.0
1484,-72.0,-66.5,-68.0,-68.0
1485,-72.0,-66.0,-68.0,-68.0
1486,-72.0,-66.0,-68.0,-68.0
1487,-70.0,-66.0,-68.0,-69.0
1488,-70.0,-66.0,-68.0,-69.0
1489,-70.0,-66.0,-68.0,-69.0
1490,-71.0,-66.0,-68.0,-70.0
1491,-71.0,-66.0,-68.0,-70.0
1492,-71.0,-66.0,-68.0,-70.0
1493,-71.0,-66.0,-68.0,-70.0
1494,-71.0,-66.0,-68.0,-70.0
1495,-71.0,-66.0,-68.0,-70.0
1496,-71.0,-66.0,-71.0,-70.0
1497,-71.0,-66.0,-71.0,-70.0
1498,-71.0,-66.0,-71.0,-70.0
1499,-71.0,-66.0,-71.0,-69.0
1500,-71.0,-66.0,-71.0,-69.0
1501,-71.0,-66.0,-71.5,-69.0
1502,-72.0,-66.0,-72.0,-69.0
1503,-72.0,-66.0,-71.5,-69.0
1504,-72.0,-66.0,-71.0,-69.0
1505,-72.0,-66.0,-71.5,-70.0
1506,-72.0,-66.0,-72.0,-70.0
1507,-72.0,-66.0,-69.0,-70.0
1508,-71.0,-66.0,-69.0,-70.0
1509,-71.0,-66.0,-69.0,-70.0
1510,-71.0,-66.0,-69.0,-70.0
1511,-72.0,-66.0,-71.0,-70.0
1512,-72.0,-66.0,-71.0,-70.0
1513,-72.0,-66.0,-72.0,-70.0
1514,-71.0,-66.0,-72.0,-69.0
1515,-71.0,-66.0,-72.0,-69.0
1516,-71.0,-66.0,-72.0,-69.0
1517,-71.0,-66.0,-71.0,-69.0
1518,-71.0,-66.0,-71.0,-69.0
1519,-71.0,-66.0,-70.0,-69.0
1520,-72.0,-66.0,-70.0,-72.0
1521,-72.0,-66.0,-69.0,-72.0
1522,-72.0,-66.0,-69.0,-72.0
1523,-71.0,-66.0,-69.0,-72.0
1524,-71.0,-66.0,-69.0,-72.0
1525,-71.0,-66.0,-68.0,-72.0
1526,-71.0,-66.0,-68.0,-69.0
1527,-71.0,-66.0,-69.0,-69.0
1528,-71.0,-66.0,-69.0,-69.0
1529,-71.0,-66.0,-70.0,-69.0
1530,-71.0,-66.0,-70.0,-69.0
1531,-71.0,-66.0,-68.0,-69.0
1532,-71.0,-66.0,-68.0,-69.0
1533,-71.0,-66.0,-69.0,-69.0
1534,-71.0,-66.0,-69.0,-69.0
1535,-72.0,-66.0,-68.0,-69.0
1536,-72.0,-66.0,-68.0,-69.0
1537,-72.0,-66.0,-68.0,-69.0
1538,-72.0,-66.0,-68.0,-70.0
1539,-72.0,-66.0,-68.0,-70.0
1540,-72.0,-66.0,-68.0,-70.0
1541,-72.0,-66.0,-68.0,-69.0
1542,-72.0,-66.0,-68.0,-69.0
1543,-72.0,-66.0,-68.0,-69.0
1544,-71.0,-66.0,-68.0,-69.0
1545,-71.0,-66.0,-68.0,-69.0
1546,-71.0,-66.0,-68.0,-69.0
1547,-72.0,-66.0,-68.0,-69.0
1548,-72.0,-66.0,-68.0,-69.0
1549,-72.0,-66.0,-68.0,-69.0
1550,-72.0,-66.0,-68.0,-71.0
1551,-72.0,-66.0,-68.0,-71.0
1552,-72.0,-66.0,-68.0,-71.0
1553,-72.0,-66.0,-68.0,-71.0
1554,-72.0,-66.0,-68.0,-71.0
1555,-72.0,-66.0,-68.0,-71.0
1556,-72.0,-66.0,-68.0,-69.0
1557,-72.0,-66.0,-68.0,-69.0
1558,-72.0,-66.0,-68.0,-69.0
1559,-73.0,-66.0,-68.0,-69.0
1560,-73.0,-66.0,-68.0,-69.0
1561,-73.0,-66.0,-68.0,-69.0
1562,-73.0,-66.0,-68.0,-70.0
1563,-73.0,-66.0,-68.0,-70.0
1564,-73.0,-66.0,-68.0,-70.0
1565,-73.0,-67.0,-68.0,-70.0
1566,-73.0,-67.0,-68.0,-70.0
1567,-73.0,-67.0,-68.0,-70.0
1568,-74.0,-67.0,-68.0,-70.0
1569,-74.0,-67.0,-68.0,-70.0
1570,-74.0,-67.0,-68.0,-70.0
1571,-74.0,-67.0,-68.0,-70.0
1572,-74.0,-67.0,-68.0,-70.0
1573,-74.0,-67.0,-68.0,-70.0
1574,-74.0,-68.0,-68.0,-69.0
1575,-74.0,-68.0,-68.0,-69.0
1576,-74.0,-68.0,-68.0,-69.0
1577,-74.0,-70.0,-68.0,-69.0
1578,-74.0,-70.0,-68.0,-69.0
1579,-74.0,-70.0,-68.0,-69.0
1580,-74.0,-71.0,-69.0,-72.0
1581,-74.0,-71.0,-69.0,-72.0
1582,-74.0,-71.0,-69.0,-72.0
1583,-73.0,-71.0,-69.5,-70.0
1584,-73.0,-71.0,-70.0,-70.0
1585,-73.0,-71.0,-69.0,-70.0
1586,-74.0,-72.0,-68.0,-70.0
1587,-74.0,-72.0,-68.0,-70.0
1588,-74.0,-72.0,-68.0,-70.0
1589,-74.0,-72.0,-69.0,-69.0
1590,-74.0,-72.0,-69.0,-69.0
1591,-74.0,-71.0,-70.0,-69.0
1592,-74.0,-71.0,-70.0,-69.0
1593,-74.0,-71.0,-70.0,-69.0
1594,-74.0,-71.0,-70.0,-69.0
1595,-73.0,-71.0,-69.0,-70.0
1596,-73.0,-71.0,-69.0,-70.0
1597,-73.0,-71.0,-70.0,-71.0
1598,-73.0,-71.0,-70.0,-71.0
1599,-73.0,-71.0,-69.0,-71.0
1600,-74.0,-71.5,-69.0,-72.0
1601,-74.0,-72.0,-70.0,-72.0
1602,-74.0,-72.0,-70.0,-72.0
1603,-73.0,-72.0,-68.0,-69.0
1604,-73.0,-72.0,-68.0,-69.0
1605,-73.0,-72.0,-69.0,-69.0
1606,-74.0,-71.0,-69.0,-67.0
1607,-74.0,-71.0,-69.0,-67.0
1608,-74.0,-71.0,-69.0,-67.0
1609,-74.0,-71.0,-68.0,-64.0
1610,-74.0,-71.0,-68.0,-64.0
1611,-74.0,-70.0,-67.0,-64.0
1612,-73.0,-70.0,-67.0,-65.0
1613,-73.0,-70.0,-68.0,-65.0
1614,-73.0,-71.0,-68.0,-65.0
1615,-73.0,-71.0,-68.0,-64.0
1616,-73.0,-71.0,-68.0,-64.0
1617,-73.0,-71.0,-68.0,-64.0
1618,-73.0,-71.0,-68.0,-64.0
1619,-73.0,-71.0,-68.0,-64.0
1620,-73.0,-71.0,-68.0,-64.0
1621,-73.0,-72.0,-68.0,-64.0
1622,-73.0,-72.0,-68.0,-64.0
1623,-73.0,-73.0,-68.0,-64.0
1624,-73.0,-73.0,-68.0,-64.0
1625,-73.0,-73.0,-68.0,-64.0
1626,-73.0,-73.0,-68.0,-64.0
1627,-73.0,-72.0,-68.0,-64.0
1628,-73.0,-72.0,-68.0,-64.0
1629,-73.0,-72.0,-68.0,-64.0
1630,-73.0,-72.0,-68.0,-64.0
1631,-73.0,-72.0,-68.0,-64.0
1632,-72.0,-72.0,-68.0,-63.0
1633,-72.0,-72.0,-68.0,-63.0
1634,-72.0,-72.0,-68.0,-63.0
1635,-72.0,-72.0,-68.0,-63.0
1636,-72.0,-72.0,-68.0,-63.0
1637,-72.0,-72.0,-68.0,-63.0
1638,-72.0,-72.0,-68.0,-65.0
1639,-72.0,-72.0,-68.0,-65.0
1640,-72.0,-72.0,-68.0,-65.0
1641,-73.0,-72.0,-68.0,-65.0
1642,-73.0,-72.0,-68.0,-65.0
1643,-72.0,-72.0,-68.0,-64.5
1644,-72.0,-72.0,-68.0,-64.0
1645,-72.0,-72.0,-68.0,-64.0
1646,-72.0,-72.0,-68.0,-64.0
1647,-72.0,-72.0,-68.0,-64.0
1648,-72.0,-72.0,-68.0,-65.0
1649,-72.0,-72.0,-68.0,-65.0
1650,-72.0,-72.0,-68.0,-65.0
1651,-72.0,-72.0,-68.0,-65.0
1652,-72.0,-72.0,-68.0,-65.0
1653,-72.0,-72.0,-68.0,-65.0
1654,-72.0,-72.0,-68.0,-65.0
1655,-72.0,-72.0,-68.0,-66.0
1656,-73.0,-72.0,-68.0,-66.0
1657,-73.0,-72.0,-68.0,-66.0
1658,-73.0,-72.0,-68.0,-66.0
1659,-73.0,-72.0,-68.0,-66.0
1660,-73.0,-72.0,-68.0,-66.0
1661,-73.0,-72.0,-68.0,-66.0
1662,-73.0,-72.0,-68.0,-66.0
1663,-73.0,-72.0,-70.0,-66.0
1664,-73.0,-71.0,-70.0,-68.0
1665,-73.0,-71.0,-71.0,-68.0
1666,-72.0,-71.0,-71.0,-68.0
1667,-72.0,-71.0,-71.0,-68.0
1668,-72.0,-71.0,-71.0,-68.0
1669,-72.0,-72.0,-71.0,-68.0
1670,-72.0,-72.0,-71.0,-66.0
1671,-72.0,-72.0,-71.0,-66.0
1672,-72.0,-72.0,-71.0,-66.0
1673,-72.0,-71.0,-71.0,-66.0
1674,-72.0,-71.0,-71.0,-66.0
1675,-73.0,-71.0,-71.0,-66.0
1676,-73.0,-71.0,-71.0,-66.0
1677,-73.0,-71.0,-71.0,-66.0
1678,-72.0,-71.0,-71.0,-66.0
1679,-72.0,-71.0,-71.0,-65.0
1680,-72.0,-71.0,-71.0,-65.0
1681,-72.0,-71.0,-71.0,-65.0
1682,-72.0,-71.0,-71.0,-66.0
1683,-72.0,-71.0,-71.0,-66.0
1684,-72.0,-71.0,-71.0,-66.0
1685,-72.0,-71.0,-71.0,-65.0
1686,-72.0,-71.0,-71.0,-65.0
1687,-72.0,-70.0,-69.0,-65.0
1688,-72.0,-70.0,-69.0,-66.0
1689,-72.0,-70.0,-69.0,-66.0
1690,-72.0,-70.0,-69.0,-66.0
1691,-72.0,-70.0,-69.0,-66.0
1692,-72.0,-70.0,-68.5,-66.0
1693,-73.0,-71.0,-68.0,-66.0
1694,-73.0,-71.0,-68.0,-68.0
1695,-73.0,-71.0,-68.0,-68.0
1696,-72.0,-71.0,-68.5,-68.0
1697,-72.0,-71.0,-69.0,-67.0
1698,-72.0,-71.0,-69.0,-67.0
1699,-72.0,-71.0,-69.0,-67.0
1700,-72.0,-71.0,-70.0,-66.0
1701,-72.0,-71.0,-70.0,-66.0
1702,-72.0,-71.0,-70.0,-66.0
1703,-72.0,-71.0,-70.0,-71.0
1704,-72.0,-71.0,-70.0,-71.0
1705,-72.0,-71.0,-70.0,-71.0
1706,-72.0,-71.0,-70.0,-73.0
1707,-72.0,-71.0,-70.0,-73.0
1708,-72.0,-71.0,-70.0,-73.0
1709,-72.0,-71.0,-70.0,-72.0
1710,-72.0,-71.0,-70.0,-72.0
1711,-72.0,-71.0,-70.0,-72.0
1712,-72.0,-71.0,-70.0,-72.0
1713,-72.0,-71.0,-70.0,-72.0
1714,-72.0,-71.0,-70.0,-72.0
1715,-72.0,-71.0,-70.0,-72.0
1716,-72.0,-71.0,-70.0,-72.0
1717,-72.0,-71.0,-70.0,-72.0
1718,-72.0,-71.0,-70.0,-74.0
1719,-72.0,-71.0,-70.0,-74.0
1720,-72.0,-71.0,-70.0,-74.0
1721,-72.0,-71.0,-70.0,-73.0
1722,-72.0,-71.0,-70.0,-73.0
1723,-72.0,-71.0,-70.0,-73.0
1724,-72.0,-71.0,-70.0,-74.0
1725,-72.0,-71.0,-70.0,-74.0
1726,-72.0,-71.0,-70.0,-74.0
1727,-72.0,-71.0,-70.0,-74.0
1728,-72.0,-71.0,-70.0,-74.0
1729,-72.0,-71.0,-70.0,-74.0
1730,-72.0,-71.0,-70.0,-74.0
1731,-72.0,-71.0,-70.0,-74.0
1732,-72.0,-71.0,-70.0,-74.0
1733,-72.0,-71.0,-70.0,-73.0
1734,-72.0,-71.0,-70.0,-73.0
1735,-72.0,-71.0,-70.0,-73.0
1736,-72.0,-71.0,-70.0,-71.0
1737,-72.0,-71.0,-70.0,-71.0
1738,-72.0,-71.0,-70.0,-71.0
1739,-72.0,-71.0,-70.0,-70.0
1740,-72.0,-71.0,-70.0,-70.0
1741,-72.0,-71.0,-70.0,-70.0
1742,-72.0,-71.0,-70.0,-70.0
1743,-72.0,-71.0,-72.0,-70.0
1744,-72.0,-71.0,-72.0,-70.0
1745,-72.0,-71.0,-72.0,-71.0
1746,-72.0,-71.0,-72.0,-71.0
1747,-72.0,-71.0,-72.0,-71.0
1748,-72.0,-71.0,-72.0,-70.0
1749,-72.0,-71.0,-72.0,-70.0
1750,-72.0,-71.0,-72.0,-70.0
1751,-72.0,-71.0,-72.0,-71.0
1752,-72.0,-71.0,-70.0,-71.0
1753,-72.0,-71.0,-71.0,-71.0
1754,-72.0,-71.0,-72.0,-72.0
1755,-72.0,-71.0,-71.5,-72.0
1756,-72.0,-71.0,-71.0,-72.0
1757,-72.0,-71.0,-70.0,-73.0
1758,-72.0,-71.0,-69.0,-73.0
1759,-72.0,-71.0,-69.0,-73.0
1760,-72.0,-71.0,-69.0,-71.0
1761,-72.0,-71.0,-71.0,-71.0
1762,-72.0,-71.0,-71.0,-71.0
1763,-72.0,-71.0,-72.0,-71.0
1764,-72.0,-71.0,-72.0,-71.0
1765,-72.0,-71.0,-69.0,-71.0
1766,-72.0,-71.0,-69.0,-71.0
1767,-72.0,-71.0,-69.0,-71.0
1768,-71.0,-71.0,-69.0,-71.0
1769,-71.0,-71.0,-69.0,-71.0
1770,-71.0,-71.0,-69.5,-71.0
1771,-71.0,-71.0,-70.0,-71.0
1772,-71.0,-71.0,-69.0,-72.0
1773,-72.0,-71.0,-69.0,-72.0
1774,-72.0,-71.0,-69.0,-72.0
1775,-72.0,-71.0,-69.0,-71.0
1776,-72.0,-71.0,-72.0,-71.0
1777,-72.0,-71.0,-72.0,-71.0
1778,-72.0,-71.0,-71.0,-71.0
1779,-72.0,-71.0,-71.0,-71.0
1780,-72.0,-71.0,-69.0,-71.0
1781,-72.0,-71.0,-69.0,-72.0
1782,-71.0,-72.0,-69.0,-72.0
1783,-71.0,-71.5,-69.0,-72.0
1784,-71.0,-71.0,-69.0,-73.0
1785,-71.0,-71.0,-69.0,-73.0
1786,-71.0,-71.0,-69.0,-73.0
1787,-71.0,-71.0,-69.0,-73.0
1788,-71.0,-71.0,-69.0,-73.0
1789,-71.0,-71.0,-69.0,-73.0
1790,-71.0,-71.0,-69.0,-70.0
1791,-72.0,-71.0,-69.0,-70.0
1792,-72.0,-71.0,-69.0,-70.0
1793,-72.0,-71.0,-69.0,-71.0
1794,-72.0,-71.0,-69.0,-71.0
1795,-72.0,-71.0,-69.0,-71.0
1796,-72.0,-71.0,-69.0,-70.0
1797,-71.0,-71.0,-69.0,-70.0
1798,-71.0,-71.0,-69.0,-70.0
1799,-71.0,-71.0,-69.0,-72.0
1800,-72.0,-71.0,-69.0,-72.0
1801,-72.0,-71.0,-69.0,-72.0
1802,-72.0,-71.0,-69.0,-71.0
1803,-72.0,-71.0,-69.0,-71.0
1804,-72.0,-71.0,-69.0,-71.0
1805,-72.0,-71.0,-69.0,-72.0
1806,-72.0,-71.0,-69.0,-72.0
1807,-72.0,-71.0,-69.0,-72.0
1808,-73.0,-71.0,-69.0,-72.0
1809,-73.0,-71.0,-69.0,-72.0
1810,-73.0,-71.0,-69.0,-72.0
1811,-71.0,-71.0,-69.0,-72.0
1812,-71.0,-71.0,-69.0,-72.0
1813,-72.0,-71.0,-69.0,-72.0
1814,-72.0,-71.0,-69.0,-73.0
1815,-72.0,-71.0,-69.0,-73.0
1816,-71.0,-71.0,-69.0,-73.0
1817,-71.0,-71.0,-69.0,-73.0
1818,-72.0,-71.0,-69.0,-73.0
1819,-72.0,-71.0,-69.0,-73.0
1820,-72.0,-71.0,-69.0,-71.0
1821,-72.0,-71.0,-70.0,-71.0
1822,-72.0,-71.0,-71.0,-71.0
1823,-72.0,-71.0,-72.0,-69.0
1824,-72.0,-71.0,-72.0,-69.0
1825,-72.0,-71.0,-71.0,-69.0
1826,-72.0,-71.0,-71.0,-69.0
1827,-72.0,-71.0,-70.0,-69.0
1828,-72.0,-71.0,-70.5,-69.0
1829,-72.0,-71.0,-71.0,-72.0
1830,-72.0,-71.0,-71.5,-72.0
1831,-72.0,-71.0,-72.0,-72.0
1832,-72.0,-71.0,-70.5,-73.0
1833,-71.0,-71.0,-69.0,-73.0
1834,-70.5,-71.0,-69.5,-73.0
1835,-70.0,-71.0,-70.0,-73.0
1836,-70.0,-71.0,-71.0,-73.0
1837,-70.0,-71.0,-71.0,-73.0
1838,-70.0,-71.0,-71.0,-73.0
1839,-70.0,-71.0,-71.0,-71.0
1840,-70.0,-71.0,-70.0,-71.0
1841,-71.0,-71.0,-70.0,-71.0
1842,-71.0,-71.0,-71.0,-71.0
1843,-71.0,-71.0,-71.0,-71.0
1844,-71.0,-71.0,-70.0,-71.5
1845,-71.0,-71.0,-70.0,-72.0
1846,-71.0,-71.0,-68.0,-72.0
1847,-72.0,-71.0,-68.0,-72.0
1848,-72.0,-71.0,-68.0,-72.0
1849,-72.0,-71.0,-68.0,-72.0
1850,-72.0,-71.0,-68.0,-72.0
1851,-72.0,-71.0,-68.0,-72.0
1852,-72.0,-71.0,-70.0,-72.0
1853,-72.0,-71.0,-70.0,-73.0
1854,-72.0,-71.0,-70.0,-73.0
1855,-72.0,-71.0,-70.0,-73.0
1856,-72.0,-71.0,-70.0,-70.0
1857,-72.0,-71.0,-70.0,-70.0
1858,-72.0,-71.0,-69.0,-70.0
1859,-71.0,-71.0,-69.0,-74.0
1860,-71.5,-71.0,-69.0,-74.0
1861,-72.0,-71.0,-69.0,-74.0
1862,-72.0,-71.0,-69.0,-72.0
1863,-72.0,-71.0,-69.0,-72.0
1864,-72.0,-71.0,-69.0,-72.0
1865,-72.0,-71.0,-69.0,-71.0
1866,-72.0,-71.0,-69.0,-71.0
1867,-72.0,-71.0,-69.0,-71.0
1868,-72.0,-71.0,-69.0,-73.0
1869,-71.0,-71.0,-69.0,-73.0
1870,-71.0,-71.0,-69.0,-73.0
1871,-71.0,-71.0,-69.0,-73.0
1872,-72.0,-71.0,-69.0,-73.0
1873,-72.0,-71.0,-69.0,-73.0
1874,-72.0,-71.0,-69.0,-71.0
1875,-72.0,-71.0,-69.0,-71.0
1876,-72.0,-71.0,-69.0,-71.0
1877,-72.0,-71.0,-69.0,-71.0
1878,-72.0,-71.0,-69.0,-71.0
1879,-72.0,-71.0,-69.0,-71.0
1880,-72.0,-71.0,-69.0,-71.0
1881,-73.0,-71.0,-69.0,-71.0
1882,-73.0,-71.0,-69.0,-71.0
1883,-73.0,-71.0,-69.0,-72.0
1884,-72.0,-71.0,-69.0,-72.0
1885,-72.0,-71.0,-69.0,-72.0
1886,-72.0,-71.0,-69.0,-72.0
1887,-73.0,-71.0,-69.0,-72.0
1888,-73.0,-71.0,-69.0,-72.0
1889,-73.0,-71.0,-69.0,-72.0
1890,-72.0,-71.0,-69.0,-72.0
1891,-72.0,-71.0,-69.0,-72.0
1892,-72.0,-71.0,-69.0,-72.0
1893,-72.0,-66.0,-69.0,-72.0
1894,-72.0,-66.0,-69.0,-72.0
1895,-72.0,-66.0,-69.0,-71.0
1896,-72.0,-66.0,-69.0,-71.0
1897,-72.0,-66.0,-69.0,-71.0
1898,-72.0,-66.0,-69.0,-74.0
1899,-72.0,-66.0,-69.0,-74.0
1900,-72.0,-66.0,-69.0,-74.0
1901,-72.0,-66.0,-69.5,-74.0
1902,-73.0,-67.0,-70.0,-74.0
1903,-73.0,-67.0,-70.0,-74.0
1904,-73.0,-67.0,-70.0,-73.0
1905,-72.0,-66.0,-70.5,-73.0
1906,-72.0,-66.0,-71.0,-73.0
1907,-72.0,-66.0,-68.0,-72.0
1908,-73.0,-67.0,-68.0,-72.0
1909,-73.0,-67.0,-69.0,-72.0
1910,-73.0,-67.0,-69.0,-72.0
1911,-73.0,-66.0,-69.0,-72.0
1912,-73.0,-66.0,-69.0,-72.0
1913,-73.0,-66.0,-69.0,-72.0
1914,-72.0,-66.0,-69.5,-72.0
1915,-72.0,-66.0,-70.0,-72.0
1916,-72.0,-66.0,-69.0,-72.0
1917,-72.0,-66.0,-69.0,-72.0
1918,-72.0,-66.0,-71.0,-72.0
1919,-72.0,-66.0,-71.0,-72.0
1920,-72.0,-66.0,,-72.0
1921,-72.0,-66.0,,-72.0
1922,-72.0,-66.0,,-72.0
1923,-72.0,-66.0,,-72.0
1924,-72.0,-66.0,,-72.0
1925,-72.0,-66.0,,-72.0
1926,-71.0,-66.0,,-72.0
1927,-71.0,-66.0,,-72.0
1928,-71.0,-66.0,,-74.0
1929,-71.0,-66.0,,-74.0
1930,-71.0,-66.0,,-74.0
1931,-71.0,-66.0,,-74.0
1932,-71.0,-66.0,,-74.0
1933,-71.0,-66.0,,-74.0
1934,-71.0,-66.0,,-72.0
1935,-71.0,-66.0,,-72.0
1936,-71.0,-66.0,,-72.0
1937,-71.0,-66.0,,-72.0
1938,-71.0,-66.0,,-72.0
1939,-71.0,-66.0,,-72.0
1940,-71.0,-66.0,,-72.0
1941,-70.0,-66.0,,-72.0
1942,-70.0,-66.0,,-72.0
1943,-70.0,-66.0,,-71.0
1944,-72.0,-66.0,,-71.0
1945,-72.0,-66.0,,-71.0
1946,-72.0,-66.0,,-72.0
1947,-72.0,-66.0,,-72.0
1948,-72.0,-66.0,,-72.0
1949,-72.0,-66.0,,-72.0
1950,-72.0,-66.0,,-72.0
1951,-72.0,-66.0,,-72.0
1952,-72.0,-66.0,,-74.0
1953,-71.0,-66.0,,-74.0
1954,-71.0,-66.0,,-74.0
1955,-71.0,-66.0,,-74.0
1956,-71.0,-66.0,,-74.0
1957,-71.0,-66.0,,-74.0
1958,-71.0,-66.0,,-72.0
1959,-71.0,-66.0,,-72.0
1960,-71.0,-66.0,,-72.0
1961,-71.0,-66.0,,-72.0
1962,-70.0,-66.0,,-72.0
1963,-70.0,-66.0,,-72.0
1964,-70.0,-66.0,,-72.0
1965,-71.0,-66.0,,-72.0
1966,-71.0,-66.0,,-72.0
1967,-71.0,-66.0,,-75.0
1968,-72.0,-66.0,,-75.0
1969,-72.0,-66.0,,-75.0
1970,-72.0,-66.0,,-75.0
1971,-72.0,-66.0,,-75.0
1972,-72.0,-66.0,,-75.0
1973,-72.0,-66.0,,-74.0
1974,-73.0,-66.0,,-74.0
1975,-73.0,-66.0,,-74.0
1976,-73.0,-66.0,,-74.0
1977,-73.0,-66.0,,-74.0
1978,-73.0,-66.0,,-74.0
1979,-73.0,-66.0,,-74.0
1980,-74.0,-66.0,,-74.0
1981,-74.0,-66.0,,-74.0
1982,-74.0,-66.0,,-71.0
1983,-73.0,-66.0,,-71.0
1984,-73.0,-66.0,,-71.0
1985,-73.0,-66.0,,-70.0
1986,-74.0,-66.0,,-70.0
1987,-74.0,-66.0,,-70.0
1988,-74.0,-66.0,,-66.0
1989,-74.0,-66.0,,-66.0
1990,-74.0,-66.0,,-66.0
1991,-74.0,-66.0,,-64.0
1992,-74.0,-67.0,,-64.0
1993,-74.0,-67.0,,-64.0
1994,-73.0,-67.0,,-65.0
1995,-73.0,-67.0,,-65.0
1996,-74.0,-67.0,,-65.0
1997,-74.0,-67.0,,-66.0
1998,-74.0,-67.0,,-66.0
1999,-73.0,-67.0,,-66.0
2000,-73.0,-67.0,,-66.0
2001,-73.0,-67.0,,-66.0
2002,-73.0,-67.0,,-66.0
2003,-73.0,-67.0,,-65.0
2004,-73.0,-67.0,,-65.0
2005,-73.0,-67.0,,-65.0
2006,-73.0,-67.0,,-65.0
2007,-73.0,-67.0,,-65.0
2008,-73.0,-67.0,,-65.0
2009,-73.0,-67.0,,-65.0
2010,-73.0,-67.0,,-65.0
2011,-74.0,-67.0,,-65.0
2012,-74.0,-67.0,,-64.0
2013,-74.0,-67.0,,-64.0
2014,-74.0,-67.0,,-64.0
2015,-74.0,-67.0,,-65.0
2016,-74.0,-67.0,,-65.0
2017,-74.0,-67.0,,-65.0
2018,-74.0,-67.0,,-65.0
2019,-74.0,-67.0,,-65.0
2020,-74.0,-67.0,,-65.0
2021,-74.0,-67.0,,-67.0
2022,-74.0,-67.0,,-67.0
2023,-74.0,-67.0,,-67.0
2024,-74.0,-67.0,,-65.0
2025,-74.5,-67.0,,-65.0
2026,-75.0,-67.0,,-65.0
2027,-75.0,-67.0,,-65.0
2028,-75.0,-67.0,,-65.0
2029,-75.0,-67.0,,-65.0
2030,-75.0,-67.0,,-65.0
2031,-75.0,-67.0,,-65.0
2032,-74.0,-67.0,,-65.0
2033,-74.5,-67.0,,-64.0
2034,-75.0,-67.0,,-64.0
2035,-74.0,-67.0,,-64.0
2036,-74.0,-67.0,,-65.0
2037,-74.0,-67.0,,-65.0
2038,-74.0,-67.0,,-65.0
2039,-74.0,-67.0,,-65.0
2040,-74.0,-67.0,,-64.5
2041,-74.0,-67.0,,-64.0
2042,-74.0,-67.0,,-64.0
2043,-74.0,-67.0,,-64.0
2044,-74.0,-67.0,,-64.0
2045,-74.0,-67.0,,-64.0
2046,-74.0,-67.0,,-65.0
2047,-74.0,-67.0,,-65.0
2048,-74.0,-67.0,,-66.0
2049,-74.0,-67.0,,-66.0
2050,-74.0,-67.0,,-65.5
2051,-74.0,-67.0,,-65.0
2052,-74.0,-67.0,,-65.0
2053,-74.0,-67.0,,-64.0
2054,-73.0,-67.0,,-64.0
2055,-73.0,-67.0,,-64.0
2056,-73.0,-67.0,,-64.0
2057,-73.0,-67.0,,-64.0
2058,-73.5,-67.0,,-64.0
2059,-74.0,-67.0,,-65.0
2060,-74.0,-67.0,,-65.0
2061,-73.0,-67.0,,-65.0
2062,-73.0,-67.0,,-65.0
2063,-73.0,-67.0,,-65.0
2064,-73.0,-67.0,,-65.0
2065,-73.0,-67.0,,-65.0
2066,-73.0,-67.0,,-65.0
2067,-73.0,-67.0,,-65.0
2068,-73.0,-67.0,,-65.0
2069,-73.0,-67.0,,-65.0
2070,-73.0,-67.0,,-65.0
2071,-73.0,-67.0,,-65.0
2072,-73.0,-67.0,,-65.0
2073,-74.0,-67.0,,-67.0
2074,-74.0,-67.0,,-67.0
2075,-74.0,-67.0,,-67.0
2076,-73.0,-67.0,,-67.0
2077,-73.0,-67.0,,-67.0
2078,-73.0,-67.0,,-67.0
2079,-73.0,-67.0,,-66.0
2080,-73.0,-67.0,,-66.0
2081,-73.0,-67.0,,-66.0
2082,-73.0,-67.0,,-67.0
2083,-73.0,-67.0,,-67.0
2084,-73.0,-67.0,,-67.0
2085,-74.0,-67.0,,-67.0
2086,-74.0,-67.0,,-67.0
2087,-74.0,-67.0,,-67.0
2088,-74.0,-67.0,,-68.0
2089,-74.0,-67.0,,-68.0
2090,-74.0,-67.0,,-68.0
2091,-73.0,-67.0,,-67.0
2092,-73.0,-67.0,,-67.0
2093,-73.0,-67.0,,-67.0
2094,-74.0,-67.0,,-68.0
2095,-74.0,-67.0,,-68.0
2096,-74.0,-67.0,,-68.0
2097,-75.0,-67.0,,-68.0
2098,-75.0,-67.0,,-68.0
2099,-75.0,-67.0,,-68.0
2100,-75.0,-67.0,,-68.0
2101,-75.0,-67.0,,-68.0
2102,-75.0,-67.0,,-68.0
2103,-71.0,-67.0,,-67.0
2104,-71.0,-67.0,,-67.0
2105,-71.0,-67.0,,-67.0
2106,-71.0,-67.0,,-66.0
2107,-71.0,-67.0,,-66.0
2108,-71.0,-67.0,,-66.0
2109,-72.0,-67.0,,-67.0
2110,-72.0,-67.0,,-67.0
2111,-72.0,-67.0,,-67.0
2112,-73.0,-67.0,,-64.0
2113,-73.0,-67.0,,-64.0
2114,-73.0,-67.0,,-64.0
2115,-73.0,-67.0,,-65.0
2116,-73.0,-66.0,,-65.0
2117,-73.0,-66.0,,-65.0
2118,-72.0,-66.0,,-65.0
2119,-72.0,-66.0,,-65.0
2120,-72.0,-66.0,,-65.0
2121,-72.0,-66.0,,-65.0
2122,-72.0,-66.0,,-65.0
2123,-72.0,-66.0,,-65.0
2124,-72.0,-66.0,,-64.0
2125,-72.0,-66.0,,-64.0
2126,-72.0,-66.0,,-64.0
2127,-70.0,-66.0,,-65.0
2128,-70.0,-66.0,,-65.0
2129,-70.0,-66.0,,-65.0
2130,-71.0,-66.0,,-65.0
2131,-71.0,-66.0,,-65.0
2132,-71.0,-66.0,,-65.0
2133,-72.0,-66.0,,-66.0
2134,-72.0,-66.0,,-66.0
2135,-72.0,-66.0,,-66.0
2136,-73.0,-66.0,,-67.0
2137,-73.0,-66.0,,-67.0
2138,-73.0,-66.0,,-67.0
2139,-73.0,-65.0,,-65.0
2140,-73.0,-65.0,,-65.0
2141,-73.0,-65.5,,-65.0
2142,-73.0,-66.0,,-65.0
2143,-73.0,-66.0,,-65.0
2144,-73.0,-66.0,,-65.0
2145,-74.0,-66.0,,-64.0
2146,-74.0,-66.0,,-64.0
2147,-74.0,-66.0,,-64.0
2148,-73.0,-66.0,,-64.0
2149,-73.0,-66.0,,-64.0
2150,-73.0,-66.0,,-64.0
2151,-72.0,-66.0,,-64.0
2152,-72.0,-66.0,,-64.0
2153,-72.0,-66.0,,-64.0
2154,-72.0,-66.0,,-65.0
2155,-72.0,-66.0,,-65.0
2156,-72.0,-66.0,,-65.0
2157,-72.0,-66.0,,-64.0
2158,-72.0,-66.0,,-64.0
2159,-73.0,-66.0,,-64.0
2160,-73.0,-66.0,,-64.0
2161,-73.0,-66.0,,-64.0
2162,-73.0,-66.0,,-64.0
2163,-73.0,-66.0,,-66.0
2164,-73.0,-66.0,,-66.0
2165,-73.0,-66.0,,-66.0
2166,-73.0,-66.0,,-67.0
2167,-73.0,-66.0,,-67.0
2168,-72.0,-66.0,,-67.0
2169,-72.0,-66.0,,-65.0
2170,-72.0,-66.0,,-65.0
2171,-72.0,-66.0,,-65.0
2172,-72.0,-66.0,,-65.0
2173,-72.0,-66.0,,-65.0
2174,-72.0,-66.0,,-65.0
2175,-72.0,-66.0,,-65.0
2176,-72.0,-66.0,,-65.0
2177,-72.0,-66.0,,-65.0
2178,-71.0,-66.0,,-64.0
2179,-71.0,-66.0,,-64.0
2180,-70.0,-66.0,,-64.0
2181,-70.0,-66.0,,-64.0
2182,-70.0,-66.0,,-64.0
2183,-70.0,-66.0,,-64.0
2184,-69.0,-66.0,,-64.0
2185,-69.0,-66.0,,-64.0
2186,-69.0,-66.0,,-64.0
2187,-70.0,-66.0,,-64.0
2188,-70.0,-66.0,,-64.0
2189,-70.0,-66.0,,-64.0
2190,-70.0,-66.0,,-64.0
2191,-71.0,-66.0,,-64.0
2192,-71.0,-66.0,,-64.0
2193,-71.0,-66.0,,-65.0
2194,-71.0,-66.0,,-65.0
2195,-71.0,-66.0,,-65.0
2196,-71.0,-66.0,,-67.0
2197,-71.0,-66.0,,-67.0
2198,-71.0,-66.0,,-67.0
2199,-71.0,-66.0,,-65.0
2200,-71.0,-66.0,,-65.0
2201,-71.0,-66.0,,-65.0
2202,-71.0,-66.0,,-68.0
2203,-71.0,-66.0,,-68.0
2204,-71.0,-66.0,,-68.0
2205,-71.0,-66.0,,-67.0
2206,-71.0,-66.0,,-67.0
2207,-71.0,-66.0,,-67.0
2208,-70.5,-66.0,,-67.0
2209,-70.0,-66.0,,-67.0
2210,-70.0,-66.0,,-67.0
2211,-70.0,-66.0,,-67.0
2212,-70.0,-66.0,,-67.0
2213,-70.0,-66.0,,-67.0
2214,-70.0,-66.0,,-67.0
2215,-70.0,-66.0,,-67.0
2216,-70.5,-66.0,,-67.0
2217,-71.0,-66.0,,-67.0
2218,-70.0,-66.0,,-67.0
2219,-70.0,-66.0,,-67.0
2220,-71.0,-66.0,,-67.0
2221,-70.5,-66.0,,-67.0
2222,-70.0,-66.0,,-67.0
2223,-70.0,-66.0,,-64.0
2224,-71.0,-66.0,,-64.0
2225,-71.0,-66.0,,-64.0
2226,-71.0,-66.0,,-64.0
2227,-70.0,-66.0,,-64.0
2228,-70.0,-66.0,,-64.0
2229,-71.0,-66.0,,-67.0
2230,-71.0,-66.0,,-67.0
2231,-71.0,-67.0,,-67.0
2232,-70.0,-67.0,,-66.0
2233,-70.0,-67.0,,-66.0
2234,-71.0,-66.0,,-66.0
2235,-71.0,-66.0,,-67.0
2236,-71.0,-66.0,,-67.0
2237,-71.0,-66.0,,-67.0
2238,-71.0,-66.0,,-64.0
2239,-71.0,-66.0,,-64.0
2240,-71.0,-66.0,,-64.0
2241,-71.0,-66.0,,-64.0
2242,-71.0,-66.0,,-64.0
2243,-71.0,-66.0,,-64.0
2244,-71.0,-66.0,,-64.0
2245,-70.0,-66.0,,-64.0
2246,-70.0,-67.0,,-64.0
2247,-70.0,-67.0,,-64.0
2248,-70.0,-67.0,,-64.0
2249,-70.0,-67.0,,-64.0
2250,-70.0,-67.0,,-64.0
2251,-70.0,-67.0,,-66.0
2252,-70.0,-67.0,,-66.0
2253,-70.0,-67.0,,-66.0
2254,-71.0,-67.0,,-66.0
2255,-71.0,-67.0,,-66.0
2256,-71.0,-67.0,,-66.0
2257,-70.0,-67.0,,-64.0
2258,-70.0,-67.0,,-64.0
2259,-70.0,-67.0,,-64.0
2260,-71.0,-67.0,,-64.0
2261,-71.0,-67.0,,-64.0
2262,-71.0,-67.0,,-64.0
2263,-70.0,-67.0,,-64.0
2264,-70.0,-67.0,,-64.0
2265,-70.0,-67.0,,-64.0
2266,-70.0,-67.0,,-64.0
2267,-70.0,-67.0,,-64.0
2268,-70.0,-67.0,,-64.0
2269,-70.0,-67.0,,-64.0
2270,-70.0,-67.0,,-64.0
2271,-70.0,-67.0,,-64.0
2272,-70.0,-67.0,,-64.0
2273,-70.0,-67.0,,-64.0
2274,-70.0,-67.0,,-64.0
2275,-70.0,-67.0,,-64.0
2276,-70.0,-67.0,,-64.0
2277,-70.0,-67.0,,-64.0
2278,-70.0,-67.0,,-64.0
2279,-70.0,-67.0,,-64.0
2280,-70.0,-67.0,,-64.0
2281,-71.0,-67.0,,-66.0
2282,-71.0,-67.0,,-66.0
2283,-71.0,-67.0,,-66.0
2284,-70.0,-67.0,,-66.0
2285,-70.0,-67.0,,-66.0
2286,-70.0,-67.0,,-66.0
2287,-70.0,-67.0,,-64.0
2288,-70.0,-67.0,,-64.0
2289,-70.0,-67.0,,-64.0
2290,-70.0,-67.0,,-64.0
2291,-70.0,-67.0,,-64.0
2292,-70.0,-67.0,,-64.0
2293,-70.0,-67.0,,-64.0
2294,-70.0,-67.0,,-64.0
2295,-70.0,-67.0,,-64.0
2296,-70.0,-67.0,,-64.0
2297,-70.0,-67.0,,-64.0
2298,-70.0,-67.0,,-64.0
2299,-71.0,-67.0,,-65.0
2300,-71.0,-67.0,,-65.0
2301,-71.0,-67.0,,-65.0
2302,-75.0,-67.0,,-64.0
2303,-75.0,-67.0,,-64.0
2304,-75.0,-67.0,,-64.0
2305,-75.0,-67.0,,-64.0
2306,-75.0,-67.0,,-64.0
2307,-75.0,-67.0,,-64.0
2308,-75.0,-67.0,,-64.0
2309,-75.0,-67.0,,-64.0
2310,-75.0,-67.0,,-64.0
2311,-74.0,-67.0,,-66.0
2312,-74.0,-67.0,,-66.0
2313,-74.0,-67.0,,-66.0
2314,-75.0,-67.0,,-66.0
2315,-75.0,-67.0,,-66.0
2316,-75.0,-67.0,,-66.0
2317,-75.0,-67.0,,-64.0
2318,-75.0,-67.0,,-64.0
2319,-75.0,-67.0,,-64.0
2320,-75.0,-67.0,,-64.0
2321,-75.0,-67.0,,-64.0
2322,-75.0,-67.0,,-64.0
2323,-74.0,-67.0,,-65.0
2324,-74.0,-67.0,,-65.0
2325,-74.0,-67.0,,-65.0
2326,-74.0,-67.0,,-68.0
2327,-74.0,-67.0,,-68.0
2328,-74.0,-67.0,,-68.0
2329,-74.0,-69.0,,-67.0
2330,-74.0,-69.0,,-67.0
2331,-74.0,-69.0,,-67.0
2332,-74.0,-69.0,,-67.0
2333,-74.0,-69.0,,-67.0
2334,-74.0,-69.0,,-67.0
2335,-74.0,-68.0,,-67.0
2336,-74.0,-68.0,,-67.0
2337,-74.0,-68.0,,-67.0
2338,-74.0,-68.0,,-67.0
2339,-74.0,-68.0,,-67.0
2340,-74.0,-68.0,,-67.0
2341,-74.0,-68.0,,-65.0
2342,-74.0,-68.0,,-65.0
2343,-74.0,-68.0,,-65.0
2344,-74.0,-68.0,,-66.0
2345,-74.0,-68.0,,-66.0
2346,-74.0,-68.0,,-66.0
2347,-74.0,-68.0,,-67.0
2348,-74.0,-68.0,,-67.0
2349,-74.0,-68.0,,-67.0
2350,-74.0,-68.0,,-67.0
2351,-74.0,-68.0,,-67.0
2352,-74.0,-69.0,,-67.0
2353,-74.0,-69.0,,-67.0
2354,-74.0,-69.0,,-67.0
2355,-74.0,-69.0,,-67.0
2356,-74.0,-69.0,,-67.0
2357,-75.0,-69.0,,-67.0
2358,-75.0,-68.0,,-67.0
2359,-75.0,-68.0,,-66.0
2360,-75.0,-68.0,,-66.0
2361,-75.0,-68.0,,-66.0
2362,-75.0,-68.0,,-65.0
2363,-74.0,-68.0,,-65.0
2364,-74.0,-68.0,,-65.0
2365,-75.0,-68.0,,-65.0
2366,-75.0,-68.0,,-65.0
2367,-75.0,-68.0,,-65.0
2368,-74.0,-68.0,,-65.0
2369,-74.0,-68.0,,-65.0
2370,-74.0,-68.0,,-65.0
2371,-75.0,-68.0,,-67.0
2372,-75.0,-68.0,,-67.0
2373,-75.0,-68.0,,-67.0
2374,-75.0,-68.0,,-67.0
2375,-75.0,-68.0,,-67.0
2376,-74.0,-68.0,,-67.0
2377,-74.0,-68.0,,-65.0
2378,-75.0,-68.0,,-65.0
2379,-75.0,-68.0,,-65.0
2380,-75.0,-68.0,,-65.0
2381,-75.0,-68.0,,-65.0
2382,-74.5,-68.0,,-65.0
2383,-74.0,-68.0,,-64.0
2384,-75.0,-68.0,,-64.0
2385,-75.0,-68.0,,-64.0
2386,-75.0,-68.0,,-64.0
2387,-75.0,-68.0,,-64.0
2388,-75.0,-68.0,,-64.0
2389,-75.0,-68.0,,-64.0
2390,-75.0,-68.0,,-64.0
2391,-75.0,-68.0,,-64.0
2392,-75.0,-68.0,,-64.0
2393,-74.5,-68.0,,-64.0
2394,-74.0,-68.0,,-64.0
2395,-74.5,-68.0,,-65.0
2396,-75.0,-68.0,,-65.0
2397,-74.0,-68.0,,-65.0
2398,-74.0,-68.0,,-65.0
2399,-74.0,-68.0,,-65.0
2400,-74.0,-68.0,,-67.0
2401,-74.0,-68.0,,-67.0
2402,-74.0,-68.0,,-66.5
2403,-74.0,-68.0,,-66.0
2404,-74.0,-68.0,,-65.5
2405,-74.0,-68.0,,-65.0
2406,-74.0,-68.0,,-64.5
2407,-75.0,-68.0,,-64.0
2408,-74.5,-68.0,,-64.0
2409,-74.0,-68.0,,-64.0
2410,-74.0,-68.0,,-64.0
2411,-74.0,-68.0,,-64.0
2412,-74.0,-68.0,,-64.0
2413,-74.0,-68.0,,-64.0
2414,-74.0,-68.0,,-64.0
2415,-74.0,-68.0,,-64.0
2416,-74.0,-68.0,,-64.0
2417,-74.0,-68.0,,-65.0
2418,-74.0,-68.0,,-65.0
2419,-74.0,-68.0,,-65.0
2420,-74.0,-68.0,,-65.0
2421,-74.0,-68.0,,-65.0
2422,-74.0,-68.0,,-65.0
2423,-74.0,-68.0,,-66.0
2424,-74.0,-68.0,,-66.0
2425,-73.5,-68.0,,-66.0
2426,-73.0,-68.0,,-66.0
2427,-73.0,-68.0,,-66.0
2428,-73.0,-68.0,,-66.0
2429,-73.0,-68.0,,-66.0
2430,-73.0,-68.0,,-66.0
2431,-73.0,-68.0,,-66.0
2432,-73.0,-68.0,,-64.0
2433,-73.0,-68.0,,-64.0
2434,-73.0,-68.0,,-64.0
2435,-73.0,-68.0,,-64.0
2436,-73.0,-68.0,,-64.0
2437,-73.0,-68.0,,-64.0
2438,-73.0,-68.0,,-64.0
2439,-73.0,-68.0,,-64.0
2440,-73.0,-68.0,,-64.0
2441,-73.0,-68.0,,-65.0
2442,-74.0,-68.0,,-65.0
2443,-74.0,-68.0,,-65.0
2444,-74.0,-68.0,,-64.0
2445,-73.0,-68.0,,-64.0
2446,-73.0,-68.0,,-64.0
2447,-73.0,-68.0,,-66.0
2448,-73.0,-68.0,,-66.0
2449,-73.0,-68.0,,-66.0
2450,-73.0,-68.0,,-67.0
2451,-73.0,-68.0,,-67.0
2452,-73.0,-68.0,,-67.0
2453,-73.0,-68.0,,-66.0
2454,-74.0,-68.0,,-66.0
2455,-74.0,-67.0,,-66.0
2456,-74.0,-67.0,,-66.0
2457,-75.0,-67.0,,-66.0
2458,-75.0,-67.0,,-66.0
2459,-75.0,-67.0,,-67.0
2460,-76.0,-67.0,,-67.0
2461,-76.0,-68.0,,-67.0
2462,-76.0,-68.0,,-68.0
2463,-75.0,-68.0,,-68.0
2464,-75.0,-68.0,,-68.0
2465,-75.0,-68.0,,-68.0
2466,-75.0,-68.0,,-68.0
2467,-75.0,-67.0,,-68.0
2468,-75.0,-67.0,,-68.0
2469,-75.0,-67.0,,-68.0
2470,-75.0,-67.0,,-68.0
2471,-75.0,-67.0,,-68.0
2472,-75.0,-67.0,,-68.0
2473,-75.0,-68.0,,-68.0
2474,-75.0,-68.0,,-68.0
2475,-75.0,-68.0,,-68.0
2476,-75.0,-68.0,,-68.0
2477,-75.0,-68.0,,-68.0
2478,-75.0,-68.0,,-68.0
2479,-75.0,-68.0,,-68.0
2480,-75.0,-68.0,,-67.0
2481,-76.0,-67.0,,-67.0
2482,-76.0,-67.0,,-67.0
2483,-76.0,-67.0,,-66.0
2484,-75.0,-68.0,,-66.0
2485,-75.0,-68.0,,-66.0
2486,-75.0,-68.0,,-66.0
2487,-75.0,-68.0,,-66.0
2488,-75.0,-68.0,,-66.0
2489,-75.0,-68.0,,-67.0
2490,-75.0,-68.0,,-67.0
2491,-75.0,-68.0,,-67.0
2492,-75.0,-68.0,,-66.0
2493,-75.0,-68.0,,-66.0
2494,-75.0,-68.0,,-66.0
2495,-75.0,-68.0,,-65.0
2496,-75.0,-68.0,,-65.0
2497,-75.0,-68.0,,-65.0
2498,-75.0,-68.0,,-65.0
2499,-75.0,-68.0,,-65.0
2500,-75.0,-68.0,,-65.0
2501,-75.0,-68.0,,-66.0
2502,-75.0,-68.0,,-66.0
2503,-75.0,-68.0,,-66.0
2504,-75.0,-68.0,,-66.0
2505,-75.0,-68.0,,-66.0
2506,-75.0,-68.0,,-66.0
2507,-75.0,-68.0,,-65.0
2508,-75.0,-68.0,,-65.0
2509,-75.0,-68.0,,-65.0
2510,-75.0,-68.0,,-65.0
2511,-75.0,-68.0,,-65.0
2512,-75.0,-68.0,,-65.0
2513,-75.0,-68.0,,-68.0
2514,-75.0,-68.0,,-68.0
2515,-75.0,-68.0,,-68.0
2516,-75.0,-68.0,,-68.0
2517,-75.0,-68.0,,-68.0
2518,-75.0,-68.0,,-68.0
2519,-75.0,-68.0,,-66.0
2520,-75.0,-68.0,,-66.0
2521,-75.0,-68.0,,-66.0
2522,-75.0,-68.0,,-65.0
2523,-75.0,-68.0,,-65.0
2524,-75.0,-68.0,,-65.0
2525,-76.0,-68.0,,-64.0
2526,-76.0,-68.0,,-64.0
2527,-76.0,-68.0,,-64.0
2528,-75.0,-68.0,,-65.0
2529,-75.0,-68.0,,-65.0
2530,-75.0,-68.0,,-65.0
2531,-76.0,-68.0,,-65.0
2532,-76.0,-68.0,,-65.0
2533,-76.0,-68.0,,-65.0
2534,-75.0,-68.0,,-65.0
2535,-75.0,-68.0,,-65.0
2536,-75.0,-68.0,,-65.0
2537,-75.0,-68.0,,-65.0
2538,-75.0,-68.0,,-65.0
2539,-75.0,-68.0,,-65.0
2540,-75.0,-68.0,,-64.0
2541,-75.0,-68.0,,-64.0
2542,-75.0,-68.0,,-64.0
2543,-75.0,-68.0,,-66.0
2544,-75.0,-68.0,,-66.0
2545,-75.0,-68.0,,-66.0
2546,-75.0,-68.0,,-66.0
2547,-75.0,-68.0,,-66.0
2548,-75.0,-68.0,,-66.0
2549,-75.0,-68.0,,-65.0
2550,-75.0,-68.0,,-65.0
2551,-75.0,-68.0,,-65.0
2552,-75.0,-68.0,,-64.0
2553,-75.0,-68.0,,-64.0
2554,-75.0,-68.0,,-64.0
2555,-75.0,-68.0,,-64.0
2556,-75.0,-68.0,,-64.0
2557,-75.0,-68.0,,-64.0
2558,-75.0,-68.0,,-63.0
2559,-74.0,-68.0,,-63.0
2560,-74.0,-68.0,,-63.0
2561,-74.0,-68.0,,-64.0
2562,-74.0,-68.0,,-64.0
2563,-74.0,-68.0,,-64.0
2564,-74.0,-68.0,,-64.0
2565,-74.0,-68.0,,-64.0
2566,-74.0,-68.0,,-64.0
2567,-74.0,-68.0,,-64.0
2568,-75.0,-68.0,,-64.0
2569,-75.0,-68.0,,-64.0
2570,-75.0,-68.0,,-63.0
2571,-75.0,-68.0,,-63.0
2572,-75.0,-68.0,,-63.0
2573,-75.0,-68.0,,-66.0
2574,-75.0,-68.0,,-66.0
2575,-75.0,-68.0,,-66.0
2576,-75.0,-68.0,,-66.0
2577,-75.0,-68.0,,-66.0
2578,-75.0,-68.0,,-66.0
2579,-75.0,-68.0,,-67.0
2580,-74.0,-68.0,,-67.0
2581,-74.0,-68.0,,-67.0
2582,-74.0,-68.0,,-67.0
2583,-74.0,-68.0,,-67.0
2584,-74.0,-68.0,,-67.0
2585,-74.0,-68.0,,-66.0
2586,-74.0,-68.0,,-66.0
2587,-74.0,-68.0,,-66.0
2588,-75.0,-68.0,,-67.0
2589,-75.0,-68.0,,-67.0
2590,-75.0,-68.0,,-67.0
2591,-75.0,-68.0,,-67.0
2592,-74.0,-68.0,,-67.0
2593,-74.0,-68.0,,-67.0
2594,-74.0,-68.0,,-67.0
2595,-74.0,-68.0,,-67.0
2596,-74.0,-68.0,,-67.0
2597,-74.0,-68.0,,-67.0
2598,-74.0,-68.0,,-67.0
2599,-74.0,-68.0,,-67.0
2600,-74.0,-68.0,,-67.0
2601,-74.0,-68.0,,-67.0
2602,-74.0,-68.0,,-67.0
2603,-75.0,-68.0,,-65.0
2604,-75.0,-68.0,,-65.0
2605,-74.0,-68.0,,-65.0
2606,-74.0,-68.0,,-65.0
2607,-74.0,-68.0,,-65.0
2608,-74.0,-68.0,,-65.0
2609,-74.0,-68.0,,-65.0
2610,-74.0,-68.0,,-65.0
2611,-74.0,-68.0,,-64.0
2612,-74.0,-68.0,,-64.0
2613,-74.0,-68.0,,-64.0
2614,-75.0,-68.0,,-64.0
2615,-75.0,-68.0,,-64.0
2616,-75.0,-68.0,,-64.0
2617,-75.0,-68.0,,-64.0
2618,-75.0,-68.0,,-64.0
2619,-75.0,-68.0,,-64.0
2620,-74.0,-68.0,,-64.0
2621,-74.0,-68.0,,-64.0
2622,-74.0,-68.0,,-64.0
2623,-75.0,-68.0,,-64.0
2624,-75.0,-68.0,,-64.0
2625,-75.0,-68.0,,-64.0
2626,-74.0,-68.0,,-64.0
2627,-74.0,-68.0,,-64.0
2628,-74.0,-68.0,,-64.0
2629,-74.0,-68.0,,-64.0
2630,-74.0,-68.0,,-64.0
2631,-74.0,-68.0,,-64.0
2632,-74.0,-68.0,,-65.0
2633,-74.0,-68.0,,-65.0
2634,-74.0,-68.0,,-65.0
2635,-74.0,-68.0,,-66.0
2636,-74.0,-68.0,,-66.0
2637,-74.0,-68.0,,-66.0
2638,-73.0,-68.0,,-66.0
2639,-73.0,-68.0,,-66.0
2640,-73.0,-68.0,,-66.0
2641,-74.0,-68.0,,-65.0
2642,-74.0,-68.0,,-65.0
2643,-74.0,-68.0,,-65.0
2644,-74.0,-68.0,,-64.0
2645,-74.0,-68.0,,-64.0
2646,-74.0,-68.0,,-64.0
2647,-74.0,-68.0,,-64.0
2648,-74.0,-68.0,,-64.0
2649,-74.0,-68.0,,-64.0
2650,-74.0,-68.0,,-64.0
2651,-74.0,-68.0,,-64.0
2652,-74.0,-68.0,,-64.0
2653,-73.0,-68.0,,-64.0
2654,-73.0,-68.0,,-64.0
2655,-73.0,-68.0,,-64.0
2656,-73.0,-68.0,,-64.0
2657,-73.0,-68.0,,-64.0
2658,-73.0,-68.0,,-64.0
2659,-74.0,-68.0,,-65.0
2660,-74.0,-68.0,,-65.0
2661,-74.0,-68.0,,-65.0
2662,-73.0,-68.0,,-66.0
2663,-73.0,-68.0,,-66.0
2664,-73.0,-68.0,,-66.0
2665,-73.0,-68.0,,-66.0
2666,-73.0,-68.0,,-66.0
2667,-73.0,-68.0,,-66.0
2668,-73.0,-68.0,,-66.0
2669,-73.0,-68.0,,-66.0
2670,-73.0,-68.0,,-66.0
2671,-73.0,-68.0,,-65.0
2672,-73.0,-68.0,,-65.0
2673,-73.0,-68.0,,-65.0
2674,-73.0,-68.0,,-65.0
2675,-73.0,-68.0,,-65.0
2676,-73.0,-68.0,,-65.0
2677,-73.0,-68.0,,-65.0
2678,-73.0,-68.0,,-65.0
2679,-73.0,-68.0,,-65.0
2680,,-68.0,,-65.0
2681,,-68.0,,-65.0
2682,,-68.0,,-65.0
2683,,-69.0,,-65.0
2684,,-69.0,,-65.0
2685,,-69.0,,-65.0
2686,,-68.0,,-65.0
2687,,-68.0,,-65.0
2688,,-68.0,,-65.0
2689,,-67.0,,-65.0
2690,,-67.0,,-65.0
2691,,-67.0,,-65.0
2692,,-67.0,,-65.0
2693,,-67.0,,-65.0
2694,,-67.0,,-65.0
2695,,-67.0,,-66.0
2696,,-67.0,,-66.0
2697,,-67.0,,-66.0
2698,,-67.5,,-65.0
2699,,-68.0,,-65.0
2700,,-68.0,,-65.0
2701,,-69.0,,-67.0
2702,,-69.0,,-67.0
2703,,-68.0,,-67.0
2704,,-68.0,,-68.0
2705,,-68.0,,-68.0
2706,,-69.0,,-68.0
2707,,-69.0,,-68.0
2708,,-69.0,,-68.0
2709,,,,-68.0
2710,,,,-68.0
2711,,,,-68.0
2712,,,,-68.0
2713,,,,-68.0
2714,,,,-68.0
2715,,,,-68.0
2716,,,,-68.0
2717,,,,-68.0
2718,,,,-68.0
2719,,,,-68.0
2720,,,,-68.0
2721,,,,-68.0
2722,,,,-65.0
2723,,,,-65.0
2724,,,,-65.0
2725,,,,-65.0
2726,,,,-65.0
2727,,,,-65.0
2728,,,,-67.0
2729,,,,-67.0
2730,,,,-67.0
2731,,,,-67.0
2732,,,,-67.0
2733,,,,-67.0
2734,,,,-68.0
2735,,,,-68.0
2736,,,,-68.0
2737,,,,-65.0
2738,,,,-65.0
2739,,,,-65.0
2740,,,,-65.0
2741,,,,-65.0
2742,,,,-65.0
2743,,,,-65.0
2744,,,,-65.0
2745,,,,-65.0
2746,,,,-65.0
2747,,,,-65.0
2748,,,,-65.0
2749,,,,-64.0
2750,,,,-64.0
2751,,,,-64.0
2752,,,,-66.0
2753,,,,-66.0
2754,,,,-66.0
2755,,,,-66.0
2756,,,,-66.0
2757,,,,-66.0
2758,,,,-65.0
2759,,,,-65.0
2760,,,,-65.0
2761,,,,-64.0
2762,,,,-64.0
2763,,,,-64.0
2764,,,,-65.0
2765,,,,-65.0
2766,,,,-65.0
2767,,,,-65.0
2768,,,,-65.0
2769,,,,-65.0
2770,,,,-65.0
2771,,,,-65.0
2772,,,,-65.0
2773,,,,-65.0
2774,,,,-65.0
2775,,,,-65.0
2776,,,,-65.0
2777,,,,-65.0
2778,,,,-65.0
2779,,,,-65.0
2780,,,,-65.0
2781,,,,-65.0
2782,,,,-65.0
2783,,,,-65.0
2784,,,,-66.0
2785,,,,-66.0
2786,,,,-64.0
2787,,,,-64.0
2788,,,,-64.0
2789,,,,-64.0
2790,,,,-64.0
2791,,,,-64.0
2792,,,,-64.0
2793,,,,-64.0
2794,,,,-64.0
2795,,,,-64.0
2796,,,,-64.0
2797,,,,-64.0
2798,,,,-64.0
2799,,,,-64.0
2800,,,,-64.0
2801,,,,-64.0
2802,,,,-64.0
2803,,,,-64.0
2804,,,,-64.0
2805,,,,-64.0
2806,,,,-65.0
2807,,,,-65.0
2808,,,,-65.0
2809,,,,-66.0
2810,,,,-66.0
2811,,,,-65.5
2812,,,,-65.0
2813,,,,-64.0
2814,,,,-64.0
2815,,,,-64.0
2816,,,,-64.0
2817,,,,-64.0
2818,,,,-64.0
2819,,,,-66.0
2820,,,,-66.0
2821,,,,-67.0
2822,,,,-67.0
2823,,,,-67.0
2824,,,,-67.0
2825,,,,-67.0
2826,,,,-67.0
2827,,,,-67.0
2828,,,,-67.0
2829,,,,-67.0
2830,,,,-67.0
2831,,,,-67.0
2832,,,,-67.0
2833,,,,-65.0
2834,,,,-65.0
2835,,,,-65.0
2836,,,,-65.0
2837,,,,-65.0
2838,,,,-65.0
2839,,,,-67.0
2840,,,,-67.0
2841,,,,-67.0
2842,,,,-67.0
2843,,,,-67.0
2844,,,,-67.0
2845,,,,-67.0
2846,,,,-67.0
2847,,,,-67.0
2848,,,,-67.0
2849,,,,-67.0
2850,,,,-67.0
2851,,,,-67.0
2852,,,,-66.0
2853,,,,-66.0
2854,,,,-66.0
2855,,,,-64.0
2856,,,,-64.0
2857,,,,-64.0
2858,,,,-64.0
2859,,,,-64.0
2860,,,,-64.0
2861,,,,-66.0
2862,,,,-66.0
2863,,,,-66.0
2864,,,,-66.0
2865,,,,-66.0
2866,,,,-66.0
2867,,,,-65.0
2868,,,,-65.0
2869,,,,-65.0
2870,,,,-65.0
2871,,,,-65.0
2872,,,,-65.0
2873,,,,-65.0
2874,,,,-65.0
2875,,,,-65.0
2876,,,,-65.0
2877,,,,-65.0
2878,,,,-65.0
2879,,,,-65.0
2880,,,,-65.0
2881,,,,-65.0
2882,,,,-65.0
2883,,,,-65.0
2884,,,,-65.0
2885,,,,-64.0
2886,,,,-64.0
2887,,,,-64.0
2888,,,,-64.0
2889,,,,-64.0
2890,,,,-64.0
2891,,,,-66.0
2892,,,,-66.0
2893,,,,-66.0
2894,,,,-65.0
2895,,,,-65.0
2896,,,,-65.0
2897,,,,-64.0
2898,,,,-64.0
2899,,,,-64.0
2900,,,,-64.0
2901,,,,-64.0
2902,,,,-64.0
2903,,,,-65.0
2904,,,,-65.0
2905,,,,-65.0
2906,,,,-64.0
2907,,,,-64.0
2908,,,,-64.0
2909,,,,-64.0
2910,,,,-64.0
2911,,,,-64.0
2912,,,,-65.0
2913,,,,-65.0
2914,,,,-65.0
2915,,,,-65.0
2916,,,,-65.0
2917,,,,-65.0
2918,,,,-64.0
2919,,,,-64.0
2920,,,,-64.0
2921,,,,-66.0
2922,,,,-66.0
2923,,,,-66.0
2924,,,,-66.0
2925,,,,-66.0
2926,,,,-66.0
2927,,,,-64.0
2928,,,,-64.0
2929,,,,-64.0
2930,,,,-64.0
2931,,,,-64.0
2932,,,,-64.0
2933,,,,-64.0
2934,,,,-64.0
2935,,,,-64.0
2936,,,,-64.0
2937,,,,-64.0
2938,,,,-64.0
2939,,,,-64.0
2940,,,,-64.0
2941,,,,-64.0
2942,,,,-64.0
2943,,,,-64.0
2944,,,,-64.0
2945,,,,-66.0
2946,,,,-66.0
2947,,,,-66.0
2948,,,,-67.0
2949,,,,-67.0
2950,,,,-67.0
2951,,,,-65.0
2952,,,,-65.0
2953,,,,-65.0
2954,,,,-65.0
2955,,,,-65.0
2956,,,,-65.0
2957,,,,-66.0
2958,,,,-66.0
2959,,,,-66.0
2960,,,,-66.0
2961,,,,-66.0
2962,,,,-66.0
2963,,,,-66.0
2964,,,,-66.0
2965,,,,-66.0
2966,,,,-65.0
2967,,,,-65.0
2968,,,,-65.0
2969,,,,-66.0
2970,,,,-66.0
2971,,,,-66.0
2972,,,,-67.0
2973,,,,-67.0
