IDX,LID,CI_1,CI_2,Lon,Lat,Time,Measure,[Call Test] [Misc] [Mobile] IMEI,[NR5G] [RF] PCI,[NR5G] [RF] RSRP,[LTE] [L1] [RF] PCI,[LTE] [L1] [RF] RSRP,[Call Test] [Voice or Video Call] Orig/Term,[Call Test] [VoNR VoLTE] [Duration] SIP Setup Duration (Invite~200OK),[Call Test] [Voice or Video Call] Result & Reason,[Call Test] [Throughput] Application DL TP,[General] Serving Network (In Traffic),[Call Test] [HTTP Transfer] HTTP Transfer Call Event,[Call Test] [KR PS-LTE] [SMS] [Timestamp] SIP Message,[Packet Data] [SIP] UL/DL,[Packet Data] [SIP] Request Method,[Packet Data] [SIP] Status,[Packet Data] [SIP] 200 OK - Method,[Call Test] [Voice or Video Call] Real Service,[Call Test] Call Type,[Call Test] Call Result,[Event] Total Call Result,[Event] Voice Call Event,[Event] [Event Occurrence Count] Call Completed #,[Event] [Event Occurrence Count] Outgoing Call Setup Fail #,[Event] [Event Occurrence Count] Call Dropped #,[Event] [Event Occurrence Count] Call Start #,[Call Test] [Voice or Video Call] [Duration] Traffic Duration (LoggingTool)
1,1,,,-121.9331898,47.5260679,2025-12-11 22:54:36.000,_20251211_145431_CH03_TMO_5GNR_HW-MO_DUT_TC162-1.dml,,594,-95.090000,,,,,,,,,,,,,,,,,,,,,,,
2,1,,,-121.9331898,47.5260679,2025-12-11 22:54:37.000,_20251211_145431_CH03_TMO_5GNR_HW-MO_DUT_TC162-1.dml,,594,-96.240000,,,,,,,,,,,,,,,,,,,,,,,
3,1,,,-121.9331898,47.5260679,2025-12-11 22:54:38.000,_20251211_145431_CH03_TMO_5GNR_HW-MO_DUT_TC162-1.dml,,594,-94.420000,,,,,,,,,,,,,,,,,,,,,,,
4,1,,,-121.9331898,47.5260679,2025-12-11 22:54:39.000,_20251211_145431_CH03_TMO_5GNR_HW-MO_DUT_TC162-1.dml,,594,-92.150000,,,,,,,,,,,,,,,,,,,,,,,
5,1,,,-121.9331898,47.5260679,2025-12-11 22:54:40.000,_20251211_145431_CH03_TMO_5GNR_HW-MO_DUT_TC162-1.dml,,594,-91.780000,,,,,,,,,,,,,,,,,,,,,,,
6,1,,,-121.9331898,47.5260679,2025-12-11 22:54:41.000,_20251211_145431_CH03_TMO_5GNR_HW-MO_DUT_TC162-1.dml,,594,-92.720000,,,,,,,,,,,,,,,,,,,,,,,
7,1,,,-121.9331898,47.5260679,2025-12-11 22:54:42.000,_20251211_145431_CH03_TMO_5GNR_HW-MO_DUT_TC162-1.dml,,594,-97.450000,,,,,,,,,,,,,,,,,,,,,,,
8,1,,,-121.9331898,47.5260679,2025-12-11 22:54:43.000,_20251211_145431_CH03_TMO_5GNR_HW-MO_DUT_TC162-1.dml,,594,-96.140000,,,,,,,,,,,,,,,,,,,,,,,
9,1,,,-121.9331898,47.5260679,2025-12-11 22:54:44.000,_20251211_145431_CH03_TMO_5GNR_HW-MO_DUT_TC162-1.dml,,594,-101.590000,,,,,,,,,,,,,,,,,,,,,,,
10,1,,,-121.9331898,47.5260679,2025-12-11 22:54:45.000,_20251211_145431_CH03_TMO_5GNR_HW-MO_DUT_TC162-1.dml,,594,-99.530000,,,,,,,,,,,,,,,,,,,,,,,
11,1,,,-121.9331898,47.5260679,2025-12-11 22:54:45.484,_20251211_145431_CH03_TMO_5GNR_HW-MO_DUT_TC162-1.dml,,,,,,,,,,,,,,,,,,,,,[Tool] Voice - Call Scheduling Start(Orig),,,,,
12,1,,,-121.9331898,47.5260679,2025-12-11 22:54:45.484,_20251211_145431_CH03_TMO_5GNR_HW-MO_DUT_TC162-1.dml,,,,,,,,,,,,,,,,,,,,,[UE]   Voice - Orig Success,,,,,
13,1,,,-121.9331898,47.5260679,2025-12-11 22:54:45.500,_20251211_145431_CH03_TMO_5GNR_HW-MO_DUT_TC162-1.dml,,,,,,,,,,,,,,,,,,,,,[Tool] Voice - Orig Request,,,,,
14,1,,,-121.9331898,47.5260679,2025-12-11 22:54:46.000,_20251211_145431_CH03_TMO_5GNR_HW-MO_DUT_TC162-1.dml,,594,-94.660000,,,,,,,,,,,,,,,,,,,,,,,
15,1,,,-121.9331898,47.5260679,2025-12-11 22:54:46.541,_20251211_145431_CH03_TMO_5GNR_HW-MO_DUT_TC162-1.dml,,,,,,,,,,,,,UL,INVITE,,,,,,,,,,,,
16,1,,,-121.9331898,47.5260679,2025-12-11 22:54:46.654,_20251211_145431_CH03_TMO_5GNR_HW-MO_DUT_TC162-1.dml,,,,,,,,,,,,,DL,,100 Trying,,,,,,,,,,,
17,1,,,-121.9331898,47.5260679,2025-12-11 22:54:47.000,_20251211_145431_CH03_TMO_5GNR_HW-MO_DUT_TC162-1.dml,,594,-95.790000,,,,,,,,,,,,,,,,,,,,,,,
18,1,,,-121.9331898,47.5260679,2025-12-11 22:54:47.524,_20251211_145431_CH03_TMO_5GNR_HW-MO_DUT_TC162-1.dml,,,,,,,,,,,,,DL,,180 Ringing,,,,,,,,,,,
19,1,,,-121.9331898,47.5260679,2025-12-11 22:54:48.000,_20251211_145431_CH03_TMO_5GNR_HW-MO_DUT_TC162-1.dml,,594,-92.160000,,,,,,,,,,,,,,,,,,,,,,,
20,1,,,-121.9331898,47.5260679,2025-12-11 22:54:48.056,_20251211_145431_CH03_TMO_5GNR_HW-MO_DUT_TC162-1.dml,,,,,,,,,,,,,DL,,200 OK,INVITE,,,,,,,,,,
21,1,,,-121.9331898,47.5260679,2025-12-11 22:54:48.075,_20251211_145431_CH03_TMO_5GNR_HW-MO_DUT_TC162-1.dml,,,,,,,,,,,,,UL,ACK,,,,,,,,,,,,
22,1,,,-121.9331898,47.5260679,2025-12-11 22:54:48.109,_20251211_145431_CH03_TMO_5GNR_HW-MO_DUT_TC162-1.dml,,,,,,,,,,,,,,,,,,,,,[UE] 1st Rx RTP,,,,,
23,1,,,-121.9331898,47.5260679,2025-12-11 22:54:48.109,_20251211_145431_CH03_TMO_5GNR_HW-MO_DUT_TC162-1.dml,,,,,,,,,,,,,,,,,,,,,[UE] 1st Rx RTP after SIP 200Ok,,,,,
24,1,,,-121.9331898,47.5260679,2025-12-11 22:54:48.109,_20251211_145431_CH03_TMO_5GNR_HW-MO_DUT_TC162-1.dml,,,,,,,,,,,,,,,,,,,,,[UE] 1st Rx RTP after SIP ACK,,,,,
25,1,,,-121.9331898,47.5260679,2025-12-11 22:54:48.191,_20251211_145431_CH03_TMO_5GNR_HW-MO_DUT_TC162-1.dml,,,,,,,,,,,,,,,,,,,,,[UE]   Voice - Setup Success,,,,,
26,1,,,-121.9331898,47.5260679,2025-12-11 22:54:48.162,_20251211_145431_CH03_TMO_5GNR_HW-MO_DUT_TC162-1.dml,,,,,,,,,,,,,,,,,,,,,[UE] 1st Tx RTP,,,,,
27,1,,,-121.9331898,47.5260679,2025-12-11 22:54:48.162,_20251211_145431_CH03_TMO_5GNR_HW-MO_DUT_TC162-1.dml,,,,,,,,,,,,,,,,,,,,,[UE] 1st Tx RTP after SIP 200Ok,,,,,
28,1,,,-121.9331898,47.5260679,2025-12-11 22:54:48.162,_20251211_145431_CH03_TMO_5GNR_HW-MO_DUT_TC162-1.dml,,,,,,,,,,,,,,,,,,,,,[UE] 1st Tx RTP after SIP ACK,,,,,
29,1,,,-121.9331898,47.5260679,2025-12-11 22:54:48.162,_20251211_145431_CH03_TMO_5GNR_HW-MO_DUT_TC162-1.dml,,,,,,,,,,,,,,,,,,,,,[UE] 1st Tx RTP after First Rx RTP,,,,,
30,1,,,-121.9331898,47.5260679,2025-12-11 22:54:48.171,_20251211_145431_CH03_TMO_5GNR_HW-MO_DUT_TC162-1.dml,,,,,,,,,,,,,,,,,,,,,[UE] 1st Rx RTP after First Tx RTP,,,,,
31,1,,,-121.9331898,47.5260679,2025-12-11 22:54:49.000,_20251211_145431_CH03_TMO_5GNR_HW-MO_DUT_TC162-1.dml,,594,-94.180000,,,,,,,NR SA,,,,,,,,,,,,,,,,
32,1,,,-121.9331898,47.5260679,2025-12-11 22:54:50.000,_20251211_145431_CH03_TMO_5GNR_HW-MO_DUT_TC162-1.dml,,594,-96.990000,,,,,,,NR SA,,,,,,,,,,,,,,,,
33,1,,,-121.9331898,47.5260679,2025-12-11 22:54:51.000,_20251211_145431_CH03_TMO_5GNR_HW-MO_DUT_TC162-1.dml,,594,-96.670000,,,,,,,NR SA,,,,,,,,,,,,,,,,
34,1,,,-121.9331898,47.5260679,2025-12-11 22:54:52.000,_20251211_145431_CH03_TMO_5GNR_HW-MO_DUT_TC162-1.dml,,594,-101.620000,,,,,,,NR SA,,,,,,,,,,,,,,,,
35,1,,,-121.9331898,47.5260679,2025-12-11 22:54:53.000,_20251211_145431_CH03_TMO_5GNR_HW-MO_DUT_TC162-1.dml,,594,-97.300000,,,,,,,NR SA,,,,,,,,,,,,,,,,
36,1,,,-121.9331898,47.5260679,2025-12-11 22:54:54.000,_20251211_145431_CH03_TMO_5GNR_HW-MO_DUT_TC162-1.dml,,594,-99.020000,,,,,,,NR SA,,,,,,,,,,,,,,,,
37,1,,,-121.9331898,47.5260679,2025-12-11 22:54:55.000,_20251211_145431_CH03_TMO_5GNR_HW-MO_DUT_TC162-1.dml,,594,-101.920000,,,,,,,NR SA,,,,,,,,,,,,,,,,
38,1,,,-121.9331898,47.5260679,2025-12-11 22:54:56.000,_20251211_145431_CH03_TMO_5GNR_HW-MO_DUT_TC162-1.dml,,594,-102.750000,,,,,,,NR SA,,,,,,,,,,,,,,,,
39,1,,,-121.9331898,47.5260679,2025-12-11 22:54:57.000,_20251211_145431_CH03_TMO_5GNR_HW-MO_DUT_TC162-1.dml,,594,-105.020000,,,,,,,NR SA,,,,,,,,,,,,,,,,
40,1,,,-121.9331898,47.5260679,2025-12-11 22:54:58.000,_20251211_145431_CH03_TMO_5GNR_HW-MO_DUT_TC162-1.dml,,594,-104.130000,,,,,,,NR SA,,,,,,,,,,,,,,,,
41,1,,,-121.9331898,47.5260679,2025-12-11 22:54:59.000,_20251211_145431_CH03_TMO_5GNR_HW-MO_DUT_TC162-1.dml,,594,-101.010000,,,,,,,NR SA,,,,,,,,,,,,,,,,
42,1,,,-121.9331898,47.5260679,2025-12-11 22:55:00.000,_20251211_145431_CH03_TMO_5GNR_HW-MO_DUT_TC162-1.dml,,594,-100.070000,,,,,,,NR SA,,,,,,,,,,,,,,,,
43,1,,,-121.9331898,47.5260679,2025-12-11 22:55:01.000,_20251211_145431_CH03_TMO_5GNR_HW-MO_DUT_TC162-1.dml,,594,-99.410000,,,,,,,NR SA,,,,,,,,,,,,,,,,
44,1,,,-121.9331898,47.5260679,2025-12-11 22:55:02.000,_20251211_145431_CH03_TMO_5GNR_HW-MO_DUT_TC162-1.dml,,594,-98.850000,,,,,,,NR SA,,,,,,,,,,,,,,,,
45,1,,,-121.9331898,47.5260679,2025-12-11 22:55:03.000,_20251211_145431_CH03_TMO_5GNR_HW-MO_DUT_TC162-1.dml,,594,-97.740000,,,,,,,NR SA,,,,,,,,,,,,,,,,
46,1,,,-121.9331898,47.5260679,2025-12-11 22:55:04.000,_20251211_145431_CH03_TMO_5GNR_HW-MO_DUT_TC162-1.dml,,594,-101.970000,,,,,,,NR SA,,,,,,,,,,,,,,,,
47,1,,,-121.9331898,47.5260679,2025-12-11 22:55:05.000,_20251211_145431_CH03_TMO_5GNR_HW-MO_DUT_TC162-1.dml,,594,-101.370000,,,,,,,NR SA,,,,,,,,,,,,,,,,
48,1,,,-121.9331898,47.5260679,2025-12-11 22:55:06.000,_20251211_145431_CH03_TMO_5GNR_HW-MO_DUT_TC162-1.dml,,594,-101.870000,,,,,,,NR SA,,,,,,,,,,,,,,,,
49,1,,,-121.9331898,47.5260679,2025-12-11 22:55:07.000,_20251211_145431_CH03_TMO_5GNR_HW-MO_DUT_TC162-1.dml,,594,-103.100000,,,,,,,NR SA,,,,,,,,,,,,,,,,
50,1,,,-121.9331898,47.5260679,2025-12-11 22:55:08.000,_20251211_145431_CH03_TMO_5GNR_HW-MO_DUT_TC162-1.dml,,594,-104.710000,,,,,,,NR SA,,,,,,,,,,,,,,,,
51,1,,,-121.9331898,47.5260679,2025-12-11 22:55:09.000,_20251211_145431_CH03_TMO_5GNR_HW-MO_DUT_TC162-1.dml,,594,-105.940000,,,,,,,NR SA,,,,,,,,,,,,,,,,
52,1,,,-121.9331898,47.5260679,2025-12-11 22:55:10.000,_20251211_145431_CH03_TMO_5GNR_HW-MO_DUT_TC162-1.dml,,594,-104.060000,,,,,,,NR SA,,,,,,,,,,,,,,,,
53,1,,,-121.9331898,47.5260679,2025-12-11 22:55:11.000,_20251211_145431_CH03_TMO_5GNR_HW-MO_DUT_TC162-1.dml,,594,-107.590000,,,,,,,NR SA,,,,,,,,,,,,,,,,
54,1,,,-121.9331898,47.5260679,2025-12-11 22:55:12.000,_20251211_145431_CH03_TMO_5GNR_HW-MO_DUT_TC162-1.dml,,594,-106.800000,,,,,,,NR SA,,,,,,,,,,,,,,,,
55,1,,,-121.9331898,47.5260679,2025-12-11 22:55:13.000,_20251211_145431_CH03_TMO_5GNR_HW-MO_DUT_TC162-1.dml,,594,-101.020000,,,,,,,NR SA,,,,,,,,,,,,,,,,
56,1,,,-121.9331898,47.5260679,2025-12-11 22:55:14.000,_20251211_145431_CH03_TMO_5GNR_HW-MO_DUT_TC162-1.dml,,594,-102.990000,,,,,,,NR SA,,,,,,,,,,,,,,,,
57,1,,,-121.9331898,47.5260679,2025-12-11 22:55:15.000,_20251211_145431_CH03_TMO_5GNR_HW-MO_DUT_TC162-1.dml,,594,-102.040000,,,,,,,NR SA,,,,,,,,,,,,,,,,
58,1,,,-121.9331898,47.5260679,2025-12-11 22:55:16.000,_20251211_145431_CH03_TMO_5GNR_HW-MO_DUT_TC162-1.dml,,594,-101.140000,,,,,,,NR SA,,,,,,,,,,,,,,,,
59,1,,,-121.9331898,47.5260679,2025-12-11 22:55:17.000,_20251211_145431_CH03_TMO_5GNR_HW-MO_DUT_TC162-1.dml,,594,-102.500000,,,,,,,NR SA,,,,,,,,,,,,,,,,
60,1,,,-121.9331898,47.5260679,2025-12-11 22:55:18.000,_20251211_145431_CH03_TMO_5GNR_HW-MO_DUT_TC162-1.dml,,594,-101.400000,,,,,,,NR SA,,,,,,,,,,,,,,,,
61,1,,,-121.9331898,47.5260679,2025-12-11 22:55:19.000,_20251211_145431_CH03_TMO_5GNR_HW-MO_DUT_TC162-1.dml,,594,-102.420000,,,,,,,NR SA,,,,,,,,,,,,,,,,
62,1,,,-121.9331898,47.5260679,2025-12-11 22:55:20.000,_20251211_145431_CH03_TMO_5GNR_HW-MO_DUT_TC162-1.dml,,594,-102.700000,,,,,,,NR SA,,,,,,,,,,,,,,,,
63,1,,,-121.9331898,47.5260679,2025-12-11 22:55:21.000,_20251211_145431_CH03_TMO_5GNR_HW-MO_DUT_TC162-1.dml,,594,-106.330000,,,,,,,NR SA,,,,,,,,,,,,,,,,
64,1,,,-121.9331898,47.5260679,2025-12-11 22:55:22.000,_20251211_145431_CH03_TMO_5GNR_HW-MO_DUT_TC162-1.dml,,594,-106.240000,,,,,,,NR SA,,,,,,,,,,,,,,,,
65,1,,,-121.9331898,47.5260679,2025-12-11 22:55:23.000,_20251211_145431_CH03_TMO_5GNR_HW-MO_DUT_TC162-1.dml,,594,-108.110000,,,,,,,NR SA,,,,,,,,,,,,,,,,
66,1,,,-121.9331898,47.5260679,2025-12-11 22:55:24.000,_20251211_145431_CH03_TMO_5GNR_HW-MO_DUT_TC162-1.dml,,594,-107.160000,,,,,,,NR SA,,,,,,,,,,,,,,,,
67,1,,,-121.9331898,47.5260679,2025-12-11 22:55:25.000,_20251211_145431_CH03_TMO_5GNR_HW-MO_DUT_TC162-1.dml,,594,-106.470000,,,,,,,NR SA,,,,,,,,,,,,,,,,
68,1,,,-121.9331898,47.5260679,2025-12-11 22:55:26.000,_20251211_145431_CH03_TMO_5GNR_HW-MO_DUT_TC162-1.dml,,594,-105.740000,,,,,,,NR SA,,,,,,,,,,,,,,,,
69,1,,,-121.9331898,47.5260679,2025-12-11 22:55:27.000,_20251211_145431_CH03_TMO_5GNR_HW-MO_DUT_TC162-1.dml,,594,-106.050000,,,,,,,NR SA,,,,,,,,,,,,,,,,
70,1,,,-121.9331898,47.5260679,2025-12-11 22:55:28.000,_20251211_145431_CH03_TMO_5GNR_HW-MO_DUT_TC162-1.dml,,594,-103.940000,,,,,,,NR SA,,,,,,,,,,,,,,,,
71,1,,,-121.9331898,47.5260679,2025-12-11 22:55:29.000,_20251211_145431_CH03_TMO_5GNR_HW-MO_DUT_TC162-1.dml,,594,-102.660000,,,,,,,NR SA,,,,,,,,,,,,,,,,
72,1,,,-121.9331898,47.5260679,2025-12-11 22:55:30.000,_20251211_145431_CH03_TMO_5GNR_HW-MO_DUT_TC162-1.dml,,594,-100.850000,,,,,,,NR SA,,,,,,,,,,,,,,,,
73,1,,,-121.9331898,47.5260679,2025-12-11 22:55:31.000,_20251211_145431_CH03_TMO_5GNR_HW-MO_DUT_TC162-1.dml,,594,-99.470000,,,,,,,NR SA,,,,,,,,,,,,,,,,
74,1,,,-121.9331898,47.5260679,2025-12-11 22:55:32.000,_20251211_145431_CH03_TMO_5GNR_HW-MO_DUT_TC162-1.dml,,594,-102.150000,,,,,,,NR SA,,,,,,,,,,,,,,,,
75,1,,,-121.9331898,47.5260679,2025-12-11 22:55:33.000,_20251211_145431_CH03_TMO_5GNR_HW-MO_DUT_TC162-1.dml,,594,-101.750000,,,,,,,NR SA,,,,,,,,,,,,,,,,
76,1,,,-121.9331898,47.5260679,2025-12-11 22:55:34.000,_20251211_145431_CH03_TMO_5GNR_HW-MO_DUT_TC162-1.dml,,594,-101.490000,,,,,,,NR SA,,,,,,,,,,,,,,,,
77,1,,,-121.9331898,47.5260679,2025-12-11 22:55:35.000,_20251211_145431_CH03_TMO_5GNR_HW-MO_DUT_TC162-1.dml,,594,-103.460000,,,,,,,NR SA,,,,,,,,,,,,,,,,
78,1,,,-121.9331898,47.5260679,2025-12-11 22:55:36.000,_20251211_145431_CH03_TMO_5GNR_HW-MO_DUT_TC162-1.dml,,594,-102.000000,,,,,,,NR SA,,,,,,,,,,,,,,,,
79,1,,,-121.9331898,47.5260679,2025-12-11 22:55:37.000,_20251211_145431_CH03_TMO_5GNR_HW-MO_DUT_TC162-1.dml,,594,-104.000000,,,,,,,NR SA,,,,,,,,,,,,,,,,
80,1,,,-121.9331898,47.5260679,2025-12-11 22:55:38.000,_20251211_145431_CH03_TMO_5GNR_HW-MO_DUT_TC162-1.dml,,594,-108.970000,,,,,,,NR SA,,,,,,,,,,,,,,,,
81,1,,,-121.9331898,47.5260679,2025-12-11 22:55:39.000,_20251211_145431_CH03_TMO_5GNR_HW-MO_DUT_TC162-1.dml,,594,-109.700000,,,,,,,NR SA,,,,,,,,,,,,,,,,
82,1,,,-121.9331898,47.5260679,2025-12-11 22:55:40.000,_20251211_145431_CH03_TMO_5GNR_HW-MO_DUT_TC162-1.dml,,594,-108.860000,,,,,,,NR SA,,,,,,,,,,,,,,,,
83,1,,,-121.9331898,47.5260679,2025-12-11 22:55:41.000,_20251211_145431_CH03_TMO_5GNR_HW-MO_DUT_TC162-1.dml,,594,-109.980000,,,,,,,NR SA,,,,,,,,,,,,,,,,
84,1,,,-121.9331898,47.5260679,2025-12-11 22:55:42.000,_20251211_145431_CH03_TMO_5GNR_HW-MO_DUT_TC162-1.dml,,594,-110.770000,,,,,,,NR SA,,,,,,,,,,,,,,,,
85,1,,,-121.9331898,47.5260679,2025-12-11 22:55:43.000,_20251211_145431_CH03_TMO_5GNR_HW-MO_DUT_TC162-1.dml,,594,-111.380000,,,,,,,NR SA,,,,,,,,,,,,,,,,
86,1,,,-121.9331898,47.5260679,2025-12-11 22:55:44.000,_20251211_145431_CH03_TMO_5GNR_HW-MO_DUT_TC162-1.dml,,594,-111.310000,,,,,,,NR SA,,,,,,,,,,,,,,,,
87,1,,,-121.9331898,47.5260679,2025-12-11 22:55:45.000,_20251211_145431_CH03_TMO_5GNR_HW-MO_DUT_TC162-1.dml,,594,-111.280000,,,,,,,NR SA,,,,,,,,,,,,,,,,
88,1,,,-121.9331898,47.5260679,2025-12-11 22:55:46.000,_20251211_145431_CH03_TMO_5GNR_HW-MO_DUT_TC162-1.dml,,594,-114.000000,,,,,,,NR SA,,,,,,,,,,,,,,,,
89,1,,,-121.9331898,47.5260679,2025-12-11 22:55:47.000,_20251211_145431_CH03_TMO_5GNR_HW-MO_DUT_TC162-1.dml,,594,-113.050000,,,,,,,NR SA,,,,,,,,,,,,,,,,
90,1,,,-121.9331898,47.5260679,2025-12-11 22:55:48.000,_20251211_145431_CH03_TMO_5GNR_HW-MO_DUT_TC162-1.dml,,594,-109.950000,,,,,,,NR SA,,,,,,,,,,,,,,,,
91,1,,,-121.9331898,47.5260679,2025-12-11 22:55:49.000,_20251211_145431_CH03_TMO_5GNR_HW-MO_DUT_TC162-1.dml,,594,-110.620000,,,,,,,NR SA,,,,,,,,,,,,,,,,
92,1,,,-121.9331898,47.5260679,2025-12-11 22:55:50.000,_20251211_145431_CH03_TMO_5GNR_HW-MO_DUT_TC162-1.dml,,594,-108.700000,,,,,,,NR SA,,,,,,,,,,,,,,,,
93,1,,,-121.9331898,47.5260679,2025-12-11 22:55:51.000,_20251211_145431_CH03_TMO_5GNR_HW-MO_DUT_TC162-1.dml,,594,-107.770000,,,,,,,NR SA,,,,,,,,,,,,,,,,
94,1,,,-121.9331898,47.5260679,2025-12-11 22:55:52.000,_20251211_145431_CH03_TMO_5GNR_HW-MO_DUT_TC162-1.dml,,594,-100.590000,,,,,,,NR SA,,,,,,,,,,,,,,,,
95,1,,,-121.9331898,47.5260679,2025-12-11 22:55:53.000,_20251211_145431_CH03_TMO_5GNR_HW-MO_DUT_TC162-1.dml,,594,-98.080000,,,,,,,NR SA,,,,,,,,,,,,,,,,
96,1,,,-121.9331898,47.5260679,2025-12-11 22:55:54.000,_20251211_145431_CH03_TMO_5GNR_HW-MO_DUT_TC162-1.dml,,594,-98.210000,,,,,,,NR SA,,,,,,,,,,,,,,,,
97,1,,,-121.9331898,47.5260679,2025-12-11 22:55:55.000,_20251211_145431_CH03_TMO_5GNR_HW-MO_DUT_TC162-1.dml,,594,-104.150000,,,,,,,NR SA,,,,,,,,,,,,,,,,
98,1,,,-121.9331898,47.5260679,2025-12-11 22:55:56.000,_20251211_145431_CH03_TMO_5GNR_HW-MO_DUT_TC162-1.dml,,594,-108.900000,,,,,,,NR SA,,,,,,,,,,,,,,,,
99,1,,,-121.9331898,47.5260679,2025-12-11 22:55:57.000,_20251211_145431_CH03_TMO_5GNR_HW-MO_DUT_TC162-1.dml,,594,-104.770000,,,,,,,NR SA,,,,,,,,,,,,,,,,
100,1,,,-121.9331898,47.5260679,2025-12-11 22:55:58.000,_20251211_145431_CH03_TMO_5GNR_HW-MO_DUT_TC162-1.dml,,594,-99.670000,,,,,,,NR SA,,,,,,,,,,,,,,,,
101,1,,,-121.9331898,47.5260679,2025-12-11 22:55:59.000,_20251211_145431_CH03_TMO_5GNR_HW-MO_DUT_TC162-1.dml,,594,-98.230000,,,,,,,NR SA,,,,,,,,,,,,,,,,
102,1,,,-121.9331898,47.5260679,2025-12-11 22:56:00.000,_20251211_145431_CH03_TMO_5GNR_HW-MO_DUT_TC162-1.dml,,594,-100.230000,,,,,,,NR SA,,,,,,,,,,,,,,,,
103,1,,,-121.9331898,47.5260679,2025-12-11 22:56:01.000,_20251211_145431_CH03_TMO_5GNR_HW-MO_DUT_TC162-1.dml,,594,-102.040000,,,,,,,NR SA,,,,,,,,,,,,,,,,
104,1,,,-121.9331898,47.5260679,2025-12-11 22:56:02.000,_20251211_145431_CH03_TMO_5GNR_HW-MO_DUT_TC162-1.dml,,594,-100.620000,,,,,,,NR SA,,,,,,,,,,,,,,,,
105,1,,,-121.9331898,47.5260679,2025-12-11 22:56:03.000,_20251211_145431_CH03_TMO_5GNR_HW-MO_DUT_TC162-1.dml,,594,-97.960000,,,,,,,NR SA,,,,,,,,,,,,,,,,
106,1,,,-121.9331898,47.5260679,2025-12-11 22:56:04.000,_20251211_145431_CH03_TMO_5GNR_HW-MO_DUT_TC162-1.dml,,594,-96.770000,,,,,,,NR SA,,,,,,,,,,,,,,,,
107,1,,,-121.9331898,47.5260679,2025-12-11 22:56:05.000,_20251211_145431_CH03_TMO_5GNR_HW-MO_DUT_TC162-1.dml,,594,-98.900000,,,,,,,NR SA,,,,,,,,,,,,,,,,
108,1,,,-121.9331898,47.5260679,2025-12-11 22:56:06.000,_20251211_145431_CH03_TMO_5GNR_HW-MO_DUT_TC162-1.dml,,594,-99.840000,,,,,,,NR SA,,,,,,,,,,,,,,,,
109,1,,,-121.9331898,47.5260679,2025-12-11 22:56:07.000,_20251211_145431_CH03_TMO_5GNR_HW-MO_DUT_TC162-1.dml,,594,-99.260000,,,,,,,NR SA,,,,,,,,,,,,,,,,
110,1,,,-121.9331898,47.5260679,2025-12-11 22:56:08.000,_20251211_145431_CH03_TMO_5GNR_HW-MO_DUT_TC162-1.dml,,594,-102.100000,,,,,,,NR SA,,,,,,,,,,,,,,,,
111,1,,,-121.9331898,47.5260679,2025-12-11 22:56:09.000,_20251211_145431_CH03_TMO_5GNR_HW-MO_DUT_TC162-1.dml,,594,-102.020000,,,,,,,NR SA,,,,,,,,,,,,,,,,
112,1,,,-121.9331898,47.5260679,2025-12-11 22:56:10.000,_20251211_145431_CH03_TMO_5GNR_HW-MO_DUT_TC162-1.dml,,594,-100.150000,,,,,,,NR SA,,,,,,,,,,,,,,,,
113,1,,,-121.9331898,47.5260679,2025-12-11 22:56:11.000,_20251211_145431_CH03_TMO_5GNR_HW-MO_DUT_TC162-1.dml,,594,-101.020000,,,,,,,NR SA,,,,,,,,,,,,,,,,
114,1,,,-121.9331898,47.5260679,2025-12-11 22:56:12.000,_20251211_145431_CH03_TMO_5GNR_HW-MO_DUT_TC162-1.dml,,594,-101.230000,,,,,,,NR SA,,,,,,,,,,,,,,,,
115,1,,,-121.9331898,47.5260679,2025-12-11 22:56:13.000,_20251211_145431_CH03_TMO_5GNR_HW-MO_DUT_TC162-1.dml,,594,-101.470000,,,,,,,NR SA,,,,,,,,,,,,,,,,
116,1,,,-121.9331898,47.5260679,2025-12-11 22:56:14.000,_20251211_145431_CH03_TMO_5GNR_HW-MO_DUT_TC162-1.dml,,594,-103.150000,,,,,,,NR SA,,,,,,,,,,,,,,,,
117,1,,,-121.9331898,47.5260679,2025-12-11 22:56:15.000,_20251211_145431_CH03_TMO_5GNR_HW-MO_DUT_TC162-1.dml,,594,-109.540000,,,,,,,NR SA,,,,,,,,,,,,,,,,
118,1,,,-121.9331898,47.5260679,2025-12-11 22:56:16.000,_20251211_145431_CH03_TMO_5GNR_HW-MO_DUT_TC162-1.dml,,594,-111.350000,,,,,,,NR SA,,,,,,,,,,,,,,,,
119,1,,,-121.9331898,47.5260679,2025-12-11 22:56:17.000,_20251211_145431_CH03_TMO_5GNR_HW-MO_DUT_TC162-1.dml,,594,-103.760000,,,,,,,NR SA,,,,,,,,,,,,,,,,
120,1,,,-121.9331898,47.5260679,2025-12-11 22:56:18.000,_20251211_145431_CH03_TMO_5GNR_HW-MO_DUT_TC162-1.dml,,594,-103.430000,,,,,,,NR SA,,,,,,,,,,,,,,,,
121,1,,,-121.9331898,47.5260679,2025-12-11 22:56:19.000,_20251211_145431_CH03_TMO_5GNR_HW-MO_DUT_TC162-1.dml,,594,-100.140000,,,,,,,NR SA,,,,,,,,,,,,,,,,
122,1,,,-121.9331898,47.5260679,2025-12-11 22:56:20.000,_20251211_145431_CH03_TMO_5GNR_HW-MO_DUT_TC162-1.dml,,594,-98.620000,,,,,,,NR SA,,,,,,,,,,,,,,,,
123,1,,,-121.9331898,47.5260679,2025-12-11 22:56:21.000,_20251211_145431_CH03_TMO_5GNR_HW-MO_DUT_TC162-1.dml,,594,-100.740000,,,,,,,NR SA,,,,,,,,,,,,,,,,
124,1,,,-121.9331898,47.5260679,2025-12-11 22:56:22.000,_20251211_145431_CH03_TMO_5GNR_HW-MO_DUT_TC162-1.dml,,594,-105.580000,,,,,,,NR SA,,,,,,,,,,,,,,,,
125,1,,,-121.9331898,47.5260679,2025-12-11 22:56:23.000,_20251211_145431_CH03_TMO_5GNR_HW-MO_DUT_TC162-1.dml,,594,-104.750000,,,,,,,NR SA,,,,,,,,,,,,,,,,
126,1,,,-121.9331898,47.5260679,2025-12-11 22:56:24.000,_20251211_145431_CH03_TMO_5GNR_HW-MO_DUT_TC162-1.dml,,594,-103.720000,,,,,,,NR SA,,,,,,,,,,,,,,,,
127,1,,,-121.9331898,47.5260679,2025-12-11 22:56:25.000,_20251211_145431_CH03_TMO_5GNR_HW-MO_DUT_TC162-1.dml,,594,-102.550000,,,,,,,NR SA,,,,,,,,,,,,,,,,
128,1,,,-121.9331898,47.5260679,2025-12-11 22:56:26.000,_20251211_145431_CH03_TMO_5GNR_HW-MO_DUT_TC162-1.dml,,594,-101.100000,,,,,,,NR SA,,,,,,,,,,,,,,,,
129,1,,,-121.9331898,47.5260679,2025-12-11 22:56:27.000,_20251211_145431_CH03_TMO_5GNR_HW-MO_DUT_TC162-1.dml,,594,-103.390000,,,,,,,NR SA,,,,,,,,,,,,,,,,
130,1,,,-121.9331898,47.5260679,2025-12-11 22:56:28.000,_20251211_145431_CH03_TMO_5GNR_HW-MO_DUT_TC162-1.dml,,594,-103.170000,,,,,,,NR SA,,,,,,,,,,,,,,,,
131,1,,,-121.9331898,47.5260679,2025-12-11 22:56:29.000,_20251211_145431_CH03_TMO_5GNR_HW-MO_DUT_TC162-1.dml,,594,-102.710000,,,,,,,NR SA,,,,,,,,,,,,,,,,
132,1,,,-121.9331898,47.5260679,2025-12-11 22:56:30.000,_20251211_145431_CH03_TMO_5GNR_HW-MO_DUT_TC162-1.dml,,594,-104.490000,,,,,,,NR SA,,,,,,,,,,,,,,,,
133,1,,,-121.9331898,47.5260679,2025-12-11 22:56:31.000,_20251211_145431_CH03_TMO_5GNR_HW-MO_DUT_TC162-1.dml,,594,-105.230000,,,,,,,NR SA,,,,,,,,,,,,,,,,
134,1,,,-121.9331898,47.5260679,2025-12-11 22:56:32.000,_20251211_145431_CH03_TMO_5GNR_HW-MO_DUT_TC162-1.dml,,594,-106.890000,,,,,,,NR SA,,,,,,,,,,,,,,,,
135,1,,,-121.9331898,47.5260679,2025-12-11 22:56:33.000,_20251211_145431_CH03_TMO_5GNR_HW-MO_DUT_TC162-1.dml,,594,-102.830000,,,,,,,NR SA,,,,,,,,,,,,,,,,
136,1,,,-121.9331898,47.5260679,2025-12-11 22:56:34.000,_20251211_145431_CH03_TMO_5GNR_HW-MO_DUT_TC162-1.dml,,594,-103.530000,,,,,,,NR SA,,,,,,,,,,,,,,,,
137,1,,,-121.9331898,47.5260679,2025-12-11 22:56:35.000,_20251211_145431_CH03_TMO_5GNR_HW-MO_DUT_TC162-1.dml,,594,-104.880000,,,,,,,NR SA,,,,,,,,,,,,,,,,
138,1,,,-121.9331898,47.5260679,2025-12-11 22:56:36.000,_20251211_145431_CH03_TMO_5GNR_HW-MO_DUT_TC162-1.dml,,594,-104.320000,,,,,,,NR SA,,,,,,,,,,,,,,,,
139,1,,,-121.9331898,47.5260679,2025-12-11 22:56:37.000,_20251211_145431_CH03_TMO_5GNR_HW-MO_DUT_TC162-1.dml,,594,-105.480000,,,,,,,NR SA,,,,,,,,,,,,,,,,
140,1,,,-121.9331898,47.5260679,2025-12-11 22:56:38.000,_20251211_145431_CH03_TMO_5GNR_HW-MO_DUT_TC162-1.dml,,594,-104.890000,,,,,,,NR SA,,,,,,,,,,,,,,,,
141,1,,,-121.9331898,47.5260679,2025-12-11 22:56:39.000,_20251211_145431_CH03_TMO_5GNR_HW-MO_DUT_TC162-1.dml,,594,-109.320000,,,,,,,NR SA,,,,,,,,,,,,,,,,
142,1,,,-121.9331898,47.5260679,2025-12-11 22:56:40.000,_20251211_145431_CH03_TMO_5GNR_HW-MO_DUT_TC162-1.dml,,594,-110.540000,,,,,,,NR SA,,,,,,,,,,,,,,,,
143,1,,,-121.9331898,47.5260679,2025-12-11 22:56:41.000,_20251211_145431_CH03_TMO_5GNR_HW-MO_DUT_TC162-1.dml,,594,-110.860000,,,,,,,NR SA,,,,,,,,,,,,,,,,
144,1,,,-121.9331898,47.5260679,2025-12-11 22:56:42.000,_20251211_145431_CH03_TMO_5GNR_HW-MO_DUT_TC162-1.dml,,594,-101.830000,,,,,,,NR SA,,,,,,,,,,,,,,,,
145,1,,,-121.9331898,47.5260679,2025-12-11 22:56:43.000,_20251211_145431_CH03_TMO_5GNR_HW-MO_DUT_TC162-1.dml,,594,-105.060000,,,,,,,NR SA,,,,,,,,,,,,,,,,
146,1,,,-121.9331898,47.5260679,2025-12-11 22:56:44.000,_20251211_145431_CH03_TMO_5GNR_HW-MO_DUT_TC162-1.dml,,594,-106.710000,,,,,,,NR SA,,,,,,,,,,,,,,,,
147,1,,,-121.9331898,47.5260679,2025-12-11 22:56:45.000,_20251211_145431_CH03_TMO_5GNR_HW-MO_DUT_TC162-1.dml,,594,-110.800000,,,,,,,NR SA,,,,,,,,,,,,,,,,
148,1,,,-121.9331898,47.5260679,2025-12-11 22:56:46.000,_20251211_145431_CH03_TMO_5GNR_HW-MO_DUT_TC162-1.dml,,594,-106.080000,,,,,,,NR SA,,,,,,,,,,,,,,,,
149,1,,,-121.9331898,47.5260679,2025-12-11 22:56:47.000,_20251211_145431_CH03_TMO_5GNR_HW-MO_DUT_TC162-1.dml,,594,-104.790000,,,,,,,NR SA,,,,,,,,,,,,,,,,
150,1,,,-121.9331898,47.5260679,2025-12-11 22:56:48.000,_20251211_145431_CH03_TMO_5GNR_HW-MO_DUT_TC162-1.dml,,594,-103.380000,,,,,,,NR SA,,,,,,,,,,,,,,,,
151,1,,,-121.9331898,47.5260679,2025-12-11 22:56:49.000,_20251211_145431_CH03_TMO_5GNR_HW-MO_DUT_TC162-1.dml,,594,-111.210000,,,,,,,NR SA,,,,,,,,,,,,,,,,
152,1,,,-121.9331898,47.5260679,2025-12-11 22:56:50.000,_20251211_145431_CH03_TMO_5GNR_HW-MO_DUT_TC162-1.dml,,594,-112.330000,,,,,,,NR SA,,,,,,,,,,,,,,,,
153,1,,,-121.9331898,47.5260679,2025-12-11 22:56:51.000,_20251211_145431_CH03_TMO_5GNR_HW-MO_DUT_TC162-1.dml,,594,-109.710000,,,,,,,NR SA,,,,,,,,,,,,,,,,
154,1,,,-121.9331898,47.5260679,2025-12-11 22:56:52.000,_20251211_145431_CH03_TMO_5GNR_HW-MO_DUT_TC162-1.dml,,594,-109.070000,,,,,,,NR SA,,,,,,,,,,,,,,,,
155,1,,,-121.9331898,47.5260679,2025-12-11 22:56:53.000,_20251211_145431_CH03_TMO_5GNR_HW-MO_DUT_TC162-1.dml,,594,-109.140000,,,,,,,NR SA,,,,,,,,,,,,,,,,
156,1,,,-121.9331898,47.5260679,2025-12-11 22:56:54.000,_20251211_145431_CH03_TMO_5GNR_HW-MO_DUT_TC162-1.dml,,594,-108.710000,,,,,,,NR SA,,,,,,,,,,,,,,,,
157,1,,,-121.9331898,47.5260679,2025-12-11 22:56:55.000,_20251211_145431_CH03_TMO_5GNR_HW-MO_DUT_TC162-1.dml,,594,-108.230000,,,,,,,NR SA,,,,,,,,,,,,,,,,
158,1,,,-121.9331898,47.5260679,2025-12-11 22:56:56.000,_20251211_145431_CH03_TMO_5GNR_HW-MO_DUT_TC162-1.dml,,594,-109.910000,,,,,,,NR SA,,,,,,,,,,,,,,,,
159,1,,,-121.9331898,47.5260679,2025-12-11 22:56:57.000,_20251211_145431_CH03_TMO_5GNR_HW-MO_DUT_TC162-1.dml,,594,-111.800000,,,,,,,NR SA,,,,,,,,,,,,,,,,
160,1,,,-121.9331898,47.5260679,2025-12-11 22:56:58.000,_20251211_145431_CH03_TMO_5GNR_HW-MO_DUT_TC162-1.dml,,594,-109.290000,,,,,,,NR SA,,,,,,,,,,,,,,,,
161,1,,,-121.9331898,47.5260679,2025-12-11 22:56:59.000,_20251211_145431_CH03_TMO_5GNR_HW-MO_DUT_TC162-1.dml,,594,-108.770000,,,,,,,NR SA,,,,,,,,,,,,,,,,
162,1,,,-121.9331898,47.5260679,2025-12-11 22:57:00.000,_20251211_145431_CH03_TMO_5GNR_HW-MO_DUT_TC162-1.dml,,594,-104.780000,,,,,,,NR SA,,,,,,,,,,,,,,,,
163,1,,,-121.9331898,47.5260679,2025-12-11 22:57:01.000,_20251211_145431_CH03_TMO_5GNR_HW-MO_DUT_TC162-1.dml,,594,-104.940000,,,,,,,NR SA,,,,,,,,,,,,,,,,
164,1,,,-121.9331898,47.5260679,2025-12-11 22:57:02.000,_20251211_145431_CH03_TMO_5GNR_HW-MO_DUT_TC162-1.dml,,594,-101.840000,,,,,,,NR SA,,,,,,,,,,,,,,,,
165,1,,,-121.9331898,47.5260679,2025-12-11 22:57:03.000,_20251211_145431_CH03_TMO_5GNR_HW-MO_DUT_TC162-1.dml,,594,-100.940000,,,,,,,NR SA,,,,,,,,,,,,,,,,
166,1,,,-121.9331898,47.5260679,2025-12-11 22:57:04.000,_20251211_145431_CH03_TMO_5GNR_HW-MO_DUT_TC162-1.dml,,594,-100.180000,,,,,,,NR SA,,,,,,,,,,,,,,,,
167,1,,,-121.9331898,47.5260679,2025-12-11 22:57:05.000,_20251211_145431_CH03_TMO_5GNR_HW-MO_DUT_TC162-1.dml,,594,-100.380000,,,,,,,NR SA,,,,,,,,,,,,,,,,
168,1,,,-121.9331898,47.5260679,2025-12-11 22:57:06.000,_20251211_145431_CH03_TMO_5GNR_HW-MO_DUT_TC162-1.dml,,594,-101.070000,,,,,,,NR SA,,,,,,,,,,,,,,,,
169,1,,,-121.9331898,47.5260679,2025-12-11 22:57:07.000,_20251211_145431_CH03_TMO_5GNR_HW-MO_DUT_TC162-1.dml,,594,-99.900000,,,,,,,NR SA,,,,,,,,,,,,,,,,
170,1,,,-121.9331898,47.5260679,2025-12-11 22:57:08.000,_20251211_145431_CH03_TMO_5GNR_HW-MO_DUT_TC162-1.dml,,594,-99.270000,,,,,,,NR SA,,,,,,,,,,,,,,,,
171,1,,,-121.9331898,47.5260679,2025-12-11 22:57:09.000,_20251211_145431_CH03_TMO_5GNR_HW-MO_DUT_TC162-1.dml,,594,-100.450000,,,,,,,NR SA,,,,,,,,,,,,,,,,
172,1,,,-121.9331898,47.5260679,2025-12-11 22:57:10.000,_20251211_145431_CH03_TMO_5GNR_HW-MO_DUT_TC162-1.dml,,594,-98.840000,,,,,,,NR SA,,,,,,,,,,,,,,,,
173,1,,,-121.9331898,47.5260679,2025-12-11 22:57:11.000,_20251211_145431_CH03_TMO_5GNR_HW-MO_DUT_TC162-1.dml,,594,-97.150000,,,,,,,NR SA,,,,,,,,,,,,,,,,
174,1,,,-121.9331898,47.5260679,2025-12-11 22:57:12.000,_20251211_145431_CH03_TMO_5GNR_HW-MO_DUT_TC162-1.dml,,594,-99.950000,,,,,,,NR SA,,,,,,,,,,,,,,,,
175,1,,,-121.9331898,47.5260679,2025-12-11 22:57:13.000,_20251211_145431_CH03_TMO_5GNR_HW-MO_DUT_TC162-1.dml,,594,-101.380000,,,,,,,NR SA,,,,,,,,,,,,,,,,
176,1,,,-121.9331898,47.5260679,2025-12-11 22:57:14.000,_20251211_145431_CH03_TMO_5GNR_HW-MO_DUT_TC162-1.dml,,594,-98.250000,,,,,,,NR SA,,,,,,,,,,,,,,,,
177,1,,,-121.9331898,47.5260679,2025-12-11 22:57:15.000,_20251211_145431_CH03_TMO_5GNR_HW-MO_DUT_TC162-1.dml,,594,-98.380000,,,,,,,NR SA,,,,,,,,,,,,,,,,
178,1,,,-121.9331898,47.5260679,2025-12-11 22:57:16.000,_20251211_145431_CH03_TMO_5GNR_HW-MO_DUT_TC162-1.dml,,594,-98.400000,,,,,,,NR SA,,,,,,,,,,,,,,,,
179,1,,,-121.9331898,47.5260679,2025-12-11 22:57:17.000,_20251211_145431_CH03_TMO_5GNR_HW-MO_DUT_TC162-1.dml,,594,-99.240000,,,,,,,NR SA,,,,,,,,,,,,,,,,
180,1,,,-121.9331898,47.5260679,2025-12-11 22:57:18.000,_20251211_145431_CH03_TMO_5GNR_HW-MO_DUT_TC162-1.dml,,594,-100.880000,,,,,,,NR SA,,,,,,,,,,,,,,,,
181,1,,,-121.9331898,47.5260679,2025-12-11 22:57:19.000,_20251211_145431_CH03_TMO_5GNR_HW-MO_DUT_TC162-1.dml,,594,-100.280000,,,,,,,NR SA,,,,,,,,,,,,,,,,
182,1,,,-121.9331898,47.5260679,2025-12-11 22:57:20.000,_20251211_145431_CH03_TMO_5GNR_HW-MO_DUT_TC162-1.dml,,594,-98.520000,,,,,,,NR SA,,,,,,,,,,,,,,,,
183,1,,,-121.9331898,47.5260679,2025-12-11 22:57:21.000,_20251211_145431_CH03_TMO_5GNR_HW-MO_DUT_TC162-1.dml,,594,-96.840000,,,,,,,NR SA,,,,,,,,,,,,,,,,
184,1,,,-121.9331898,47.5260679,2025-12-11 22:57:22.000,_20251211_145431_CH03_TMO_5GNR_HW-MO_DUT_TC162-1.dml,,594,-97.090000,,,,,,,NR SA,,,,,,,,,,,,,,,,
185,1,,,-121.9331898,47.5260679,2025-12-11 22:57:23.000,_20251211_145431_CH03_TMO_5GNR_HW-MO_DUT_TC162-1.dml,,594,-97.260000,,,,,,,NR SA,,,,,,,,,,,,,,,,
186,1,,,-121.9331898,47.5260679,2025-12-11 22:57:24.000,_20251211_145431_CH03_TMO_5GNR_HW-MO_DUT_TC162-1.dml,,594,-97.580000,,,,,,,NR SA,,,,,,,,,,,,,,,,
187,1,,,-121.9331898,47.5260679,2025-12-11 22:57:25.000,_20251211_145431_CH03_TMO_5GNR_HW-MO_DUT_TC162-1.dml,,594,-107.760000,,,,,,,NR SA,,,,,,,,,,,,,,,,
188,1,,,-121.9331898,47.5260679,2025-12-11 22:57:26.000,_20251211_145431_CH03_TMO_5GNR_HW-MO_DUT_TC162-1.dml,,594,-107.620000,,,,,,,NR SA,,,,,,,,,,,,,,,,
189,1,,,-121.9331898,47.5260679,2025-12-11 22:57:27.000,_20251211_145431_CH03_TMO_5GNR_HW-MO_DUT_TC162-1.dml,,594,-108.090000,,,,,,,NR SA,,,,,,,,,,,,,,,,
190,1,,,-121.9331898,47.5260679,2025-12-11 22:57:28.000,_20251211_145431_CH03_TMO_5GNR_HW-MO_DUT_TC162-1.dml,,594,-107.410000,,,,,,,NR SA,,,,,,,,,,,,,,,,
191,1,,,-121.9331898,47.5260679,2025-12-11 22:57:29.000,_20251211_145431_CH03_TMO_5GNR_HW-MO_DUT_TC162-1.dml,,594,-101.660000,,,,,,,NR SA,,,,,,,,,,,,,,,,
192,1,,,-121.9331898,47.5260679,2025-12-11 22:57:30.000,_20251211_145431_CH03_TMO_5GNR_HW-MO_DUT_TC162-1.dml,,594,-111.380000,,,,,,,NR SA,,,,,,,,,,,,,,,,
193,1,,,-121.9331898,47.5260679,2025-12-11 22:57:31.000,_20251211_145431_CH03_TMO_5GNR_HW-MO_DUT_TC162-1.dml,,594,-108.450000,,,,,,,NR SA,,,,,,,,,,,,,,,,
194,1,,,-121.9331898,47.5260679,2025-12-11 22:57:32.000,_20251211_145431_CH03_TMO_5GNR_HW-MO_DUT_TC162-1.dml,,594,-108.170000,,,,,,,NR SA,,,,,,,,,,,,,,,,
195,1,,,-121.9331898,47.5260679,2025-12-11 22:57:33.000,_20251211_145431_CH03_TMO_5GNR_HW-MO_DUT_TC162-1.dml,,594,-110.920000,,,,,,,NR SA,,,,,,,,,,,,,,,,
196,1,,,-121.9331898,47.5260679,2025-12-11 22:57:34.000,_20251211_145431_CH03_TMO_5GNR_HW-MO_DUT_TC162-1.dml,,594,-109.470000,,,,,,,NR SA,,,,,,,,,,,,,,,,
197,1,,,-121.9331898,47.5260679,2025-12-11 22:57:35.000,_20251211_145431_CH03_TMO_5GNR_HW-MO_DUT_TC162-1.dml,,594,-107.610000,,,,,,,NR SA,,,,,,,,,,,,,,,,
198,1,,,-121.9331898,47.5260679,2025-12-11 22:57:36.000,_20251211_145431_CH03_TMO_5GNR_HW-MO_DUT_TC162-1.dml,,594,-102.200000,,,,,,,NR SA,,,,,,,,,,,,,,,,
199,1,,,-121.9331898,47.5260679,2025-12-11 22:57:37.000,_20251211_145431_CH03_TMO_5GNR_HW-MO_DUT_TC162-1.dml,,594,-101.140000,,,,,,,NR SA,,,,,,,,,,,,,,,,
200,1,,,-121.9331898,47.5260679,2025-12-11 22:57:38.000,_20251211_145431_CH03_TMO_5GNR_HW-MO_DUT_TC162-1.dml,,594,-104.280000,,,,,,,NR SA,,,,,,,,,,,,,,,,
201,1,,,-121.9331898,47.5260679,2025-12-11 22:57:39.000,_20251211_145431_CH03_TMO_5GNR_HW-MO_DUT_TC162-1.dml,,594,-105.030000,,,,,,,NR SA,,,,,,,,,,,,,,,,
202,1,,,-121.9331898,47.5260679,2025-12-11 22:57:40.000,_20251211_145431_CH03_TMO_5GNR_HW-MO_DUT_TC162-1.dml,,594,-105.110000,,,,,,,NR SA,,,,,,,,,,,,,,,,
203,1,,,-121.9331898,47.5260679,2025-12-11 22:57:41.000,_20251211_145431_CH03_TMO_5GNR_HW-MO_DUT_TC162-1.dml,,594,-103.680000,,,,,,,NR SA,,,,,,,,,,,,,,,,
204,1,,,-121.9331898,47.5260679,2025-12-11 22:57:42.000,_20251211_145431_CH03_TMO_5GNR_HW-MO_DUT_TC162-1.dml,,594,-106.950000,,,,,,,NR SA,,,,,,,,,,,,,,,,
205,1,,,-121.9331898,47.5260679,2025-12-11 22:57:43.000,_20251211_145431_CH03_TMO_5GNR_HW-MO_DUT_TC162-1.dml,,594,-112.300000,,,,,,,NR SA,,,,,,,,,,,,,,,,
206,1,,,-121.9331898,47.5260679,2025-12-11 22:57:44.000,_20251211_145431_CH03_TMO_5GNR_HW-MO_DUT_TC162-1.dml,,594,-108.160000,,,,,,,NR SA,,,,,,,,,,,,,,,,
207,1,,,-121.9331898,47.5260679,2025-12-11 22:57:45.000,_20251211_145431_CH03_TMO_5GNR_HW-MO_DUT_TC162-1.dml,,594,-104.380000,,,,,,,NR SA,,,,,,,,,,,,,,,,
208,1,,,-121.9331898,47.5260679,2025-12-11 22:57:46.000,_20251211_145431_CH03_TMO_5GNR_HW-MO_DUT_TC162-1.dml,,594,-103.970000,,,,,,,NR SA,,,,,,,,,,,,,,,,
209,1,,,-121.9331898,47.5260679,2025-12-11 22:57:47.000,_20251211_145431_CH03_TMO_5GNR_HW-MO_DUT_TC162-1.dml,,594,-104.470000,,,,,,,NR SA,,,,,,,,,,,,,,,,
210,1,,,-121.9331898,47.5260679,2025-12-11 22:57:48.000,_20251211_145431_CH03_TMO_5GNR_HW-MO_DUT_TC162-1.dml,,594,-102.360000,,,,,,,NR SA,,,,,,,,,,,,,,,,
211,1,,,-121.9331898,47.5260679,2025-12-11 22:57:49.000,_20251211_145431_CH03_TMO_5GNR_HW-MO_DUT_TC162-1.dml,,594,-98.110000,,,,,,,NR SA,,,,,,,,,,,,,,,,
212,1,,,-121.9331898,47.5260679,2025-12-11 22:57:50.000,_20251211_145431_CH03_TMO_5GNR_HW-MO_DUT_TC162-1.dml,,594,-100.650000,,,,,,,NR SA,,,,,,,,,,,,,,,,
213,1,,,-121.9331898,47.5260679,2025-12-11 22:57:51.000,_20251211_145431_CH03_TMO_5GNR_HW-MO_DUT_TC162-1.dml,,594,-100.780000,,,,,,,NR SA,,,,,,,,,,,,,,,,
214,1,,,-121.9331898,47.5260679,2025-12-11 22:57:52.000,_20251211_145431_CH03_TMO_5GNR_HW-MO_DUT_TC162-1.dml,,594,-101.450000,,,,,,,NR SA,,,,,,,,,,,,,,,,
215,1,,,-121.9331898,47.5260679,2025-12-11 22:57:53.000,_20251211_145431_CH03_TMO_5GNR_HW-MO_DUT_TC162-1.dml,,594,-108.360000,,,,,,,NR SA,,,,,,,,,,,,,,,,
216,1,,,-121.9331898,47.5260679,2025-12-11 22:57:54.000,_20251211_145431_CH03_TMO_5GNR_HW-MO_DUT_TC162-1.dml,,594,-105.990000,,,,,,,NR SA,,,,,,,,,,,,,,,,
217,1,,,-121.9331898,47.5260679,2025-12-11 22:57:55.000,_20251211_145431_CH03_TMO_5GNR_HW-MO_DUT_TC162-1.dml,,594,-102.800000,,,,,,,NR SA,,,,,,,,,,,,,,,,
218,1,,,-121.9331898,47.5260679,2025-12-11 22:57:56.000,_20251211_145431_CH03_TMO_5GNR_HW-MO_DUT_TC162-1.dml,,594,-101.740000,,,,,,,NR SA,,,,,,,,,,,,,,,,
219,1,,,-121.9331898,47.5260679,2025-12-11 22:57:57.000,_20251211_145431_CH03_TMO_5GNR_HW-MO_DUT_TC162-1.dml,,594,-99.320000,,,,,,,NR SA,,,,,,,,,,,,,,,,
220,1,,,-121.9331898,47.5260679,2025-12-11 22:57:58.000,_20251211_145431_CH03_TMO_5GNR_HW-MO_DUT_TC162-1.dml,,594,-98.110000,,,,,,,NR SA,,,,,,,,,,,,,,,,
221,1,,,-121.9331898,47.5260679,2025-12-11 22:57:59.000,_20251211_145431_CH03_TMO_5GNR_HW-MO_DUT_TC162-1.dml,,594,-100.300000,,,,,,,NR SA,,,,,,,,,,,,,,,,
222,1,,,-121.9331898,47.5260679,2025-12-11 22:58:00.000,_20251211_145431_CH03_TMO_5GNR_HW-MO_DUT_TC162-1.dml,,594,-102.360000,,,,,,,NR SA,,,,,,,,,,,,,,,,
223,1,,,-121.9331898,47.5260679,2025-12-11 22:58:01.000,_20251211_145431_CH03_TMO_5GNR_HW-MO_DUT_TC162-1.dml,,594,-102.650000,,,,,,,NR SA,,,,,,,,,,,,,,,,
224,1,,,-121.9331898,47.5260679,2025-12-11 22:58:02.000,_20251211_145431_CH03_TMO_5GNR_HW-MO_DUT_TC162-1.dml,,594,-103.170000,,,,,,,NR SA,,,,,,,,,,,,,,,,
225,1,,,-121.9331898,47.5260679,2025-12-11 22:58:03.000,_20251211_145431_CH03_TMO_5GNR_HW-MO_DUT_TC162-1.dml,,594,-106.050000,,,,,,,NR SA,,,,,,,,,,,,,,,,
226,1,,,-121.9331898,47.5260679,2025-12-11 22:58:04.000,_20251211_145431_CH03_TMO_5GNR_HW-MO_DUT_TC162-1.dml,,594,-104.320000,,,,,,,NR SA,,,,,,,,,,,,,,,,
227,1,,,-121.9331898,47.5260679,2025-12-11 22:58:05.000,_20251211_145431_CH03_TMO_5GNR_HW-MO_DUT_TC162-1.dml,,594,-100.970000,,,,,,,NR SA,,,,,,,,,,,,,,,,
228,1,,,-121.9331898,47.5260679,2025-12-11 22:58:06.000,_20251211_145431_CH03_TMO_5GNR_HW-MO_DUT_TC162-1.dml,,594,-101.440000,,,,,,,NR SA,,,,,,,,,,,,,,,,
229,1,,,-121.9331898,47.5260679,2025-12-11 22:58:07.000,_20251211_145431_CH03_TMO_5GNR_HW-MO_DUT_TC162-1.dml,,594,-99.010000,,,,,,,NR SA,,,,,,,,,,,,,,,,
230,1,,,-121.9331898,47.5260679,2025-12-11 22:58:08.000,_20251211_145431_CH03_TMO_5GNR_HW-MO_DUT_TC162-1.dml,,594,-99.950000,,,,,,,NR SA,,,,,,,,,,,,,,,,
231,1,,,-121.9331898,47.5260679,2025-12-11 22:58:09.000,_20251211_145431_CH03_TMO_5GNR_HW-MO_DUT_TC162-1.dml,,594,-102.210000,,,,,,,NR SA,,,,,,,,,,,,,,,,
232,1,,,-121.9331898,47.5260679,2025-12-11 22:58:10.000,_20251211_145431_CH03_TMO_5GNR_HW-MO_DUT_TC162-1.dml,,594,-102.210000,,,,,,,NR SA,,,,,,,,,,,,,,,,
233,1,,,-121.9331898,47.5260679,2025-12-11 22:58:11.000,_20251211_145431_CH03_TMO_5GNR_HW-MO_DUT_TC162-1.dml,,594,-101.600000,,,,,,,NR SA,,,,,,,,,,,,,,,,
234,1,,,-121.9331898,47.5260679,2025-12-11 22:58:12.000,_20251211_145431_CH03_TMO_5GNR_HW-MO_DUT_TC162-1.dml,,594,-102.740000,,,,,,,NR SA,,,,,,,,,,,,,,,,
235,1,,,-121.9331898,47.5260679,2025-12-11 22:58:13.000,_20251211_145431_CH03_TMO_5GNR_HW-MO_DUT_TC162-1.dml,,594,-101.830000,,,,,,,NR SA,,,,,,,,,,,,,,,,
236,1,,,-121.9331898,47.5260679,2025-12-11 22:58:14.000,_20251211_145431_CH03_TMO_5GNR_HW-MO_DUT_TC162-1.dml,,594,-100.990000,,,,,,,NR SA,,,,,,,,,,,,,,,,
237,1,,,-121.9331898,47.5260679,2025-12-11 22:58:15.000,_20251211_145431_CH03_TMO_5GNR_HW-MO_DUT_TC162-1.dml,,594,-100.980000,,,,,,,NR SA,,,,,,,,,,,,,,,,
238,1,,,-121.9331898,47.5260679,2025-12-11 22:58:16.000,_20251211_145431_CH03_TMO_5GNR_HW-MO_DUT_TC162-1.dml,,594,-102.700000,,,,,,,NR SA,,,,,,,,,,,,,,,,
239,1,,,-121.9331898,47.5260679,2025-12-11 22:58:17.000,_20251211_145431_CH03_TMO_5GNR_HW-MO_DUT_TC162-1.dml,,594,-101.760000,,,,,,,NR SA,,,,,,,,,,,,,,,,
240,1,,,-121.9331898,47.5260679,2025-12-11 22:58:18.000,_20251211_145431_CH03_TMO_5GNR_HW-MO_DUT_TC162-1.dml,,594,-97.400000,,,,,,,NR SA,,,,,,,,,,,,,,,,
241,1,,,-121.9331898,47.5260679,2025-12-11 22:58:19.000,_20251211_145431_CH03_TMO_5GNR_HW-MO_DUT_TC162-1.dml,,594,-99.510000,,,,,,,NR SA,,,,,,,,,,,,,,,,
242,1,,,-121.9331898,47.5260679,2025-12-11 22:58:20.000,_20251211_145431_CH03_TMO_5GNR_HW-MO_DUT_TC162-1.dml,,594,-101.000000,,,,,,,NR SA,,,,,,,,,,,,,,,,
243,1,,,-121.9331898,47.5260679,2025-12-11 22:58:21.000,_20251211_145431_CH03_TMO_5GNR_HW-MO_DUT_TC162-1.dml,,594,-99.620000,,,,,,,NR SA,,,,,,,,,,,,,,,,
244,1,,,-121.9331898,47.5260679,2025-12-11 22:58:22.000,_20251211_145431_CH03_TMO_5GNR_HW-MO_DUT_TC162-1.dml,,594,-102.050000,,,,,,,NR SA,,,,,,,,,,,,,,,,
245,1,,,-121.9331898,47.5260679,2025-12-11 22:58:23.000,_20251211_145431_CH03_TMO_5GNR_HW-MO_DUT_TC162-1.dml,,594,-101.970000,,,,,,,NR SA,,,,,,,,,,,,,,,,
246,1,,,-121.9331898,47.5260679,2025-12-11 22:58:24.000,_20251211_145431_CH03_TMO_5GNR_HW-MO_DUT_TC162-1.dml,,594,-99.380000,,,,,,,NR SA,,,,,,,,,,,,,,,,
247,1,,,-121.9331898,47.5260679,2025-12-11 22:58:25.000,_20251211_145431_CH03_TMO_5GNR_HW-MO_DUT_TC162-1.dml,,594,-100.560000,,,,,,,NR SA,,,,,,,,,,,,,,,,
248,1,,,-121.9331898,47.5260679,2025-12-11 22:58:26.000,_20251211_145431_CH03_TMO_5GNR_HW-MO_DUT_TC162-1.dml,,594,-102.210000,,,,,,,NR SA,,,,,,,,,,,,,,,,
249,1,,,-121.9331898,47.5260679,2025-12-11 22:58:27.000,_20251211_145431_CH03_TMO_5GNR_HW-MO_DUT_TC162-1.dml,,594,-104.090000,,,,,,,NR SA,,,,,,,,,,,,,,,,
250,1,,,-121.9331898,47.5260679,2025-12-11 22:58:28.000,_20251211_145431_CH03_TMO_5GNR_HW-MO_DUT_TC162-1.dml,,594,-103.230000,,,,,,,NR SA,,,,,,,,,,,,,,,,
251,1,,,-121.9331898,47.5260679,2025-12-11 22:58:29.000,_20251211_145431_CH03_TMO_5GNR_HW-MO_DUT_TC162-1.dml,,594,-101.270000,,,,,,,NR SA,,,,,,,,,,,,,,,,
252,1,,,-121.9331898,47.5260679,2025-12-11 22:58:30.000,_20251211_145431_CH03_TMO_5GNR_HW-MO_DUT_TC162-1.dml,,594,-101.220000,,,,,,,NR SA,,,,,,,,,,,,,,,,
253,1,,,-121.9331898,47.5260679,2025-12-11 22:58:31.000,_20251211_145431_CH03_TMO_5GNR_HW-MO_DUT_TC162-1.dml,,594,-103.450000,,,,,,,NR SA,,,,,,,,,,,,,,,,
254,1,,,-121.9331898,47.5260679,2025-12-11 22:58:32.000,_20251211_145431_CH03_TMO_5GNR_HW-MO_DUT_TC162-1.dml,,594,-106.720000,,,,,,,NR SA,,,,,,,,,,,,,,,,
255,1,,,-121.9331898,47.5260679,2025-12-11 22:58:33.000,_20251211_145431_CH03_TMO_5GNR_HW-MO_DUT_TC162-1.dml,,594,-106.960000,,,,,,,NR SA,,,,,,,,,,,,,,,,
256,1,,,-121.9331898,47.5260679,2025-12-11 22:58:34.000,_20251211_145431_CH03_TMO_5GNR_HW-MO_DUT_TC162-1.dml,,594,-106.280000,,,,,,,NR SA,,,,,,,,,,,,,,,,
257,1,,,-121.9331898,47.5260679,2025-12-11 22:58:35.000,_20251211_145431_CH03_TMO_5GNR_HW-MO_DUT_TC162-1.dml,,594,-105.140000,,,,,,,NR SA,,,,,,,,,,,,,,,,
258,1,,,-121.9331898,47.5260679,2025-12-11 22:58:36.000,_20251211_145431_CH03_TMO_5GNR_HW-MO_DUT_TC162-1.dml,,594,-103.730000,,,,,,,NR SA,,,,,,,,,,,,,,,,
259,1,,,-121.9331898,47.5260679,2025-12-11 22:58:37.000,_20251211_145431_CH03_TMO_5GNR_HW-MO_DUT_TC162-1.dml,,594,-99.630000,,,,,,,NR SA,,,,,,,,,,,,,,,,
260,1,,,-121.9331898,47.5260679,2025-12-11 22:58:38.000,_20251211_145431_CH03_TMO_5GNR_HW-MO_DUT_TC162-1.dml,,594,-97.620000,,,,,,,NR SA,,,,,,,,,,,,,,,,
261,1,,,-121.9331898,47.5260679,2025-12-11 22:58:39.000,_20251211_145431_CH03_TMO_5GNR_HW-MO_DUT_TC162-1.dml,,594,-99.910000,,,,,,,NR SA,,,,,,,,,,,,,,,,
262,1,,,-121.9331898,47.5260679,2025-12-11 22:58:40.000,_20251211_145431_CH03_TMO_5GNR_HW-MO_DUT_TC162-1.dml,,594,-97.320000,,,,,,,NR SA,,,,,,,,,,,,,,,,
263,1,,,-121.9331898,47.5260679,2025-12-11 22:58:41.000,_20251211_145431_CH03_TMO_5GNR_HW-MO_DUT_TC162-1.dml,,594,-94.380000,,,,,,,NR SA,,,,,,,,,,,,,,,,
264,1,,,-121.9331898,47.5260679,2025-12-11 22:58:42.000,_20251211_145431_CH03_TMO_5GNR_HW-MO_DUT_TC162-1.dml,,594,-94.630000,,,,,,,NR SA,,,,,,,,,,,,,,,,
265,1,,,-121.9331898,47.5260679,2025-12-11 22:58:43.000,_20251211_145431_CH03_TMO_5GNR_HW-MO_DUT_TC162-1.dml,,594,-94.860000,,,,,,,NR SA,,,,,,,,,,,,,,,,
266,1,,,-121.9331898,47.5260679,2025-12-11 22:58:44.000,_20251211_145431_CH03_TMO_5GNR_HW-MO_DUT_TC162-1.dml,,594,-96.150000,,,,,,,NR SA,,,,,,,,,,,,,,,,
267,1,,,-121.9331898,47.5260679,2025-12-11 22:58:45.000,_20251211_145431_CH03_TMO_5GNR_HW-MO_DUT_TC162-1.dml,,594,-95.120000,,,,,,,NR SA,,,,,,,,,,,,,,,,
268,1,,,-121.9331898,47.5260679,2025-12-11 22:58:46.000,_20251211_145431_CH03_TMO_5GNR_HW-MO_DUT_TC162-1.dml,,594,-94.070000,,,,,,,NR SA,,,,,,,,,,,,,,,,
269,1,,,-121.9331898,47.5260679,2025-12-11 22:58:47.000,_20251211_145431_CH03_TMO_5GNR_HW-MO_DUT_TC162-1.dml,,594,-96.350000,,,,,,,NR SA,,,,,,,,,,,,,,,,
270,1,,,-121.9331898,47.5260679,2025-12-11 22:58:48.000,_20251211_145431_CH03_TMO_5GNR_HW-MO_DUT_TC162-1.dml,,594,-99.000000,,,,,,,NR SA,,,,,,,,,,,,,,,,
271,1,,,-121.9331898,47.5260679,2025-12-11 22:58:49.000,_20251211_145431_CH03_TMO_5GNR_HW-MO_DUT_TC162-1.dml,,594,-102.000000,,,,,,,NR SA,,,,,,,,,,,,,,,,
272,1,,,-121.9331898,47.5260679,2025-12-11 22:58:50.000,_20251211_145431_CH03_TMO_5GNR_HW-MO_DUT_TC162-1.dml,,594,-109.060000,,,,,,,NR SA,,,,,,,,,,,,,,,,
273,1,,,-121.9331898,47.5260679,2025-12-11 22:58:51.000,_20251211_145431_CH03_TMO_5GNR_HW-MO_DUT_TC162-1.dml,,594,-104.310000,,,,,,,NR SA,,,,,,,,,,,,,,,,
274,1,,,-121.9331898,47.5260679,2025-12-11 22:58:52.000,_20251211_145431_CH03_TMO_5GNR_HW-MO_DUT_TC162-1.dml,,594,-112.510000,,,,,,,NR SA,,,,,,,,,,,,,,,,
275,1,,,-121.9331898,47.5260679,2025-12-11 22:58:53.000,_20251211_145431_CH03_TMO_5GNR_HW-MO_DUT_TC162-1.dml,,594,-109.640000,,,,,,,NR SA,,,,,,,,,,,,,,,,
276,1,,,-121.9331898,47.5260679,2025-12-11 22:58:54.000,_20251211_145431_CH03_TMO_5GNR_HW-MO_DUT_TC162-1.dml,,594,-110.880000,,,,,,,NR SA,,,,,,,,,,,,,,,,
277,1,,,-121.9331898,47.5260679,2025-12-11 22:58:55.000,_20251211_145431_CH03_TMO_5GNR_HW-MO_DUT_TC162-1.dml,,594,-111.680000,,,,,,,NR SA,,,,,,,,,,,,,,,,
278,1,,,-121.9331898,47.5260679,2025-12-11 22:58:56.000,_20251211_145431_CH03_TMO_5GNR_HW-MO_DUT_TC162-1.dml,,594,-109.370000,,,,,,,NR SA,,,,,,,,,,,,,,,,
279,1,,,-121.9331898,47.5260679,2025-12-11 22:58:57.000,_20251211_145431_CH03_TMO_5GNR_HW-MO_DUT_TC162-1.dml,,594,-109.170000,,,,,,,NR SA,,,,,,,,,,,,,,,,
280,1,,,-121.9331898,47.5260679,2025-12-11 22:58:58.000,_20251211_145431_CH03_TMO_5GNR_HW-MO_DUT_TC162-1.dml,,594,-106.660000,,,,,,,NR SA,,,,,,,,,,,,,,,,
281,1,,,-121.9331898,47.5260679,2025-12-11 22:58:59.000,_20251211_145431_CH03_TMO_5GNR_HW-MO_DUT_TC162-1.dml,,594,-103.730000,,,,,,,NR SA,,,,,,,,,,,,,,,,
282,1,,,-121.9331898,47.5260679,2025-12-11 22:59:00.000,_20251211_145431_CH03_TMO_5GNR_HW-MO_DUT_TC162-1.dml,,594,-105.060000,,,,,,,NR SA,,,,,,,,,,,,,,,,
283,1,,,-121.9331898,47.5260679,2025-12-11 22:59:01.000,_20251211_145431_CH03_TMO_5GNR_HW-MO_DUT_TC162-1.dml,,594,-103.490000,,,,,,,NR SA,,,,,,,,,,,,,,,,
284,1,,,-121.9331898,47.5260679,2025-12-11 22:59:02.000,_20251211_145431_CH03_TMO_5GNR_HW-MO_DUT_TC162-1.dml,,594,-104.950000,,,,,,,NR SA,,,,,,,,,,,,,,,,
285,1,,,-121.9331898,47.5260679,2025-12-11 22:59:03.000,_20251211_145431_CH03_TMO_5GNR_HW-MO_DUT_TC162-1.dml,,594,-106.270000,,,,,,,NR SA,,,,,,,,,,,,,,,,
286,1,,,-121.9331898,47.5260679,2025-12-11 22:59:04.000,_20251211_145431_CH03_TMO_5GNR_HW-MO_DUT_TC162-1.dml,,594,-103.900000,,,,,,,NR SA,,,,,,,,,,,,,,,,
287,1,,,-121.9331898,47.5260679,2025-12-11 22:59:05.000,_20251211_145431_CH03_TMO_5GNR_HW-MO_DUT_TC162-1.dml,,594,-105.180000,,,,,,,NR SA,,,,,,,,,,,,,,,,
288,1,,,-121.9331898,47.5260679,2025-12-11 22:59:06.000,_20251211_145431_CH03_TMO_5GNR_HW-MO_DUT_TC162-1.dml,,594,-105.580000,,,,,,,NR SA,,,,,,,,,,,,,,,,
289,1,,,-121.9331898,47.5260679,2025-12-11 22:59:07.000,_20251211_145431_CH03_TMO_5GNR_HW-MO_DUT_TC162-1.dml,,594,-106.040000,,,,,,,NR SA,,,,,,,,,,,,,,,,
290,1,,,-121.9331898,47.5260679,2025-12-11 22:59:08.000,_20251211_145431_CH03_TMO_5GNR_HW-MO_DUT_TC162-1.dml,,594,-106.990000,,,,,,,NR SA,,,,,,,,,,,,,,,,
291,1,,,-121.9331898,47.5260679,2025-12-11 22:59:09.000,_20251211_145431_CH03_TMO_5GNR_HW-MO_DUT_TC162-1.dml,,594,-104.120000,,,,,,,NR SA,,,,,,,,,,,,,,,,
292,1,,,-121.9331898,47.5260679,2025-12-11 22:59:10.000,_20251211_145431_CH03_TMO_5GNR_HW-MO_DUT_TC162-1.dml,,594,-105.480000,,,,,,,NR SA,,,,,,,,,,,,,,,,
293,1,,,-121.9331898,47.5260679,2025-12-11 22:59:11.000,_20251211_145431_CH03_TMO_5GNR_HW-MO_DUT_TC162-1.dml,,594,-104.240000,,,,,,,NR SA,,,,,,,,,,,,,,,,
294,1,,,-121.9331898,47.5260679,2025-12-11 22:59:12.000,_20251211_145431_CH03_TMO_5GNR_HW-MO_DUT_TC162-1.dml,,594,-104.460000,,,,,,,NR SA,,,,,,,,,,,,,,,,
295,1,,,-121.9331898,47.5260679,2025-12-11 22:59:13.000,_20251211_145431_CH03_TMO_5GNR_HW-MO_DUT_TC162-1.dml,,594,-107.880000,,,,,,,NR SA,,,,,,,,,,,,,,,,
296,1,,,-121.9331898,47.5260679,2025-12-11 22:59:14.000,_20251211_145431_CH03_TMO_5GNR_HW-MO_DUT_TC162-1.dml,,594,-105.690000,,,,,,,NR SA,,,,,,,,,,,,,,,,
297,1,,,-121.9331898,47.5260679,2025-12-11 22:59:15.000,_20251211_145431_CH03_TMO_5GNR_HW-MO_DUT_TC162-1.dml,,594,-107.070000,,,,,,,NR SA,,,,,,,,,,,,,,,,
298,1,,,-121.9331898,47.5260679,2025-12-11 22:59:16.000,_20251211_145431_CH03_TMO_5GNR_HW-MO_DUT_TC162-1.dml,,594,-105.610000,,,,,,,NR SA,,,,,,,,,,,,,,,,
299,1,,,-121.9331898,47.5260679,2025-12-11 22:59:17.000,_20251211_145431_CH03_TMO_5GNR_HW-MO_DUT_TC162-1.dml,,594,-106.070000,,,,,,,NR SA,,,,,,,,,,,,,,,,
300,1,,,-121.9331898,47.5260679,2025-12-11 22:59:18.000,_20251211_145431_CH03_TMO_5GNR_HW-MO_DUT_TC162-1.dml,,594,-105.920000,,,,,,,NR SA,,,,,,,,,,,,,,,,
301,1,,,-121.9331898,47.5260679,2025-12-11 22:59:19.000,_20251211_145431_CH03_TMO_5GNR_HW-MO_DUT_TC162-1.dml,,594,-106.990000,,,,,,,NR SA,,,,,,,,,,,,,,,,
302,1,,,-121.9331898,47.5260679,2025-12-11 22:59:20.000,_20251211_145431_CH03_TMO_5GNR_HW-MO_DUT_TC162-1.dml,,594,-115.610000,,,,,,,NR SA,,,,,,,,,,,,,,,,
303,1,,,-121.9331898,47.5260679,2025-12-11 22:59:21.000,_20251211_145431_CH03_TMO_5GNR_HW-MO_DUT_TC162-1.dml,,594,-113.060000,,,,,,,NR SA,,,,,,,,,,,,,,,,
304,1,,,-121.9331898,47.5260679,2025-12-11 22:59:22.000,_20251211_145431_CH03_TMO_5GNR_HW-MO_DUT_TC162-1.dml,,594,-107.500000,,,,,,,NR SA,,,,,,,,,,,,,,,,
305,1,,,-121.9331898,47.5260679,2025-12-11 22:59:23.000,_20251211_145431_CH03_TMO_5GNR_HW-MO_DUT_TC162-1.dml,,594,-104.730000,,,,,,,NR SA,,,,,,,,,,,,,,,,
306,1,,,-121.9331898,47.5260679,2025-12-11 22:59:24.000,_20251211_145431_CH03_TMO_5GNR_HW-MO_DUT_TC162-1.dml,,594,-103.490000,,,,,,,NR SA,,,,,,,,,,,,,,,,
307,1,,,-121.9331898,47.5260679,2025-12-11 22:59:25.000,_20251211_145431_CH03_TMO_5GNR_HW-MO_DUT_TC162-1.dml,,,,,,,,,,NR SA,,,,,,,,,,,,,,,,
308,1,,,-121.9331898,47.5260679,2025-12-11 22:59:26.000,_20251211_145431_CH03_TMO_5GNR_HW-MO_DUT_TC162-1.dml,,594,-114.340000,,,,,,,NR SA,,,,,,,,,,,,,,,,
309,1,,,-121.9331898,47.5260679,2025-12-11 22:59:27.000,_20251211_145431_CH03_TMO_5GNR_HW-MO_DUT_TC162-1.dml,,594,-113.750000,,,,,,,NR SA,,,,,,,,,,,,,,,,
310,1,,,-121.9331898,47.5260679,2025-12-11 22:59:28.000,_20251211_145431_CH03_TMO_5GNR_HW-MO_DUT_TC162-1.dml,,594,-109.270000,,,,,,,NR SA,,,,,,,,,,,,,,,,
311,1,,,-121.9331898,47.5260679,2025-12-11 22:59:29.000,_20251211_145431_CH03_TMO_5GNR_HW-MO_DUT_TC162-1.dml,,594,-110.010000,,,,,,,NR SA,,,,,,,,,,,,,,,,
312,1,,,-121.9331898,47.5260679,2025-12-11 22:59:30.000,_20251211_145431_CH03_TMO_5GNR_HW-MO_DUT_TC162-1.dml,,594,-115.780000,,,,,,,NR SA,,,,,,,,,,,,,,,,
313,1,,,-121.9331898,47.5260679,2025-12-11 22:59:31.000,_20251211_145431_CH03_TMO_5GNR_HW-MO_DUT_TC162-1.dml,,594,-117.560000,,,,,,,NR SA,,,,,,,,,,,,,,,,
314,1,,,-121.9331898,47.5260679,2025-12-11 22:59:32.000,_20251211_145431_CH03_TMO_5GNR_HW-MO_DUT_TC162-1.dml,,594,-117.150000,,,,,,,NR SA,,,,,,,,,,,,,,,,
315,1,,,-121.9331898,47.5260679,2025-12-11 22:59:33.000,_20251211_145431_CH03_TMO_5GNR_HW-MO_DUT_TC162-1.dml,,594,-116.700000,,,,,,,NR SA,,,,,,,,,,,,,,,,
316,1,,,-121.9331898,47.5260679,2025-12-11 22:59:34.000,_20251211_145431_CH03_TMO_5GNR_HW-MO_DUT_TC162-1.dml,,594,-114.090000,,,,,,,NR SA,,,,,,,,,,,,,,,,
317,1,,,-121.9331898,47.5260679,2025-12-11 22:59:35.000,_20251211_145431_CH03_TMO_5GNR_HW-MO_DUT_TC162-1.dml,,594,-113.040000,,,,,,,NR SA,,,,,,,,,,,,,,,,
318,1,,,-121.9331898,47.5260679,2025-12-11 22:59:36.000,_20251211_145431_CH03_TMO_5GNR_HW-MO_DUT_TC162-1.dml,,594,-110.470000,,,,,,,NR SA,,,,,,,,,,,,,,,,
319,1,,,-121.9331898,47.5260679,2025-12-11 22:59:37.000,_20251211_145431_CH03_TMO_5GNR_HW-MO_DUT_TC162-1.dml,,594,-113.030000,,,,,,,NR SA,,,,,,,,,,,,,,,,
320,1,,,-121.9331898,47.5260679,2025-12-11 22:59:38.000,_20251211_145431_CH03_TMO_5GNR_HW-MO_DUT_TC162-1.dml,,594,-110.490000,,,,,,,NR SA,,,,,,,,,,,,,,,,
321,1,,,-121.9331898,47.5260679,2025-12-11 22:59:39.000,_20251211_145431_CH03_TMO_5GNR_HW-MO_DUT_TC162-1.dml,,594,-107.030000,,,,,,,NR SA,,,,,,,,,,,,,,,,
322,1,,,-121.9331898,47.5260679,2025-12-11 22:59:40.000,_20251211_145431_CH03_TMO_5GNR_HW-MO_DUT_TC162-1.dml,,594,-111.660000,,,,,,,NR SA,,,,,,,,,,,,,,,,
323,1,,,-121.9331898,47.5260679,2025-12-11 22:59:41.000,_20251211_145431_CH03_TMO_5GNR_HW-MO_DUT_TC162-1.dml,,594,-110.570000,,,,,,,NR SA,,,,,,,,,,,,,,,,
324,1,,,-121.9331898,47.5260679,2025-12-11 22:59:42.000,_20251211_145431_CH03_TMO_5GNR_HW-MO_DUT_TC162-1.dml,,594,-110.600000,,,,,,,NR SA,,,,,,,,,,,,,,,,
325,1,,,-121.9331898,47.5260679,2025-12-11 22:59:43.000,_20251211_145431_CH03_TMO_5GNR_HW-MO_DUT_TC162-1.dml,,594,-110.450000,,,,,,,NR SA,,,,,,,,,,,,,,,,
326,1,,,-121.9331898,47.5260679,2025-12-11 22:59:44.000,_20251211_145431_CH03_TMO_5GNR_HW-MO_DUT_TC162-1.dml,,594,-113.340000,,,,,,,NR SA,,,,,,,,,,,,,,,,
327,1,,,-121.9331898,47.5260679,2025-12-11 22:59:45.000,_20251211_145431_CH03_TMO_5GNR_HW-MO_DUT_TC162-1.dml,,594,-112.560000,,,,,,,NR SA,,,,,,,,,,,,,,,,
328,1,,,-121.9331898,47.5260679,2025-12-11 22:59:46.000,_20251211_145431_CH03_TMO_5GNR_HW-MO_DUT_TC162-1.dml,,594,-114.290000,,,,,,,NR SA,,,,,,,,,,,,,,,,
329,1,,,-121.9331898,47.5260679,2025-12-11 22:59:47.000,_20251211_145431_CH03_TMO_5GNR_HW-MO_DUT_TC162-1.dml,,594,-112.530000,,,,,,,NR SA,,,,,,,,,,,,,,,,
330,1,,,-121.9331898,47.5260679,2025-12-11 22:59:48.000,_20251211_145431_CH03_TMO_5GNR_HW-MO_DUT_TC162-1.dml,,594,-111.110000,,,,,,,NR SA,,,,,,,,,,,,,,,,
331,1,,,-121.9331898,47.5260679,2025-12-11 22:59:49.000,_20251211_145431_CH03_TMO_5GNR_HW-MO_DUT_TC162-1.dml,,594,-112.770000,,,,,,,NR SA,,,,,,,,,,,,,,,,
332,1,,,-121.9331898,47.5260679,2025-12-11 22:59:50.000,_20251211_145431_CH03_TMO_5GNR_HW-MO_DUT_TC162-1.dml,,594,-116.240000,,,,,,,NR SA,,,,,,,,,,,,,,,,
333,1,,,-121.9331898,47.5260679,2025-12-11 22:59:51.000,_20251211_145431_CH03_TMO_5GNR_HW-MO_DUT_TC162-1.dml,,594,-114.000000,,,,,,,NR SA,,,,,,,,,,,,,,,,
334,1,,,-121.9331898,47.5260679,2025-12-11 22:59:52.000,_20251211_145431_CH03_TMO_5GNR_HW-MO_DUT_TC162-1.dml,,594,-111.520000,,,,,,,NR SA,,,,,,,,,,,,,,,,
335,1,,,-121.9331898,47.5260679,2025-12-11 22:59:53.000,_20251211_145431_CH03_TMO_5GNR_HW-MO_DUT_TC162-1.dml,,594,,,,,,,,NR SA,,,,,,,,,,,,,,,,
336,1,,,-121.9331898,47.5260679,2025-12-11 22:59:54.000,_20251211_145431_CH03_TMO_5GNR_HW-MO_DUT_TC162-1.dml,,593,-120.210000,,,,,,,NR SA,,,,,,,,,,,,,,,,
337,1,,,-121.9331898,47.5260679,2025-12-11 22:59:55.000,_20251211_145431_CH03_TMO_5GNR_HW-MO_DUT_TC162-1.dml,,593,-118.480000,,,,,,,NR SA,,,,,,,,,,,,,,,,
338,1,,,-121.9331898,47.5260679,2025-12-11 22:59:56.000,_20251211_145431_CH03_TMO_5GNR_HW-MO_DUT_TC162-1.dml,,,,,,,,,,NR SA,,,,,,,,,,,,,,,,
339,1,,,-121.9331898,47.5260679,2025-12-11 22:59:57.000,_20251211_145431_CH03_TMO_5GNR_HW-MO_DUT_TC162-1.dml,,,,,,,,,,NR SA,,,,,,,,,,,,,,,,
340,1,,,-121.9331898,47.5260679,2025-12-11 22:59:58.000,_20251211_145431_CH03_TMO_5GNR_HW-MO_DUT_TC162-1.dml,,,,,,,,,,NR SA,,,,,,,,,,,,,,,,
341,1,,,-121.9331898,47.5260679,2025-12-11 22:59:59.000,_20251211_145431_CH03_TMO_5GNR_HW-MO_DUT_TC162-1.dml,,,,,,,,,,NR SA,,,,,,,,,,,,,,,,
342,1,,,-121.9331898,47.5260679,2025-12-11 23:00:00.000,_20251211_145431_CH03_TMO_5GNR_HW-MO_DUT_TC162-1.dml,,,,,,,,,,NR SA,,,,,,,,,,,,,,,,
343,1,,,-121.9331898,47.5260679,2025-12-11 23:00:01.000,_20251211_145431_CH03_TMO_5GNR_HW-MO_DUT_TC162-1.dml,,594,-112.570000,,,,,,,NR SA,,,,,,,,,,,,,,,,
344,1,,,-121.9331898,47.5260679,2025-12-11 23:00:02.000,_20251211_145431_CH03_TMO_5GNR_HW-MO_DUT_TC162-1.dml,,594,-112.580000,,,,,,,NR SA,,,,,,,,,,,,,,,,
345,1,,,-121.9331898,47.5260679,2025-12-11 23:00:03.000,_20251211_145431_CH03_TMO_5GNR_HW-MO_DUT_TC162-1.dml,,594,-110.020000,,,,,,,NR SA,,,,,,,,,,,,,,,,
346,1,,,-121.9331898,47.5260679,2025-12-11 23:00:04.000,_20251211_145431_CH03_TMO_5GNR_HW-MO_DUT_TC162-1.dml,,594,-109.860000,,,,,,,NR SA,,,,,,,,,,,,,,,,
347,1,,,-121.9331898,47.5260679,2025-12-11 23:00:05.000,_20251211_145431_CH03_TMO_5GNR_HW-MO_DUT_TC162-1.dml,,594,-110.720000,,,,,,,NR SA,,,,,,,,,,,,,,,,
348,1,,,-121.9331898,47.5260679,2025-12-11 23:00:06.000,_20251211_145431_CH03_TMO_5GNR_HW-MO_DUT_TC162-1.dml,,594,-111.480000,,,,,,,NR SA,,,,,,,,,,,,,,,,
349,1,,,-121.9331898,47.5260679,2025-12-11 23:00:07.000,_20251211_145431_CH03_TMO_5GNR_HW-MO_DUT_TC162-1.dml,,594,-111.430000,,,,,,,NR SA,,,,,,,,,,,,,,,,
350,1,,,-121.9331898,47.5260679,2025-12-11 23:00:08.000,_20251211_145431_CH03_TMO_5GNR_HW-MO_DUT_TC162-1.dml,,594,-112.420000,,,,,,,NR SA,,,,,,,,,,,,,,,,
351,1,,,-121.9331898,47.5260679,2025-12-11 23:00:09.000,_20251211_145431_CH03_TMO_5GNR_HW-MO_DUT_TC162-1.dml,,594,-109.130000,,,,,,,NR SA,,,,,,,,,,,,,,,,
352,1,,,-121.9331898,47.5260679,2025-12-11 23:00:10.000,_20251211_145431_CH03_TMO_5GNR_HW-MO_DUT_TC162-1.dml,,594,-108.690000,,,,,,,NR SA,,,,,,,,,,,,,,,,
353,1,,,-121.9331898,47.5260679,2025-12-11 23:00:11.000,_20251211_145431_CH03_TMO_5GNR_HW-MO_DUT_TC162-1.dml,,594,-106.520000,,,,,,,NR SA,,,,,,,,,,,,,,,,
354,1,,,-121.9331898,47.5260679,2025-12-11 23:00:12.000,_20251211_145431_CH03_TMO_5GNR_HW-MO_DUT_TC162-1.dml,,594,-108.790000,,,,,,,NR SA,,,,,,,,,,,,,,,,
355,1,,,-121.9331898,47.5260679,2025-12-11 23:00:13.000,_20251211_145431_CH03_TMO_5GNR_HW-MO_DUT_TC162-1.dml,,594,-113.070000,,,,,,,NR SA,,,,,,,,,,,,,,,,
356,1,,,-121.9331898,47.5260679,2025-12-11 23:00:14.000,_20251211_145431_CH03_TMO_5GNR_HW-MO_DUT_TC162-1.dml,,594,-116.670000,,,,,,,NR SA,,,,,,,,,,,,,,,,
357,1,,,-121.9331898,47.5260679,2025-12-11 23:00:15.000,_20251211_145431_CH03_TMO_5GNR_HW-MO_DUT_TC162-1.dml,,594,-115.320000,,,,,,,NR SA,,,,,,,,,,,,,,,,
358,1,,,-121.9331898,47.5260679,2025-12-11 23:00:16.000,_20251211_145431_CH03_TMO_5GNR_HW-MO_DUT_TC162-1.dml,,594,-114.010000,,,,,,,NR SA,,,,,,,,,,,,,,,,
359,1,,,-121.9331898,47.5260679,2025-12-11 23:00:17.000,_20251211_145431_CH03_TMO_5GNR_HW-MO_DUT_TC162-1.dml,,594,-109.730000,,,,,,,NR SA,,,,,,,,,,,,,,,,
360,1,,,-121.9331898,47.5260679,2025-12-11 23:00:18.000,_20251211_145431_CH03_TMO_5GNR_HW-MO_DUT_TC162-1.dml,,594,-112.240000,,,,,,,NR SA,,,,,,,,,,,,,,,,
361,1,,,-121.9331898,47.5260679,2025-12-11 23:00:19.000,_20251211_145431_CH03_TMO_5GNR_HW-MO_DUT_TC162-1.dml,,594,-109.700000,,,,,,,NR SA,,,,,,,,,,,,,,,,
362,1,,,-121.9331898,47.5260679,2025-12-11 23:00:20.000,_20251211_145431_CH03_TMO_5GNR_HW-MO_DUT_TC162-1.dml,,594,-111.150000,,,,,,,NR SA,,,,,,,,,,,,,,,,
363,1,,,-121.9331898,47.5260679,2025-12-11 23:00:21.000,_20251211_145431_CH03_TMO_5GNR_HW-MO_DUT_TC162-1.dml,,594,-110.070000,,,,,,,NR SA,,,,,,,,,,,,,,,,
364,1,,,-121.9331898,47.5260679,2025-12-11 23:00:22.000,_20251211_145431_CH03_TMO_5GNR_HW-MO_DUT_TC162-1.dml,,594,-109.190000,,,,,,,NR SA,,,,,,,,,,,,,,,,
365,1,,,-121.9331898,47.5260679,2025-12-11 23:00:23.000,_20251211_145431_CH03_TMO_5GNR_HW-MO_DUT_TC162-1.dml,,594,-108.330000,,,,,,,NR SA,,,,,,,,,,,,,,,,
366,1,,,-121.9331898,47.5260679,2025-12-11 23:00:24.000,_20251211_145431_CH03_TMO_5GNR_HW-MO_DUT_TC162-1.dml,,594,-111.570000,,,,,,,NR SA,,,,,,,,,,,,,,,,
367,1,,,-121.9331898,47.5260679,2025-12-11 23:00:25.000,_20251211_145431_CH03_TMO_5GNR_HW-MO_DUT_TC162-1.dml,,594,-112.490000,,,,,,,NR SA,,,,,,,,,,,,,,,,
368,1,,,-121.9331898,47.5260679,2025-12-11 23:00:26.000,_20251211_145431_CH03_TMO_5GNR_HW-MO_DUT_TC162-1.dml,,594,-108.970000,,,,,,,NR SA,,,,,,,,,,,,,,,,
369,1,,,-121.9331898,47.5260679,2025-12-11 23:00:27.000,_20251211_145431_CH03_TMO_5GNR_HW-MO_DUT_TC162-1.dml,,594,-110.260000,,,,,,,NR SA,,,,,,,,,,,,,,,,
370,1,,,-121.9331898,47.5260679,2025-12-11 23:00:28.000,_20251211_145431_CH03_TMO_5GNR_HW-MO_DUT_TC162-1.dml,,594,-108.960000,,,,,,,NR SA,,,,,,,,,,,,,,,,
371,1,,,-121.9331898,47.5260679,2025-12-11 23:00:29.000,_20251211_145431_CH03_TMO_5GNR_HW-MO_DUT_TC162-1.dml,,594,-111.070000,,,,,,,NR SA,,,,,,,,,,,,,,,,
372,1,,,-121.9331898,47.5260679,2025-12-11 23:00:30.000,_20251211_145431_CH03_TMO_5GNR_HW-MO_DUT_TC162-1.dml,,594,-111.340000,,,,,,,NR SA,,,,,,,,,,,,,,,,
373,1,,,-121.9331898,47.5260679,2025-12-11 23:00:31.000,_20251211_145431_CH03_TMO_5GNR_HW-MO_DUT_TC162-1.dml,,594,-113.830000,,,,,,,NR SA,,,,,,,,,,,,,,,,
374,1,,,-121.9331898,47.5260679,2025-12-11 23:00:32.000,_20251211_145431_CH03_TMO_5GNR_HW-MO_DUT_TC162-1.dml,,594,-113.320000,,,,,,,NR SA,,,,,,,,,,,,,,,,
375,1,,,-121.9331898,47.5260679,2025-12-11 23:00:33.000,_20251211_145431_CH03_TMO_5GNR_HW-MO_DUT_TC162-1.dml,,594,-112.930000,,,,,,,NR SA,,,,,,,,,,,,,,,,
376,1,,,-121.9331898,47.5260679,2025-12-11 23:00:34.000,_20251211_145431_CH03_TMO_5GNR_HW-MO_DUT_TC162-1.dml,,594,-116.380000,,,,,,,NR SA,,,,,,,,,,,,,,,,
377,1,,,-121.9331898,47.5260679,2025-12-11 23:00:35.000,_20251211_145431_CH03_TMO_5GNR_HW-MO_DUT_TC162-1.dml,,594,-117.370000,,,,,,,NR SA,,,,,,,,,,,,,,,,
378,1,,,-121.9331898,47.5260679,2025-12-11 23:00:36.000,_20251211_145431_CH03_TMO_5GNR_HW-MO_DUT_TC162-1.dml,,594,-113.670000,,,,,,,NR SA,,,,,,,,,,,,,,,,
379,1,,,-121.9331898,47.5260679,2025-12-11 23:00:37.000,_20251211_145431_CH03_TMO_5GNR_HW-MO_DUT_TC162-1.dml,,594,-114.270000,,,,,,,NR SA,,,,,,,,,,,,,,,,
380,1,,,-121.9331898,47.5260679,2025-12-11 23:00:38.000,_20251211_145431_CH03_TMO_5GNR_HW-MO_DUT_TC162-1.dml,,594,-113.020000,,,,,,,NR SA,,,,,,,,,,,,,,,,
381,1,,,-121.9331898,47.5260679,2025-12-11 23:00:39.000,_20251211_145431_CH03_TMO_5GNR_HW-MO_DUT_TC162-1.dml,,594,-114.300000,,,,,,,NR SA,,,,,,,,,,,,,,,,
382,1,,,-121.9331898,47.5260679,2025-12-11 23:00:40.000,_20251211_145431_CH03_TMO_5GNR_HW-MO_DUT_TC162-1.dml,,594,-116.520000,,,,,,,NR SA,,,,,,,,,,,,,,,,
383,1,,,-121.9331898,47.5260679,2025-12-11 23:00:41.000,_20251211_145431_CH03_TMO_5GNR_HW-MO_DUT_TC162-1.dml,,594,-117.580000,,,,,,,NR SA,,,,,,,,,,,,,,,,
384,1,,,-121.9331898,47.5260679,2025-12-11 23:00:42.000,_20251211_145431_CH03_TMO_5GNR_HW-MO_DUT_TC162-1.dml,,594,-111.710000,,,,,,,NR SA,,,,,,,,,,,,,,,,
385,1,,,-121.9331898,47.5260679,2025-12-11 23:00:43.000,_20251211_145431_CH03_TMO_5GNR_HW-MO_DUT_TC162-1.dml,,594,-109.670000,,,,,,,NR SA,,,,,,,,,,,,,,,,
386,1,,,-121.9331898,47.5260679,2025-12-11 23:00:44.000,_20251211_145431_CH03_TMO_5GNR_HW-MO_DUT_TC162-1.dml,,594,-111.150000,,,,,,,NR SA,,,,,,,,,,,,,,,,
387,1,,,-121.9331898,47.5260679,2025-12-11 23:00:45.000,_20251211_145431_CH03_TMO_5GNR_HW-MO_DUT_TC162-1.dml,,594,-109.320000,,,,,,,NR SA,,,,,,,,,,,,,,,,
388,1,,,-121.9331898,47.5260679,2025-12-11 23:00:46.000,_20251211_145431_CH03_TMO_5GNR_HW-MO_DUT_TC162-1.dml,,594,-109.290000,,,,,,,NR SA,,,,,,,,,,,,,,,,
389,1,,,-121.9331898,47.5260679,2025-12-11 23:00:47.000,_20251211_145431_CH03_TMO_5GNR_HW-MO_DUT_TC162-1.dml,,594,-112.090000,,,,,,,NR SA,,,,,,,,,,,,,,,,
390,1,,,-121.9331898,47.5260679,2025-12-11 23:00:48.000,_20251211_145431_CH03_TMO_5GNR_HW-MO_DUT_TC162-1.dml,,,,,,,,,,NR SA,,,,,,,,,,,,,,,,
391,1,,,-121.9331898,47.5260679,2025-12-11 23:00:49.000,_20251211_145431_CH03_TMO_5GNR_HW-MO_DUT_TC162-1.dml,,594,-108.440000,,,,,,,NR SA,,,,,,,,,,,,,,,,
392,1,,,-121.9331898,47.5260679,2025-12-11 23:00:50.000,_20251211_145431_CH03_TMO_5GNR_HW-MO_DUT_TC162-1.dml,,594,-107.970000,,,,,,,NR SA,,,,,,,,,,,,,,,,
393,1,,,-121.9331898,47.5260679,2025-12-11 23:00:51.000,_20251211_145431_CH03_TMO_5GNR_HW-MO_DUT_TC162-1.dml,,594,-107.200000,,,,,,,NR SA,,,,,,,,,,,,,,,,
394,1,,,-121.9331898,47.5260679,2025-12-11 23:00:52.000,_20251211_145431_CH03_TMO_5GNR_HW-MO_DUT_TC162-1.dml,,,,,,,,,,NR SA,,,,,,,,,,,,,,,,
395,1,,,-121.9331898,47.5260679,2025-12-11 23:00:53.000,_20251211_145431_CH03_TMO_5GNR_HW-MO_DUT_TC162-1.dml,,594,-111.700000,,,,,,,NR SA,,,,,,,,,,,,,,,,
396,1,,,-121.9331898,47.5260679,2025-12-11 23:00:54.000,_20251211_145431_CH03_TMO_5GNR_HW-MO_DUT_TC162-1.dml,,594,-112.570000,,,,,,,NR SA,,,,,,,,,,,,,,,,
397,1,,,-121.9331898,47.5260679,2025-12-11 23:00:55.000,_20251211_145431_CH03_TMO_5GNR_HW-MO_DUT_TC162-1.dml,,594,-112.060000,,,,,,,NR SA,,,,,,,,,,,,,,,,
398,1,,,-121.9331898,47.5260679,2025-12-11 23:00:56.000,_20251211_145431_CH03_TMO_5GNR_HW-MO_DUT_TC162-1.dml,,594,-111.390000,,,,,,,NR SA,,,,,,,,,,,,,,,,
399,1,,,-121.9331898,47.5260679,2025-12-11 23:00:57.000,_20251211_145431_CH03_TMO_5GNR_HW-MO_DUT_TC162-1.dml,,,,,,,,,,NR SA,,,,,,,,,,,,,,,,
400,1,,,-121.9331898,47.5260679,2025-12-11 23:00:58.000,_20251211_145431_CH03_TMO_5GNR_HW-MO_DUT_TC162-1.dml,,594,-112.140000,,,,,,,NR SA,,,,,,,,,,,,,,,,
401,1,,,-121.9331898,47.5260679,2025-12-11 23:00:59.000,_20251211_145431_CH03_TMO_5GNR_HW-MO_DUT_TC162-1.dml,,594,-110.450000,,,,,,,NR SA,,,,,,,,,,,,,,,,
402,1,,,-121.9331898,47.5260679,2025-12-11 23:01:00.000,_20251211_145431_CH03_TMO_5GNR_HW-MO_DUT_TC162-1.dml,,594,-115.850000,,,,,,,NR SA,,,,,,,,,,,,,,,,
403,1,,,-121.9331898,47.5260679,2025-12-11 23:01:01.000,_20251211_145431_CH03_TMO_5GNR_HW-MO_DUT_TC162-1.dml,,594,-112.680000,,,,,,,NR SA,,,,,,,,,,,,,,,,
404,1,,,-121.9331898,47.5260679,2025-12-11 23:01:02.000,_20251211_145431_CH03_TMO_5GNR_HW-MO_DUT_TC162-1.dml,,,,,,,,,,NR SA,,,,,,,,,,,,,,,,
405,1,,,-121.9331898,47.5260679,2025-12-11 23:01:03.000,_20251211_145431_CH03_TMO_5GNR_HW-MO_DUT_TC162-1.dml,,594,-114.030000,,,,,,,NR SA,,,,,,,,,,,,,,,,
406,1,,,-121.9331898,47.5260679,2025-12-11 23:01:04.000,_20251211_145431_CH03_TMO_5GNR_HW-MO_DUT_TC162-1.dml,,594,-122.460000,,,,,,,NR SA,,,,,,,,,,,,,,,,
407,1,,,-121.9331898,47.5260679,2025-12-11 23:01:05.000,_20251211_145431_CH03_TMO_5GNR_HW-MO_DUT_TC162-1.dml,,594,-119.740000,,,,,,,NR SA,,,,,,,,,,,,,,,,
408,1,,,-121.9331898,47.5260679,2025-12-11 23:01:06.000,_20251211_145431_CH03_TMO_5GNR_HW-MO_DUT_TC162-1.dml,,,,,,,,,,NR SA,,,,,,,,,,,,,,,,
409,1,,,-121.9331898,47.5260679,2025-12-11 23:01:07.000,_20251211_145431_CH03_TMO_5GNR_HW-MO_DUT_TC162-1.dml,,594,-119.930000,,,,,,,NR SA,,,,,,,,,,,,,,,,
410,1,,,-121.9331898,47.5260679,2025-12-11 23:01:08.000,_20251211_145431_CH03_TMO_5GNR_HW-MO_DUT_TC162-1.dml,,594,-120.170000,,,,,,,NR SA,,,,,,,,,,,,,,,,
411,1,,,-121.9331898,47.5260679,2025-12-11 23:01:09.000,_20251211_145431_CH03_TMO_5GNR_HW-MO_DUT_TC162-1.dml,,594,-121.790000,,,,,,,NR SA,,,,,,,,,,,,,,,,
412,1,,,-121.9331898,47.5260679,2025-12-11 23:01:10.000,_20251211_145431_CH03_TMO_5GNR_HW-MO_DUT_TC162-1.dml,,594,-124.860000,,,,,,,NR SA,,,,,,,,,,,,,,,,
413,1,,,-121.9331898,47.5260679,2025-12-11 23:01:11.000,_20251211_145431_CH03_TMO_5GNR_HW-MO_DUT_TC162-1.dml,,,,,,,,,,NR SA,,,,,,,,,,,,,,,,
414,1,,,-121.9331898,47.5260679,2025-12-11 23:01:12.000,_20251211_145431_CH03_TMO_5GNR_HW-MO_DUT_TC162-1.dml,,594,-125.150000,,,,,,,NR SA,,,,,,,,,,,,,,,,
415,1,,,-121.9331898,47.5260679,2025-12-11 23:01:13.000,_20251211_145431_CH03_TMO_5GNR_HW-MO_DUT_TC162-1.dml,,594,-124.950000,,,,,,,NR SA,,,,,,,,,,,,,,,,
416,1,,,-121.9331898,47.5260679,2025-12-11 23:01:14.000,_20251211_145431_CH03_TMO_5GNR_HW-MO_DUT_TC162-1.dml,,594,-118.880000,,,,,,,NR SA,,,,,,,,,,,,,,,,
417,1,,,-121.9331898,47.5260679,2025-12-11 23:01:15.000,_20251211_145431_CH03_TMO_5GNR_HW-MO_DUT_TC162-1.dml,,,,,,,,,,NR SA,,,,,,,,,,,,,,,,
418,1,,,-121.9331898,47.5260679,2025-12-11 23:01:16.000,_20251211_145431_CH03_TMO_5GNR_HW-MO_DUT_TC162-1.dml,,593,-122.850000,,,,,,,NR SA,,,,,,,,,,,,,,,,
419,1,,,-121.9331898,47.5260679,2025-12-11 23:01:17.000,_20251211_145431_CH03_TMO_5GNR_HW-MO_DUT_TC162-1.dml,,,,,,,,,,NR SA,,,,,,,,,,,,,,,,
420,1,,,-121.9331898,47.5260679,2025-12-11 23:01:18.000,_20251211_145431_CH03_TMO_5GNR_HW-MO_DUT_TC162-1.dml,,,,,,,,,,NR SA,,,,,,,,,,,,,,,,
421,1,,,-121.9331898,47.5260679,2025-12-11 23:01:19.000,_20251211_145431_CH03_TMO_5GNR_HW-MO_DUT_TC162-1.dml,,594,-115.110000,,,,,,,NR SA,,,,,,,,,,,,,,,,
422,1,,,-121.9331898,47.5260679,2025-12-11 23:01:20.000,_20251211_145431_CH03_TMO_5GNR_HW-MO_DUT_TC162-1.dml,,,,,,,,,,NR SA,,,,,,,,,,,,,,,,
423,1,,,-121.9331898,47.5260679,2025-12-11 23:01:21.000,_20251211_145431_CH03_TMO_5GNR_HW-MO_DUT_TC162-1.dml,,594,-121.620000,,,,,,,NR SA,,,,,,,,,,,,,,,,
424,1,,,-121.9331898,47.5260679,2025-12-11 23:01:22.000,_20251211_145431_CH03_TMO_5GNR_HW-MO_DUT_TC162-1.dml,,594,-124.640000,,,,,,,NR SA,,,,,,,,,,,,,,,,
425,1,,,-121.9331898,47.5260679,2025-12-11 23:01:23.000,_20251211_145431_CH03_TMO_5GNR_HW-MO_DUT_TC162-1.dml,,594,-119.840000,,,,,,,NR SA,,,,,,,,,,,,,,,,
426,1,,,-121.9331898,47.5260679,2025-12-11 23:01:24.000,_20251211_145431_CH03_TMO_5GNR_HW-MO_DUT_TC162-1.dml,,,,,,,,,,NR SA,,,,,,,,,,,,,,,,
427,1,,,-121.9331898,47.5260679,2025-12-11 23:01:25.000,_20251211_145431_CH03_TMO_5GNR_HW-MO_DUT_TC162-1.dml,,594,-121.690000,,,,,,,NR SA,,,,,,,,,,,,,,,,
428,1,,,-121.9331898,47.5260679,2025-12-11 23:01:26.000,_20251211_145431_CH03_TMO_5GNR_HW-MO_DUT_TC162-1.dml,,594,-115.860000,,,,,,,NR SA,,,,,,,,,,,,,,,,
429,1,,,-121.9331898,47.5260679,2025-12-11 23:01:27.000,_20251211_145431_CH03_TMO_5GNR_HW-MO_DUT_TC162-1.dml,,594,-114.660000,,,,,,,NR SA,,,,,,,,,,,,,,,,
430,1,,,-121.9331898,47.5260679,2025-12-11 23:01:28.000,_20251211_145431_CH03_TMO_5GNR_HW-MO_DUT_TC162-1.dml,,,,,,,,,,NR SA,,,,,,,,,,,,,,,,
431,1,,,-121.9331898,47.5260679,2025-12-11 23:01:29.000,_20251211_145431_CH03_TMO_5GNR_HW-MO_DUT_TC162-1.dml,,594,-111.080000,,,,,,,NR SA,,,,,,,,,,,,,,,,
432,1,,,-121.9331898,47.5260679,2025-12-11 23:01:30.000,_20251211_145431_CH03_TMO_5GNR_HW-MO_DUT_TC162-1.dml,,594,-112.760000,,,,,,,NR SA,,,,,,,,,,,,,,,,
433,1,,,-121.9331898,47.5260679,2025-12-11 23:01:31.000,_20251211_145431_CH03_TMO_5GNR_HW-MO_DUT_TC162-1.dml,,594,-116.690000,,,,,,,NR SA,,,,,,,,,,,,,,,,
434,1,,,-121.9331898,47.5260679,2025-12-11 23:01:32.000,_20251211_145431_CH03_TMO_5GNR_HW-MO_DUT_TC162-1.dml,,594,-117.290000,,,,,,,NR SA,,,,,,,,,,,,,,,,
435,1,,,-121.9331898,47.5260679,2025-12-11 23:01:33.000,_20251211_145431_CH03_TMO_5GNR_HW-MO_DUT_TC162-1.dml,,,,,,,,,,NR SA,,,,,,,,,,,,,,,,
436,1,,,-121.9331898,47.5260679,2025-12-11 23:01:34.000,_20251211_145431_CH03_TMO_5GNR_HW-MO_DUT_TC162-1.dml,,594,-119.520000,,,,,,,NR SA,,,,,,,,,,,,,,,,
437,1,,,-121.9331898,47.5260679,2025-12-11 23:01:35.000,_20251211_145431_CH03_TMO_5GNR_HW-MO_DUT_TC162-1.dml,,594,-122.500000,,,,,,,NR SA,,,,,,,,,,,,,,,,
438,1,,,-121.9331898,47.5260679,2025-12-11 23:01:36.000,_20251211_145431_CH03_TMO_5GNR_HW-MO_DUT_TC162-1.dml,,594,-118.380000,,,,,,,NR SA,,,,,,,,,,,,,,,,
439,1,,,-121.9331898,47.5260679,2025-12-11 23:01:37.000,_20251211_145431_CH03_TMO_5GNR_HW-MO_DUT_TC162-1.dml,,594,-116.330000,,,,,,,NR SA,,,,,,,,,,,,,,,,
440,1,,,-121.9331898,47.5260679,2025-12-11 23:01:38.000,_20251211_145431_CH03_TMO_5GNR_HW-MO_DUT_TC162-1.dml,,,,,,,,,,NR SA,,,,,,,,,,,,,,,,
441,1,,,-121.9331898,47.5260679,2025-12-11 23:01:39.000,_20251211_145431_CH03_TMO_5GNR_HW-MO_DUT_TC162-1.dml,,594,-117.090000,,,,,,,NR SA,,,,,,,,,,,,,,,,
442,1,,,-121.9331898,47.5260679,2025-12-11 23:01:40.000,_20251211_145431_CH03_TMO_5GNR_HW-MO_DUT_TC162-1.dml,,594,-115.240000,,,,,,,NR SA,,,,,,,,,,,,,,,,
443,1,,,-121.9331898,47.5260679,2025-12-11 23:01:41.000,_20251211_145431_CH03_TMO_5GNR_HW-MO_DUT_TC162-1.dml,,594,-119.160000,,,,,,,NR SA,,,,,,,,,,,,,,,,
444,1,,,-121.9331898,47.5260679,2025-12-11 23:01:42.000,_20251211_145431_CH03_TMO_5GNR_HW-MO_DUT_TC162-1.dml,,,,,,,,,,NR SA,,,,,,,,,,,,,,,,
445,1,,,-121.9331898,47.5260679,2025-12-11 23:01:43.000,_20251211_145431_CH03_TMO_5GNR_HW-MO_DUT_TC162-1.dml,,594,-114.590000,,,,,,,NR SA,,,,,,,,,,,,,,,,
446,1,,,-121.9331898,47.5260679,2025-12-11 23:01:44.000,_20251211_145431_CH03_TMO_5GNR_HW-MO_DUT_TC162-1.dml,,594,-115.130000,,,,,,,NR SA,,,,,,,,,,,,,,,,
447,1,,,-121.9331898,47.5260679,2025-12-11 23:01:45.000,_20251211_145431_CH03_TMO_5GNR_HW-MO_DUT_TC162-1.dml,,594,-113.620000,,,,,,,NR SA,,,,,,,,,,,,,,,,
448,1,,,-121.9331898,47.5260679,2025-12-11 23:01:46.000,_20251211_145431_CH03_TMO_5GNR_HW-MO_DUT_TC162-1.dml,,594,-118.080000,,,,,,,NR SA,,,,,,,,,,,,,,,,
449,1,,,-121.9331898,47.5260679,2025-12-11 23:01:47.000,_20251211_145431_CH03_TMO_5GNR_HW-MO_DUT_TC162-1.dml,,,,,,,,,,NR SA,,,,,,,,,,,,,,,,
450,1,,,-121.9331898,47.5260679,2025-12-11 23:01:48.000,_20251211_145431_CH03_TMO_5GNR_HW-MO_DUT_TC162-1.dml,,594,-115.020000,,,,,,,NR SA,,,,,,,,,,,,,,,,
451,1,,,-121.9331898,47.5260679,2025-12-11 23:01:49.000,_20251211_145431_CH03_TMO_5GNR_HW-MO_DUT_TC162-1.dml,,594,-113.090000,,,,,,,NR SA,,,,,,,,,,,,,,,,
452,1,,,-121.9331898,47.5260679,2025-12-11 23:01:50.000,_20251211_145431_CH03_TMO_5GNR_HW-MO_DUT_TC162-1.dml,,594,-117.460000,,,,,,,NR SA,,,,,,,,,,,,,,,,
453,1,,,-121.9331898,47.5260679,2025-12-11 23:01:51.000,_20251211_145431_CH03_TMO_5GNR_HW-MO_DUT_TC162-1.dml,,594,-114.320000,,,,,,,NR SA,,,,,,,,,,,,,,,,
454,1,,,-121.9331898,47.5260679,2025-12-11 23:01:52.000,_20251211_145431_CH03_TMO_5GNR_HW-MO_DUT_TC162-1.dml,,,,,,,,,,NR SA,,,,,,,,,,,,,,,,
455,1,,,-121.9331898,47.5260679,2025-12-11 23:01:53.000,_20251211_145431_CH03_TMO_5GNR_HW-MO_DUT_TC162-1.dml,,594,-115.610000,,,,,,,NR SA,,,,,,,,,,,,,,,,
456,1,,,-121.9331898,47.5260679,2025-12-11 23:01:54.000,_20251211_145431_CH03_TMO_5GNR_HW-MO_DUT_TC162-1.dml,,594,-114.030000,,,,,,,NR SA,,,,,,,,,,,,,,,,
457,1,,,-121.9331898,47.5260679,2025-12-11 23:01:55.000,_20251211_145431_CH03_TMO_5GNR_HW-MO_DUT_TC162-1.dml,,594,-111.300000,,,,,,,NR SA,,,,,,,,,,,,,,,,
458,1,,,-121.9331898,47.5260679,2025-12-11 23:01:56.000,_20251211_145431_CH03_TMO_5GNR_HW-MO_DUT_TC162-1.dml,,,,,,,,,,NR SA,,,,,,,,,,,,,,,,
459,1,,,-121.9331898,47.5260679,2025-12-11 23:01:57.000,_20251211_145431_CH03_TMO_5GNR_HW-MO_DUT_TC162-1.dml,,594,-107.290000,,,,,,,NR SA,,,,,,,,,,,,,,,,
460,1,,,-121.9331898,47.5260679,2025-12-11 23:01:58.000,_20251211_145431_CH03_TMO_5GNR_HW-MO_DUT_TC162-1.dml,,594,-113.750000,,,,,,,NR SA,,,,,,,,,,,,,,,,
461,1,,,-121.9331898,47.5260679,2025-12-11 23:01:59.000,_20251211_145431_CH03_TMO_5GNR_HW-MO_DUT_TC162-1.dml,,594,-116.510000,,,,,,,NR SA,,,,,,,,,,,,,,,,
462,1,,,-121.9331898,47.5260679,2025-12-11 23:02:00.000,_20251211_145431_CH03_TMO_5GNR_HW-MO_DUT_TC162-1.dml,,594,-109.020000,,,,,,,NR SA,,,,,,,,,,,,,,,,
463,1,,,-121.9331898,47.5260679,2025-12-11 23:02:01.000,_20251211_145431_CH03_TMO_5GNR_HW-MO_DUT_TC162-1.dml,,,,,,,,,,NR SA,,,,,,,,,,,,,,,,
464,1,,,-121.9331898,47.5260679,2025-12-11 23:02:02.000,_20251211_145431_CH03_TMO_5GNR_HW-MO_DUT_TC162-1.dml,,594,-111.380000,,,,,,,NR SA,,,,,,,,,,,,,,,,
465,1,,,-121.9331898,47.5260679,2025-12-11 23:02:03.000,_20251211_145431_CH03_TMO_5GNR_HW-MO_DUT_TC162-1.dml,,594,-110.800000,,,,,,,NR SA,,,,,,,,,,,,,,,,
466,1,,,-121.9331898,47.5260679,2025-12-11 23:02:04.000,_20251211_145431_CH03_TMO_5GNR_HW-MO_DUT_TC162-1.dml,,594,-111.450000,,,,,,,NR SA,,,,,,,,,,,,,,,,
467,1,,,-121.9331898,47.5260679,2025-12-11 23:02:05.000,_20251211_145431_CH03_TMO_5GNR_HW-MO_DUT_TC162-1.dml,,,,,,,,,,NR SA,,,,,,,,,,,,,,,,
468,1,,,-121.9331898,47.5260679,2025-12-11 23:02:06.000,_20251211_145431_CH03_TMO_5GNR_HW-MO_DUT_TC162-1.dml,,594,-119.640000,,,,,,,NR SA,,,,,,,,,,,,,,,,
469,1,,,-121.9331898,47.5260679,2025-12-11 23:02:07.000,_20251211_145431_CH03_TMO_5GNR_HW-MO_DUT_TC162-1.dml,,594,-112.020000,,,,,,,NR SA,,,,,,,,,,,,,,,,
470,1,,,-121.9331898,47.5260679,2025-12-11 23:02:08.000,_20251211_145431_CH03_TMO_5GNR_HW-MO_DUT_TC162-1.dml,,594,-109.590000,,,,,,,NR SA,,,,,,,,,,,,,,,,
471,1,,,-121.9331898,47.5260679,2025-12-11 23:02:09.000,_20251211_145431_CH03_TMO_5GNR_HW-MO_DUT_TC162-1.dml,,594,-110.410000,,,,,,,NR SA,,,,,,,,,,,,,,,,
472,1,,,-121.9331898,47.5260679,2025-12-11 23:02:09.561,_20251211_145431_CH03_TMO_5GNR_HW-MO_DUT_TC162-1.dml,,,,,,,,,,,,,UL,REGISTER,,,,,,,,,,,,
473,1,,,-121.9331898,47.5260679,2025-12-11 23:02:10.000,_20251211_145431_CH03_TMO_5GNR_HW-MO_DUT_TC162-1.dml,,594,-109.070000,,,,,,,NR SA,,,,,,,,,,,,,,,,
474,1,,,-121.9331898,47.5260679,2025-12-11 23:02:10.505,_20251211_145431_CH03_TMO_5GNR_HW-MO_DUT_TC162-1.dml,,,,,,,,,,,,,DL,,200 OK,REGISTER,,,,,,,,,,
475,1,,,-121.9331898,47.5260679,2025-12-11 23:02:10.514,_20251211_145431_CH03_TMO_5GNR_HW-MO_DUT_TC162-1.dml,,,,,,,,,,,,,DL,NOTIFY,,,,,,,,,,,,
476,1,,,-121.9331898,47.5260679,2025-12-11 23:02:10.539,_20251211_145431_CH03_TMO_5GNR_HW-MO_DUT_TC162-1.dml,,,,,,,,,,,,,UL,,200 OK,NOTIFY,,,,,,,,,,
477,1,,,-121.9331898,47.5260679,2025-12-11 23:02:11.000,_20251211_145431_CH03_TMO_5GNR_HW-MO_DUT_TC162-1.dml,,594,-108.030000,,,,,,,NR SA,,,,,,,,,,,,,,,,
478,1,,,-121.9331898,47.5260679,2025-12-11 23:02:12.000,_20251211_145431_CH03_TMO_5GNR_HW-MO_DUT_TC162-1.dml,,594,-105.140000,,,,,,,NR SA,,,,,,,,,,,,,,,,
479,1,,,-121.9331898,47.5260679,2025-12-11 23:02:13.000,_20251211_145431_CH03_TMO_5GNR_HW-MO_DUT_TC162-1.dml,,594,-107.160000,,,,,,,NR SA,,,,,,,,,,,,,,,,
480,1,,,-121.9331898,47.5260679,2025-12-11 23:02:14.000,_20251211_145431_CH03_TMO_5GNR_HW-MO_DUT_TC162-1.dml,,594,-108.340000,,,,,,,NR SA,,,,,,,,,,,,,,,,
481,1,,,-121.9331898,47.5260679,2025-12-11 23:02:15.000,_20251211_145431_CH03_TMO_5GNR_HW-MO_DUT_TC162-1.dml,,594,-105.730000,,,,,,,NR SA,,,,,,,,,,,,,,,,
482,1,,,-121.9331898,47.5260679,2025-12-11 23:02:16.000,_20251211_145431_CH03_TMO_5GNR_HW-MO_DUT_TC162-1.dml,,594,-104.230000,,,,,,,NR SA,,,,,,,,,,,,,,,,
483,1,,,-121.9331898,47.5260679,2025-12-11 23:02:17.000,_20251211_145431_CH03_TMO_5GNR_HW-MO_DUT_TC162-1.dml,,594,-104.240000,,,,,,,NR SA,,,,,,,,,,,,,,,,
484,1,,,-121.9331898,47.5260679,2025-12-11 23:02:18.000,_20251211_145431_CH03_TMO_5GNR_HW-MO_DUT_TC162-1.dml,,594,-106.170000,,,,,,,NR SA,,,,,,,,,,,,,,,,
485,1,,,-121.9331898,47.5260679,2025-12-11 23:02:19.000,_20251211_145431_CH03_TMO_5GNR_HW-MO_DUT_TC162-1.dml,,594,-108.710000,,,,,,,NR SA,,,,,,,,,,,,,,,,
486,1,,,-121.9331898,47.5260679,2025-12-11 23:02:20.000,_20251211_145431_CH03_TMO_5GNR_HW-MO_DUT_TC162-1.dml,,594,-109.250000,,,,,,,NR SA,,,,,,,,,,,,,,,,
487,1,,,-121.9331898,47.5260679,2025-12-11 23:02:21.000,_20251211_145431_CH03_TMO_5GNR_HW-MO_DUT_TC162-1.dml,,594,-105.350000,,,,,,,NR SA,,,,,,,,,,,,,,,,
488,1,,,-121.9331898,47.5260679,2025-12-11 23:02:22.000,_20251211_145431_CH03_TMO_5GNR_HW-MO_DUT_TC162-1.dml,,594,-105.300000,,,,,,,NR SA,,,,,,,,,,,,,,,,
489,1,,,-121.9331898,47.5260679,2025-12-11 23:02:23.000,_20251211_145431_CH03_TMO_5GNR_HW-MO_DUT_TC162-1.dml,,594,-104.520000,,,,,,,NR SA,,,,,,,,,,,,,,,,
490,1,,,-121.9331898,47.5260679,2025-12-11 23:02:24.000,_20251211_145431_CH03_TMO_5GNR_HW-MO_DUT_TC162-1.dml,,594,-104.270000,,,,,,,NR SA,,,,,,,,,,,,,,,,
491,1,,,-121.9331898,47.5260679,2025-12-11 23:02:25.000,_20251211_145431_CH03_TMO_5GNR_HW-MO_DUT_TC162-1.dml,,594,-102.460000,,,,,,,NR SA,,,,,,,,,,,,,,,,
492,1,,,-121.9331898,47.5260679,2025-12-11 23:02:26.000,_20251211_145431_CH03_TMO_5GNR_HW-MO_DUT_TC162-1.dml,,594,-100.580000,,,,,,,NR SA,,,,,,,,,,,,,,,,
493,1,,,-121.9331898,47.5260679,2025-12-11 23:02:27.000,_20251211_145431_CH03_TMO_5GNR_HW-MO_DUT_TC162-1.dml,,594,-99.710000,,,,,,,NR SA,,,,,,,,,,,,,,,,
494,1,,,-121.9331898,47.5260679,2025-12-11 23:02:28.000,_20251211_145431_CH03_TMO_5GNR_HW-MO_DUT_TC162-1.dml,,594,-99.820000,,,,,,,NR SA,,,,,,,,,,,,,,,,
495,1,,,-121.9331898,47.5260679,2025-12-11 23:02:29.000,_20251211_145431_CH03_TMO_5GNR_HW-MO_DUT_TC162-1.dml,,594,-97.290000,,,,,,,NR SA,,,,,,,,,,,,,,,,
496,1,,,-121.9331898,47.5260679,2025-12-11 23:02:30.000,_20251211_145431_CH03_TMO_5GNR_HW-MO_DUT_TC162-1.dml,,594,-98.250000,,,,,,,NR SA,,,,,,,,,,,,,,,,
497,1,,,-121.9331898,47.5260679,2025-12-11 23:02:31.000,_20251211_145431_CH03_TMO_5GNR_HW-MO_DUT_TC162-1.dml,,594,-98.980000,,,,,,,NR SA,,,,,,,,,,,,,,,,
498,1,,,-121.9331898,47.5260679,2025-12-11 23:02:32.000,_20251211_145431_CH03_TMO_5GNR_HW-MO_DUT_TC162-1.dml,,594,-100.390000,,,,,,,NR SA,,,,,,,,,,,,,,,,
499,1,,,-121.9331898,47.5260679,2025-12-11 23:02:33.000,_20251211_145431_CH03_TMO_5GNR_HW-MO_DUT_TC162-1.dml,,594,-97.590000,,,,,,,NR SA,,,,,,,,,,,,,,,,
500,1,,,-121.9331898,47.5260679,2025-12-11 23:02:34.000,_20251211_145431_CH03_TMO_5GNR_HW-MO_DUT_TC162-1.dml,,594,-95.330000,,,,,,,NR SA,,,,,,,,,,,,,,,,
501,1,,,-121.9331898,47.5260679,2025-12-11 23:02:35.000,_20251211_145431_CH03_TMO_5GNR_HW-MO_DUT_TC162-1.dml,,594,-95.150000,,,,,,,NR SA,,,,,,,,,,,,,,,,
502,1,,,-121.9331898,47.5260679,2025-12-11 23:02:36.000,_20251211_145431_CH03_TMO_5GNR_HW-MO_DUT_TC162-1.dml,,594,-95.580000,,,,,,,NR SA,,,,,,,,,,,,,,,,
503,1,,,-121.9331898,47.5260679,2025-12-11 23:02:37.000,_20251211_145431_CH03_TMO_5GNR_HW-MO_DUT_TC162-1.dml,,594,-94.960000,,,,,,,NR SA,,,,,,,,,,,,,,,,
504,1,,,-121.9331898,47.5260679,2025-12-11 23:02:38.000,_20251211_145431_CH03_TMO_5GNR_HW-MO_DUT_TC162-1.dml,,594,-98.010000,,,,,,,NR SA,,,,,,,,,,,,,,,,
505,1,,,-121.9331898,47.5260679,2025-12-11 23:02:39.000,_20251211_145431_CH03_TMO_5GNR_HW-MO_DUT_TC162-1.dml,,594,-99.550000,,,,,,,NR SA,,,,,,,,,,,,,,,,
506,1,,,-121.9331898,47.5260679,2025-12-11 23:02:40.000,_20251211_145431_CH03_TMO_5GNR_HW-MO_DUT_TC162-1.dml,,594,-98.160000,,,,,,,NR SA,,,,,,,,,,,,,,,,
507,1,,,-121.9331898,47.5260679,2025-12-11 23:02:41.000,_20251211_145431_CH03_TMO_5GNR_HW-MO_DUT_TC162-1.dml,,594,-100.200000,,,,,,,NR SA,,,,,,,,,,,,,,,,
508,1,,,-121.9331898,47.5260679,2025-12-11 23:02:42.000,_20251211_145431_CH03_TMO_5GNR_HW-MO_DUT_TC162-1.dml,,594,-100.430000,,,,,,,NR SA,,,,,,,,,,,,,,,,
509,1,,,-121.9331898,47.5260679,2025-12-11 23:02:43.000,_20251211_145431_CH03_TMO_5GNR_HW-MO_DUT_TC162-1.dml,,594,-98.620000,,,,,,,NR SA,,,,,,,,,,,,,,,,
510,1,,,-121.9331898,47.5260679,2025-12-11 23:02:44.000,_20251211_145431_CH03_TMO_5GNR_HW-MO_DUT_TC162-1.dml,,594,-94.050000,,,,,,,NR SA,,,,,,,,,,,,,,,,
511,1,,,-121.9331898,47.5260679,2025-12-11 23:02:45.000,_20251211_145431_CH03_TMO_5GNR_HW-MO_DUT_TC162-1.dml,,594,-93.280000,,,,,,,NR SA,,,,,,,,,,,,,,,,
512,1,,,-121.9331898,47.5260679,2025-12-11 23:02:46.000,_20251211_145431_CH03_TMO_5GNR_HW-MO_DUT_TC162-1.dml,,594,-93.390000,,,,,,,NR SA,,,,,,,,,,,,,,,,
513,1,,,-121.9331898,47.5260679,2025-12-11 23:02:47.000,_20251211_145431_CH03_TMO_5GNR_HW-MO_DUT_TC162-1.dml,,594,-96.640000,,,,,,,NR SA,,,,,,,,,,,,,,,,
514,1,,,-121.9331898,47.5260679,2025-12-11 23:02:48.000,_20251211_145431_CH03_TMO_5GNR_HW-MO_DUT_TC162-1.dml,,594,-99.160000,,,,,,,NR SA,,,,,,,,,,,,,,,,
515,1,,,-121.9331898,47.5260679,2025-12-11 23:02:49.000,_20251211_145431_CH03_TMO_5GNR_HW-MO_DUT_TC162-1.dml,,594,-97.910000,,,,,,,NR SA,,,,,,,,,,,,,,,,
516,1,,,-121.9331898,47.5260679,2025-12-11 23:02:50.000,_20251211_145431_CH03_TMO_5GNR_HW-MO_DUT_TC162-1.dml,,594,-95.530000,,,,,,,NR SA,,,,,,,,,,,,,,,,
517,1,,,-121.9331898,47.5260679,2025-12-11 23:02:51.000,_20251211_145431_CH03_TMO_5GNR_HW-MO_DUT_TC162-1.dml,,594,-94.420000,,,,,,,NR SA,,,,,,,,,,,,,,,,
518,1,,,-121.9331898,47.5260679,2025-12-11 23:02:51.243,_20251211_145431_CH03_TMO_5GNR_HW-MO_DUT_TC162-1.dml,,,,,,,,,,,,,,,,,,,,Forced stop,[Tool] Voice - Call Result : EndByUser,,,,,
519,1,,,-121.9331898,47.5260679,2025-12-11 23:02:51.243,_20251211_145431_CH03_TMO_5GNR_HW-MO_DUT_TC162-1.dml,,,,,,,,,,,,,,,,,,,,,[Tool] Voice - Call Scheduling End,,,,,
520,1,,,-121.9331898,47.5260679,2025-12-11 23:02:51.243,_20251211_145431_CH03_TMO_5GNR_HW-MO_DUT_TC162-1.dml,,,,,,,,,,,,,,,,,,,,,[Tool] Voice - Release Call Request,,,,,
521,1,,,-121.9331898,47.5260679,2025-12-11 23:02:51.243,_20251211_145431_CH03_TMO_5GNR_HW-MO_DUT_TC162-1.dml,,,,,,,,,,,,,,,,,,,,,[Tool] Voice - Release Call Request,,,,,
522,1,,,-121.9331898,47.5260679,2025-12-11 23:02:51.259,_20251211_145431_CH03_TMO_5GNR_HW-MO_DUT_TC162-1.dml,,,,,,,,,,,,,,,,,,,,,[Tool] Voice - Release Call Request,,,,,
523,1,,,-121.9331898,47.5260679,2025-12-11 23:02:51.206,_20251211_145431_CH03_TMO_5GNR_HW-MO_DUT_TC162-1.dml,,,,,,,,,,,,,,,,,,,,,[UE] 1st Tx RTP,,,,,
524,1,,,-121.9331898,47.5260679,2025-12-11 23:02:51.206,_20251211_145431_CH03_TMO_5GNR_HW-MO_DUT_TC162-1.dml,,,,,,,,,,,,,,,,,,,,,[UE] 1st Tx RTP after SIP 200Ok,,,,,
525,1,,,-121.9331898,47.5260679,2025-12-11 23:02:51.206,_20251211_145431_CH03_TMO_5GNR_HW-MO_DUT_TC162-1.dml,,,,,,,,,,,,,,,,,,,,,[UE] 1st Tx RTP after SIP ACK,,,,,
526,1,,,-121.9331898,47.5260679,2025-12-11 23:02:51.215,_20251211_145431_CH03_TMO_5GNR_HW-MO_DUT_TC162-1.dml,,,,,,,,,,,,,,,,,,,,,[UE] 1st Rx RTP,,,,,
527,1,,,-121.9331898,47.5260679,2025-12-11 23:02:51.215,_20251211_145431_CH03_TMO_5GNR_HW-MO_DUT_TC162-1.dml,,,,,,,,,,,,,,,,,,,,,[UE] 1st Rx RTP after SIP 200Ok,,,,,
528,1,,,-121.9331898,47.5260679,2025-12-11 23:02:51.215,_20251211_145431_CH03_TMO_5GNR_HW-MO_DUT_TC162-1.dml,,,,,,,,,,,,,,,,,,,,,[UE] 1st Rx RTP after SIP ACK,,,,,
529,1,,,-121.9331898,47.5260679,2025-12-11 23:02:51.215,_20251211_145431_CH03_TMO_5GNR_HW-MO_DUT_TC162-1.dml,,,,,,,,,,,,,,,,,,,,,[UE] 1st Rx RTP after First Tx RTP,,,,,
530,1,,,-121.9331898,47.5260679,2025-12-11 23:02:51.226,_20251211_145431_CH03_TMO_5GNR_HW-MO_DUT_TC162-1.dml,,,,,,,,,,,,,,,,,,,,,[UE] 1st Tx RTP after First Rx RTP,,,,,
531,1,,,-121.9331898,47.5260679,2025-12-11 23:02:51.353,_20251211_145431_CH03_TMO_5GNR_HW-MO_DUT_TC162-1.dml,,,,,,,,,,,,,UL,BYE,,,,,,,,,,,,
532,1,,,-121.9331898,47.5260679,2025-12-11 23:02:51.685,_20251211_145431_CH03_TMO_5GNR_HW-MO_DUT_TC162-1.dml,,,,,,,,,,,,,DL,,200 OK,BYE,,,,,,,,,,
