IDX,LID,CI_1,CI_2,Lon,Lat,Time,Measure,[General] Serving Network (In Traffic),[LTE] [L1] [RF] RSRP,[LTE] [L1] [RF] PCI,[Call Test] [Voice Quality] [Per Rx Clip] [RF Quality] 5G RSRP,[Call Test] [Voice Quality] [Per Rx Clip] [RF Quality] 5G SINR,[NR5G] [System] Band,[NR5G] [RF] PCI,[Call Test] [Voice Quality] [UL MOS] MOS,[Call Test] [Voice Quality] [Per Rx Clip] MOS Value,[Call Test] [Voice Quality] [Per Rx Clip] Mouth to Ear Delay (Avg)
1,1,,,-121.9331916,47.5260734,2025-12-10 23:44:57.000,_20251210_154452_CH06_TMO_5GNR_VoNR-MT_REF-2_TC150-1.dml,,,,,,25,594,,,
2,1,,,-121.9331916,47.5260734,2025-12-10 23:44:58.000,_20251210_154452_CH06_TMO_5GNR_VoNR-MT_REF-2_TC150-1.dml,,,,,,25,594,,,
3,1,,,-121.9317146,47.5237386,2025-12-10 23:44:59.000,_20251210_154452_CH06_TMO_5GNR_VoNR-MT_REF-2_TC150-1.dml,,,,,,25,594,,,
4,1,,,-121.9317146,47.5237386,2025-12-10 23:45:00.000,_20251210_154452_CH06_TMO_5GNR_VoNR-MT_REF-2_TC150-1.dml,,,,,,25,594,,,
5,1,,,-121.9317146,47.5237386,2025-12-10 23:45:01.000,_20251210_154452_CH06_TMO_5GNR_VoNR-MT_REF-2_TC150-1.dml,,,,,,25,594,,,
6,1,,,-121.9317146,47.5237386,2025-12-10 23:45:02.000,_20251210_154452_CH06_TMO_5GNR_VoNR-MT_REF-2_TC150-1.dml,,,,,,25,594,,,
7,1,,,-121.9317146,47.5237386,2025-12-10 23:45:03.000,_20251210_154452_CH06_TMO_5GNR_VoNR-MT_REF-2_TC150-1.dml,,,,,,25,594,,,
8,1,,,-121.9317146,47.5237386,2025-12-10 23:45:04.000,_20251210_154452_CH06_TMO_5GNR_VoNR-MT_REF-2_TC150-1.dml,,,,,,25,594,,,
9,1,,,-121.9317146,47.5237386,2025-12-10 23:45:05.000,_20251210_154452_CH06_TMO_5GNR_VoNR-MT_REF-2_TC150-1.dml,,,,,,25,594,,,
10,1,,,-121.9317146,47.5237386,2025-12-10 23:45:06.000,_20251210_154452_CH06_TMO_5GNR_VoNR-MT_REF-2_TC150-1.dml,,,,,,25,594,,,
11,1,,,-121.9317146,47.5237386,2025-12-10 23:45:07.000,_20251210_154452_CH06_TMO_5GNR_VoNR-MT_REF-2_TC150-1.dml,,,,,,25,594,,,
12,1,,,-121.9317146,47.5237386,2025-12-10 23:45:08.000,_20251210_154452_CH06_TMO_5GNR_VoNR-MT_REF-2_TC150-1.dml,,,,,,25,594,,,
13,1,,,-121.9317146,47.5237386,2025-12-10 23:45:09.000,_20251210_154452_CH06_TMO_5GNR_VoNR-MT_REF-2_TC150-1.dml,,,,,,25,594,,,
14,1,,,-121.9317146,47.5237386,2025-12-10 23:45:10.000,_20251210_154452_CH06_TMO_5GNR_VoNR-MT_REF-2_TC150-1.dml,,,,,,25,594,,,
15,1,,,-121.9317146,47.5237386,2025-12-10 23:45:11.000,_20251210_154452_CH06_TMO_5GNR_VoNR-MT_REF-2_TC150-1.dml,,,,,,25,594,,,
16,1,,,-121.9317146,47.5237386,2025-12-10 23:45:12.000,_20251210_154452_CH06_TMO_5GNR_VoNR-MT_REF-2_TC150-1.dml,,,,,,25,594,,,
17,1,,,-121.9317146,47.5237386,2025-12-10 23:45:13.000,_20251210_154452_CH06_TMO_5GNR_VoNR-MT_REF-2_TC150-1.dml,,,,,,25,594,,,
18,1,,,-121.9317146,47.5237386,2025-12-10 23:45:14.000,_20251210_154452_CH06_TMO_5GNR_VoNR-MT_REF-2_TC150-1.dml,,,,,,25,594,,,
19,1,,,-121.9317146,47.5237386,2025-12-10 23:45:15.000,_20251210_154452_CH06_TMO_5GNR_VoNR-MT_REF-2_TC150-1.dml,,,,,,25,594,,,
20,1,,,-121.9317146,47.5237386,2025-12-10 23:45:16.000,_20251210_154452_CH06_TMO_5GNR_VoNR-MT_REF-2_TC150-1.dml,NR SA,,,,,25,594,,,
21,1,,,-121.9317146,47.5237386,2025-12-10 23:45:17.000,_20251210_154452_CH06_TMO_5GNR_VoNR-MT_REF-2_TC150-1.dml,NR SA,,,,,25,594,,,
22,1,,,-121.9317146,47.5237386,2025-12-10 23:45:18.000,_20251210_154452_CH06_TMO_5GNR_VoNR-MT_REF-2_TC150-1.dml,NR SA,,,,,25,594,,,
23,1,,,-121.9317146,47.5237386,2025-12-10 23:45:19.000,_20251210_154452_CH06_TMO_5GNR_VoNR-MT_REF-2_TC150-1.dml,NR SA,,,,,25,594,,,
24,1,,,-121.9317146,47.5237386,2025-12-10 23:45:20.000,_20251210_154452_CH06_TMO_5GNR_VoNR-MT_REF-2_TC150-1.dml,NR SA,,,,,25,594,,,
25,1,,,-121.9317146,47.5237386,2025-12-10 23:45:21.000,_20251210_154452_CH06_TMO_5GNR_VoNR-MT_REF-2_TC150-1.dml,NR SA,,,,,25,594,,,
26,1,,,-121.9317146,47.5237386,2025-12-10 23:45:22.000,_20251210_154452_CH06_TMO_5GNR_VoNR-MT_REF-2_TC150-1.dml,NR SA,,,,,25,594,,,
27,1,,,-121.9317146,47.5237386,2025-12-10 23:45:23.000,_20251210_154452_CH06_TMO_5GNR_VoNR-MT_REF-2_TC150-1.dml,NR SA,,,,,25,594,,,
28,1,,,-121.9317146,47.5237386,2025-12-10 23:45:24.000,_20251210_154452_CH06_TMO_5GNR_VoNR-MT_REF-2_TC150-1.dml,NR SA,,,,,25,594,,,
29,1,,,-121.9317146,47.5237386,2025-12-10 23:45:25.000,_20251210_154452_CH06_TMO_5GNR_VoNR-MT_REF-2_TC150-1.dml,NR SA,,,,,25,594,,,
30,1,,,-121.9317146,47.5237386,2025-12-10 23:45:26.000,_20251210_154452_CH06_TMO_5GNR_VoNR-MT_REF-2_TC150-1.dml,NR SA,,,,,25,594,,,
31,1,,,-121.9317146,47.5237386,2025-12-10 23:45:27.000,_20251210_154452_CH06_TMO_5GNR_VoNR-MT_REF-2_TC150-1.dml,NR SA,,,,,25,594,,,
32,1,,,-121.9317146,47.5237386,2025-12-10 23:45:28.000,_20251210_154452_CH06_TMO_5GNR_VoNR-MT_REF-2_TC150-1.dml,NR SA,,,,,25,594,,,
33,1,,,-121.9317146,47.5237386,2025-12-10 23:45:29.000,_20251210_154452_CH06_TMO_5GNR_VoNR-MT_REF-2_TC150-1.dml,NR SA,,,,,25,594,,,
34,1,,,-121.9317146,47.5237386,2025-12-10 23:45:30.000,_20251210_154452_CH06_TMO_5GNR_VoNR-MT_REF-2_TC150-1.dml,NR SA,,,,,25,594,,,
35,1,,,-121.9317146,47.5237386,2025-12-10 23:45:31.000,_20251210_154452_CH06_TMO_5GNR_VoNR-MT_REF-2_TC150-1.dml,NR SA,,,,,25,594,,,
36,1,,,-121.9317146,47.5237386,2025-12-10 23:45:32.000,_20251210_154452_CH06_TMO_5GNR_VoNR-MT_REF-2_TC150-1.dml,NR SA,,,,,25,594,,,
37,1,,,-121.9317146,47.5237386,2025-12-10 23:45:32.286,_20251210_154452_CH06_TMO_5GNR_VoNR-MT_REF-2_TC150-1.dml,,,,-87.614652,,,,,2.083051,0.360969
38,1,,,-121.9317146,47.5237386,2025-12-10 23:45:33.000,_20251210_154452_CH06_TMO_5GNR_VoNR-MT_REF-2_TC150-1.dml,NR SA,,,,,25,594,,,
39,1,,,-121.9317146,47.5237386,2025-12-10 23:45:34.000,_20251210_154452_CH06_TMO_5GNR_VoNR-MT_REF-2_TC150-1.dml,NR SA,,,,,25,594,,,
40,1,,,-121.9317146,47.5237386,2025-12-10 23:45:35.000,_20251210_154452_CH06_TMO_5GNR_VoNR-MT_REF-2_TC150-1.dml,NR SA,,,,,25,594,,,
41,1,,,-121.9317146,47.5237386,2025-12-10 23:45:36.000,_20251210_154452_CH06_TMO_5GNR_VoNR-MT_REF-2_TC150-1.dml,NR SA,,,,,25,594,,,
42,1,,,-121.9317146,47.5237386,2025-12-10 23:45:37.000,_20251210_154452_CH06_TMO_5GNR_VoNR-MT_REF-2_TC150-1.dml,NR SA,,,,,25,594,,,
43,1,,,-121.9317146,47.5237386,2025-12-10 23:45:38.000,_20251210_154452_CH06_TMO_5GNR_VoNR-MT_REF-2_TC150-1.dml,NR SA,,,,,25,594,,,
44,1,,,-121.9317146,47.5237386,2025-12-10 23:45:39.000,_20251210_154452_CH06_TMO_5GNR_VoNR-MT_REF-2_TC150-1.dml,NR SA,,,,,25,594,,,
45,1,,,-121.9317146,47.5237386,2025-12-10 23:45:40.000,_20251210_154452_CH06_TMO_5GNR_VoNR-MT_REF-2_TC150-1.dml,NR SA,,,,,25,594,,,
46,1,,,-121.9317146,47.5237386,2025-12-10 23:45:41.000,_20251210_154452_CH06_TMO_5GNR_VoNR-MT_REF-2_TC150-1.dml,NR SA,,,,,25,594,,,
47,1,,,-121.9317146,47.5237386,2025-12-10 23:45:42.000,_20251210_154452_CH06_TMO_5GNR_VoNR-MT_REF-2_TC150-1.dml,NR SA,,,,,25,594,,,
48,1,,,-121.9317146,47.5237386,2025-12-10 23:45:43.000,_20251210_154452_CH06_TMO_5GNR_VoNR-MT_REF-2_TC150-1.dml,NR SA,,,,,25,594,,,
49,1,,,-121.9317146,47.5237386,2025-12-10 23:45:44.000,_20251210_154452_CH06_TMO_5GNR_VoNR-MT_REF-2_TC150-1.dml,NR SA,,,,,25,594,,,
50,1,,,-121.9317146,47.5237386,2025-12-10 23:45:45.000,_20251210_154452_CH06_TMO_5GNR_VoNR-MT_REF-2_TC150-1.dml,NR SA,,,,,25,594,,,
51,1,,,-121.9317146,47.5237386,2025-12-10 23:45:46.005,_20251210_154452_CH06_TMO_5GNR_VoNR-MT_REF-2_TC150-1.dml,,,,-94.052865,,,,,3.281462,0.339988
52,1,,,-121.9317146,47.5237386,2025-12-10 23:45:46.000,_20251210_154452_CH06_TMO_5GNR_VoNR-MT_REF-2_TC150-1.dml,NR SA,,,,,25,594,,,
53,1,,,-121.9317146,47.5237386,2025-12-10 23:45:47.000,_20251210_154452_CH06_TMO_5GNR_VoNR-MT_REF-2_TC150-1.dml,NR SA,,,,,25,594,,,
54,1,,,-121.9317146,47.5237386,2025-12-10 23:45:48.000,_20251210_154452_CH06_TMO_5GNR_VoNR-MT_REF-2_TC150-1.dml,NR SA,,,,,25,594,,,
55,1,,,-121.9317146,47.5237386,2025-12-10 23:45:49.000,_20251210_154452_CH06_TMO_5GNR_VoNR-MT_REF-2_TC150-1.dml,NR SA,,,,,25,594,,,
56,1,,,-121.9317146,47.5237386,2025-12-10 23:45:50.000,_20251210_154452_CH06_TMO_5GNR_VoNR-MT_REF-2_TC150-1.dml,NR SA,,,,,25,594,,,
57,1,,,-121.9317146,47.5237386,2025-12-10 23:45:51.000,_20251210_154452_CH06_TMO_5GNR_VoNR-MT_REF-2_TC150-1.dml,NR SA,,,,,25,594,,,
58,1,,,-121.9317146,47.5237386,2025-12-10 23:45:52.000,_20251210_154452_CH06_TMO_5GNR_VoNR-MT_REF-2_TC150-1.dml,NR SA,,,,,25,594,,,
59,1,,,-121.9317146,47.5237386,2025-12-10 23:45:53.000,_20251210_154452_CH06_TMO_5GNR_VoNR-MT_REF-2_TC150-1.dml,NR SA,,,,,25,594,,,
60,1,,,-121.9317146,47.5237386,2025-12-10 23:45:54.000,_20251210_154452_CH06_TMO_5GNR_VoNR-MT_REF-2_TC150-1.dml,NR SA,,,,,25,594,,,
61,1,,,-121.9317146,47.5237386,2025-12-10 23:45:55.000,_20251210_154452_CH06_TMO_5GNR_VoNR-MT_REF-2_TC150-1.dml,NR SA,,,,,25,594,,,
62,1,,,-121.9317146,47.5237386,2025-12-10 23:45:56.000,_20251210_154452_CH06_TMO_5GNR_VoNR-MT_REF-2_TC150-1.dml,NR SA,,,,,25,594,,,
63,1,,,-121.9317146,47.5237386,2025-12-10 23:45:57.000,_20251210_154452_CH06_TMO_5GNR_VoNR-MT_REF-2_TC150-1.dml,NR SA,,,,,25,594,,,
64,1,,,-121.9317146,47.5237386,2025-12-10 23:45:58.000,_20251210_154452_CH06_TMO_5GNR_VoNR-MT_REF-2_TC150-1.dml,NR SA,,,,,25,594,,,
65,1,,,-121.9317146,47.5237386,2025-12-10 23:45:59.000,_20251210_154452_CH06_TMO_5GNR_VoNR-MT_REF-2_TC150-1.dml,NR SA,,,,,25,594,,,
66,1,,,-121.9317146,47.5237386,2025-12-10 23:46:00.161,_20251210_154452_CH06_TMO_5GNR_VoNR-MT_REF-2_TC150-1.dml,,,,-89.494829,,,,,3.992080,0.358011
67,1,,,-121.9317146,47.5237386,2025-12-10 23:46:00.000,_20251210_154452_CH06_TMO_5GNR_VoNR-MT_REF-2_TC150-1.dml,NR SA,,,,,25,594,,,
68,1,,,-121.9317146,47.5237386,2025-12-10 23:46:01.000,_20251210_154452_CH06_TMO_5GNR_VoNR-MT_REF-2_TC150-1.dml,NR SA,,,,,25,594,,,
69,1,,,-121.9317146,47.5237386,2025-12-10 23:46:02.000,_20251210_154452_CH06_TMO_5GNR_VoNR-MT_REF-2_TC150-1.dml,NR SA,,,,,25,594,,,
70,1,,,-121.9317146,47.5237386,2025-12-10 23:46:03.000,_20251210_154452_CH06_TMO_5GNR_VoNR-MT_REF-2_TC150-1.dml,NR SA,,,,,25,594,,,
71,1,,,-121.9317146,47.5237386,2025-12-10 23:46:04.000,_20251210_154452_CH06_TMO_5GNR_VoNR-MT_REF-2_TC150-1.dml,NR SA,,,,,25,594,,,
72,1,,,-121.9317146,47.5237386,2025-12-10 23:46:05.000,_20251210_154452_CH06_TMO_5GNR_VoNR-MT_REF-2_TC150-1.dml,NR SA,,,,,25,594,,,
73,1,,,-121.9317146,47.5237386,2025-12-10 23:46:06.000,_20251210_154452_CH06_TMO_5GNR_VoNR-MT_REF-2_TC150-1.dml,NR SA,,,,,25,594,,,
74,1,,,-121.9317146,47.5237386,2025-12-10 23:46:07.000,_20251210_154452_CH06_TMO_5GNR_VoNR-MT_REF-2_TC150-1.dml,NR SA,,,,,25,594,,,
75,1,,,-121.9317146,47.5237386,2025-12-10 23:46:08.000,_20251210_154452_CH06_TMO_5GNR_VoNR-MT_REF-2_TC150-1.dml,NR SA,,,,,25,594,,,
76,1,,,-121.9317146,47.5237386,2025-12-10 23:46:09.000,_20251210_154452_CH06_TMO_5GNR_VoNR-MT_REF-2_TC150-1.dml,NR SA,,,,,25,594,,,
77,1,,,-121.9317146,47.5237386,2025-12-10 23:46:10.000,_20251210_154452_CH06_TMO_5GNR_VoNR-MT_REF-2_TC150-1.dml,NR SA,,,,,25,594,,,
78,1,,,-121.9317146,47.5237386,2025-12-10 23:46:11.000,_20251210_154452_CH06_TMO_5GNR_VoNR-MT_REF-2_TC150-1.dml,NR SA,,,,,25,594,,,
79,1,,,-121.9317146,47.5237386,2025-12-10 23:46:12.000,_20251210_154452_CH06_TMO_5GNR_VoNR-MT_REF-2_TC150-1.dml,NR SA,,,,,25,594,,,
80,1,,,-121.9317146,47.5237386,2025-12-10 23:46:13.000,_20251210_154452_CH06_TMO_5GNR_VoNR-MT_REF-2_TC150-1.dml,NR SA,,,,,25,594,,,
81,1,,,-121.9317146,47.5237386,2025-12-10 23:46:14.145,_20251210_154452_CH06_TMO_5GNR_VoNR-MT_REF-2_TC150-1.dml,,,,-94.417996,,,,,4.016706,0.344351
82,1,,,-121.9317146,47.5237386,2025-12-10 23:46:14.000,_20251210_154452_CH06_TMO_5GNR_VoNR-MT_REF-2_TC150-1.dml,NR SA,,,,,25,594,,,
83,1,,,-121.9317146,47.5237386,2025-12-10 23:46:15.000,_20251210_154452_CH06_TMO_5GNR_VoNR-MT_REF-2_TC150-1.dml,NR SA,,,,,25,594,,,
84,1,,,-121.9317146,47.5237386,2025-12-10 23:46:16.000,_20251210_154452_CH06_TMO_5GNR_VoNR-MT_REF-2_TC150-1.dml,NR SA,,,,,25,594,,,
85,1,,,-121.9317146,47.5237386,2025-12-10 23:46:17.000,_20251210_154452_CH06_TMO_5GNR_VoNR-MT_REF-2_TC150-1.dml,NR SA,,,,,25,594,,,
86,1,,,-121.9317146,47.5237386,2025-12-10 23:46:18.000,_20251210_154452_CH06_TMO_5GNR_VoNR-MT_REF-2_TC150-1.dml,NR SA,,,,,25,594,,,
87,1,,,-121.9317146,47.5237386,2025-12-10 23:46:19.000,_20251210_154452_CH06_TMO_5GNR_VoNR-MT_REF-2_TC150-1.dml,NR SA,,,,,25,594,,,
88,1,,,-121.9317146,47.5237386,2025-12-10 23:46:20.000,_20251210_154452_CH06_TMO_5GNR_VoNR-MT_REF-2_TC150-1.dml,NR SA,,,,,25,594,,,
89,1,,,-121.9317146,47.5237386,2025-12-10 23:46:21.000,_20251210_154452_CH06_TMO_5GNR_VoNR-MT_REF-2_TC150-1.dml,NR SA,,,,,25,594,,,
90,1,,,-121.9317146,47.5237386,2025-12-10 23:46:22.000,_20251210_154452_CH06_TMO_5GNR_VoNR-MT_REF-2_TC150-1.dml,NR SA,,,,,25,594,,,
91,1,,,-121.9317146,47.5237386,2025-12-10 23:46:23.000,_20251210_154452_CH06_TMO_5GNR_VoNR-MT_REF-2_TC150-1.dml,NR SA,,,,,25,594,,,
92,1,,,-121.9317146,47.5237386,2025-12-10 23:46:24.000,_20251210_154452_CH06_TMO_5GNR_VoNR-MT_REF-2_TC150-1.dml,NR SA,,,,,25,594,,,
93,1,,,-121.9317146,47.5237386,2025-12-10 23:46:25.000,_20251210_154452_CH06_TMO_5GNR_VoNR-MT_REF-2_TC150-1.dml,NR SA,,,,,25,594,,,
94,1,,,-121.9317146,47.5237386,2025-12-10 23:46:26.000,_20251210_154452_CH06_TMO_5GNR_VoNR-MT_REF-2_TC150-1.dml,NR SA,,,,,25,594,,,
95,1,,,-121.9317146,47.5237386,2025-12-10 23:46:27.000,_20251210_154452_CH06_TMO_5GNR_VoNR-MT_REF-2_TC150-1.dml,NR SA,,,,,25,594,,,
96,1,,,-121.9317146,47.5237386,2025-12-10 23:46:28.115,_20251210_154452_CH06_TMO_5GNR_VoNR-MT_REF-2_TC150-1.dml,,,,-92.472732,,,,,4.007504,0.359866
97,1,,,-121.9317146,47.5237386,2025-12-10 23:46:28.000,_20251210_154452_CH06_TMO_5GNR_VoNR-MT_REF-2_TC150-1.dml,NR SA,,,,,25,594,,,
98,1,,,-121.9317146,47.5237386,2025-12-10 23:46:29.000,_20251210_154452_CH06_TMO_5GNR_VoNR-MT_REF-2_TC150-1.dml,NR SA,,,,,25,594,,,
99,1,,,-121.9317146,47.5237386,2025-12-10 23:46:30.000,_20251210_154452_CH06_TMO_5GNR_VoNR-MT_REF-2_TC150-1.dml,NR SA,,,,,25,594,,,
100,1,,,-121.9317146,47.5237386,2025-12-10 23:46:31.000,_20251210_154452_CH06_TMO_5GNR_VoNR-MT_REF-2_TC150-1.dml,NR SA,,,,,25,594,,,
101,1,,,-121.9317146,47.5237386,2025-12-10 23:46:32.000,_20251210_154452_CH06_TMO_5GNR_VoNR-MT_REF-2_TC150-1.dml,NR SA,,,,,25,594,,,
102,1,,,-121.9317146,47.5237386,2025-12-10 23:46:33.000,_20251210_154452_CH06_TMO_5GNR_VoNR-MT_REF-2_TC150-1.dml,NR SA,,,,,25,594,,,
103,1,,,-121.9317146,47.5237386,2025-12-10 23:46:34.000,_20251210_154452_CH06_TMO_5GNR_VoNR-MT_REF-2_TC150-1.dml,NR SA,,,,,25,594,,,
104,1,,,-121.9317146,47.5237386,2025-12-10 23:46:35.000,_20251210_154452_CH06_TMO_5GNR_VoNR-MT_REF-2_TC150-1.dml,NR SA,,,,,25,594,,,
105,1,,,-121.9317146,47.5237386,2025-12-10 23:46:36.000,_20251210_154452_CH06_TMO_5GNR_VoNR-MT_REF-2_TC150-1.dml,NR SA,,,,,25,594,,,
106,1,,,-121.9317146,47.5237386,2025-12-10 23:46:37.000,_20251210_154452_CH06_TMO_5GNR_VoNR-MT_REF-2_TC150-1.dml,NR SA,,,,,25,594,,,
107,1,,,-121.9317146,47.5237386,2025-12-10 23:46:38.000,_20251210_154452_CH06_TMO_5GNR_VoNR-MT_REF-2_TC150-1.dml,NR SA,,,,,25,594,,,
108,1,,,-121.9317146,47.5237386,2025-12-10 23:46:39.000,_20251210_154452_CH06_TMO_5GNR_VoNR-MT_REF-2_TC150-1.dml,NR SA,,,,,25,594,,,
109,1,,,-121.9317146,47.5237386,2025-12-10 23:46:40.000,_20251210_154452_CH06_TMO_5GNR_VoNR-MT_REF-2_TC150-1.dml,NR SA,,,,,25,594,,,
110,1,,,-121.9317146,47.5237386,2025-12-10 23:46:41.000,_20251210_154452_CH06_TMO_5GNR_VoNR-MT_REF-2_TC150-1.dml,NR SA,,,,,25,594,,,
111,1,,,-121.9317146,47.5237386,2025-12-10 23:46:42.000,_20251210_154452_CH06_TMO_5GNR_VoNR-MT_REF-2_TC150-1.dml,NR SA,,,,,25,594,,,
112,1,,,-121.9317146,47.5237386,2025-12-10 23:46:42.692,_20251210_154452_CH06_TMO_5GNR_VoNR-MT_REF-2_TC150-1.dml,,,,-94.906174,,,,,4.105846,0.351695
113,1,,,-121.9317146,47.5237386,2025-12-10 23:46:43.000,_20251210_154452_CH06_TMO_5GNR_VoNR-MT_REF-2_TC150-1.dml,NR SA,,,,,25,594,,,
114,1,,,-121.9317146,47.5237386,2025-12-10 23:46:44.000,_20251210_154452_CH06_TMO_5GNR_VoNR-MT_REF-2_TC150-1.dml,NR SA,,,,,25,594,,,
115,1,,,-121.9317146,47.5237386,2025-12-10 23:46:45.000,_20251210_154452_CH06_TMO_5GNR_VoNR-MT_REF-2_TC150-1.dml,NR SA,,,,,25,594,,,
116,1,,,-121.9317146,47.5237386,2025-12-10 23:46:46.000,_20251210_154452_CH06_TMO_5GNR_VoNR-MT_REF-2_TC150-1.dml,NR SA,,,,,25,594,,,
117,1,,,-121.9317146,47.5237386,2025-12-10 23:46:47.000,_20251210_154452_CH06_TMO_5GNR_VoNR-MT_REF-2_TC150-1.dml,,,,,,25,594,,,
118,1,,,-121.9317146,47.5237386,2025-12-10 23:46:48.000,_20251210_154452_CH06_TMO_5GNR_VoNR-MT_REF-2_TC150-1.dml,,,,,,25,594,,,
119,1,,,-121.9317146,47.5237386,2025-12-10 23:46:49.000,_20251210_154452_CH06_TMO_5GNR_VoNR-MT_REF-2_TC150-1.dml,,,,,,25,594,,,
120,1,,,-121.9317146,47.5237386,2025-12-10 23:46:50.000,_20251210_154452_CH06_TMO_5GNR_VoNR-MT_REF-2_TC150-1.dml,,,,,,25,594,,,
121,1,,,-121.9317146,47.5237386,2025-12-10 23:46:51.000,_20251210_154452_CH06_TMO_5GNR_VoNR-MT_REF-2_TC150-1.dml,,,,,,25,594,,,
122,1,,,-121.9317146,47.5237386,2025-12-10 23:46:52.000,_20251210_154452_CH06_TMO_5GNR_VoNR-MT_REF-2_TC150-1.dml,,,,,,25,594,,,
123,1,,,-121.9317146,47.5237386,2025-12-10 23:46:53.000,_20251210_154452_CH06_TMO_5GNR_VoNR-MT_REF-2_TC150-1.dml,,,,,,25,594,,,
124,1,,,-121.9317146,47.5237386,2025-12-10 23:46:54.000,_20251210_154452_CH06_TMO_5GNR_VoNR-MT_REF-2_TC150-1.dml,,,,,,25,594,,,
125,1,,,-121.9317146,47.5237386,2025-12-10 23:46:55.000,_20251210_154452_CH06_TMO_5GNR_VoNR-MT_REF-2_TC150-1.dml,,,,,,25,594,,,
126,1,,,-121.9317146,47.5237386,2025-12-10 23:46:56.000,_20251210_154452_CH06_TMO_5GNR_VoNR-MT_REF-2_TC150-1.dml,,,,,,25,594,,,
127,1,,,-121.9317146,47.5237386,2025-12-10 23:46:57.000,_20251210_154452_CH06_TMO_5GNR_VoNR-MT_REF-2_TC150-1.dml,,,,,,25,594,,,
128,1,,,-121.9317146,47.5237386,2025-12-10 23:46:58.000,_20251210_154452_CH06_TMO_5GNR_VoNR-MT_REF-2_TC150-1.dml,,,,,,25,594,,,
129,1,,,-121.9317146,47.5237386,2025-12-10 23:46:59.000,_20251210_154452_CH06_TMO_5GNR_VoNR-MT_REF-2_TC150-1.dml,,,,,,25,594,,,
130,1,,,-121.9317146,47.5237386,2025-12-10 23:47:00.000,_20251210_154452_CH06_TMO_5GNR_VoNR-MT_REF-2_TC150-1.dml,,,,,,25,594,,,
131,1,,,-121.9317146,47.5237386,2025-12-10 23:47:01.000,_20251210_154452_CH06_TMO_5GNR_VoNR-MT_REF-2_TC150-1.dml,,,,,,25,594,,,
132,1,,,-121.9317146,47.5237386,2025-12-10 23:47:02.000,_20251210_154452_CH06_TMO_5GNR_VoNR-MT_REF-2_TC150-1.dml,,,,,,25,594,,,
133,1,,,-121.9317146,47.5237386,2025-12-10 23:47:03.000,_20251210_154452_CH06_TMO_5GNR_VoNR-MT_REF-2_TC150-1.dml,,,,,,25,594,,,
134,1,,,-121.9317146,47.5237386,2025-12-10 23:47:04.000,_20251210_154452_CH06_TMO_5GNR_VoNR-MT_REF-2_TC150-1.dml,,,,,,25,594,,,
135,1,,,-121.9317146,47.5237386,2025-12-10 23:47:05.000,_20251210_154452_CH06_TMO_5GNR_VoNR-MT_REF-2_TC150-1.dml,,,,,,25,594,,,
136,1,,,-121.9317146,47.5237386,2025-12-10 23:47:06.000,_20251210_154452_CH06_TMO_5GNR_VoNR-MT_REF-2_TC150-1.dml,,,,,,25,594,,,
137,1,,,-121.9317146,47.5237386,2025-12-10 23:47:07.000,_20251210_154452_CH06_TMO_5GNR_VoNR-MT_REF-2_TC150-1.dml,,,,,,,,,,
138,1,,,-121.9317146,47.5237386,2025-12-10 23:47:08.000,_20251210_154452_CH06_TMO_5GNR_VoNR-MT_REF-2_TC150-1.dml,,,,,,25,594,,,
139,1,,,-121.9317146,47.5237386,2025-12-10 23:47:09.000,_20251210_154452_CH06_TMO_5GNR_VoNR-MT_REF-2_TC150-1.dml,,,,,,25,594,,,
140,1,,,-121.9317146,47.5237386,2025-12-10 23:47:10.000,_20251210_154452_CH06_TMO_5GNR_VoNR-MT_REF-2_TC150-1.dml,,,,,,25,594,,,
141,1,,,-121.9317146,47.5237386,2025-12-10 23:47:11.000,_20251210_154452_CH06_TMO_5GNR_VoNR-MT_REF-2_TC150-1.dml,,,,,,,,,,
142,1,,,-121.9317146,47.5237386,2025-12-10 23:47:12.000,_20251210_154452_CH06_TMO_5GNR_VoNR-MT_REF-2_TC150-1.dml,,,,,,25,594,,,
143,1,,,-121.9317146,47.5237386,2025-12-10 23:47:13.000,_20251210_154452_CH06_TMO_5GNR_VoNR-MT_REF-2_TC150-1.dml,,,,,,25,594,,,
144,1,,,-121.9317146,47.5237386,2025-12-10 23:47:14.000,_20251210_154452_CH06_TMO_5GNR_VoNR-MT_REF-2_TC150-1.dml,,,,,,25,594,,,
145,1,,,-121.9317146,47.5237386,2025-12-10 23:47:15.000,_20251210_154452_CH06_TMO_5GNR_VoNR-MT_REF-2_TC150-1.dml,,,,,,25,594,,,
146,1,,,-121.9317146,47.5237386,2025-12-10 23:47:16.000,_20251210_154452_CH06_TMO_5GNR_VoNR-MT_REF-2_TC150-1.dml,,,,,,,,,,
147,1,,,-121.9317146,47.5237386,2025-12-10 23:47:17.000,_20251210_154452_CH06_TMO_5GNR_VoNR-MT_REF-2_TC150-1.dml,,,,,,25,594,,,
148,1,,,-121.9317146,47.5237386,2025-12-10 23:47:18.000,_20251210_154452_CH06_TMO_5GNR_VoNR-MT_REF-2_TC150-1.dml,,,,,,25,594,,,
149,1,,,-121.9317146,47.5237386,2025-12-10 23:47:19.000,_20251210_154452_CH06_TMO_5GNR_VoNR-MT_REF-2_TC150-1.dml,,,,,,25,594,,,
150,1,,,-121.9317146,47.5237386,2025-12-10 23:47:20.000,_20251210_154452_CH06_TMO_5GNR_VoNR-MT_REF-2_TC150-1.dml,,,,,,25,594,,,
151,1,,,-121.9317146,47.5237386,2025-12-10 23:47:21.000,_20251210_154452_CH06_TMO_5GNR_VoNR-MT_REF-2_TC150-1.dml,,,,,,,,,,
152,1,,,-121.9317146,47.5237386,2025-12-10 23:47:22.000,_20251210_154452_CH06_TMO_5GNR_VoNR-MT_REF-2_TC150-1.dml,,,,,,25,594,,,
153,1,,,-121.9317146,47.5237386,2025-12-10 23:47:23.000,_20251210_154452_CH06_TMO_5GNR_VoNR-MT_REF-2_TC150-1.dml,,,,,,25,594,,,
154,1,,,-121.9317146,47.5237386,2025-12-10 23:47:24.000,_20251210_154452_CH06_TMO_5GNR_VoNR-MT_REF-2_TC150-1.dml,,,,,,25,594,,,
155,1,,,-121.9317146,47.5237386,2025-12-10 23:47:25.000,_20251210_154452_CH06_TMO_5GNR_VoNR-MT_REF-2_TC150-1.dml,,,,,,,,,,
156,1,,,-121.9317146,47.5237386,2025-12-10 23:47:26.000,_20251210_154452_CH06_TMO_5GNR_VoNR-MT_REF-2_TC150-1.dml,,,,,,25,594,,,
157,1,,,-121.9317146,47.5237386,2025-12-10 23:47:27.000,_20251210_154452_CH06_TMO_5GNR_VoNR-MT_REF-2_TC150-1.dml,,,,,,25,594,,,
158,1,,,-121.9317146,47.5237386,2025-12-10 23:47:28.000,_20251210_154452_CH06_TMO_5GNR_VoNR-MT_REF-2_TC150-1.dml,,,,,,25,594,,,
159,1,,,-121.9317146,47.5237386,2025-12-10 23:47:29.000,_20251210_154452_CH06_TMO_5GNR_VoNR-MT_REF-2_TC150-1.dml,,,,,,25,594,,,
160,1,,,-121.9317146,47.5237386,2025-12-10 23:47:30.000,_20251210_154452_CH06_TMO_5GNR_VoNR-MT_REF-2_TC150-1.dml,,,,,,,,,,
161,1,,,-121.9317146,47.5237386,2025-12-10 23:47:31.000,_20251210_154452_CH06_TMO_5GNR_VoNR-MT_REF-2_TC150-1.dml,,,,,,25,594,,,
162,1,,,-121.9317146,47.5237386,2025-12-10 23:47:32.000,_20251210_154452_CH06_TMO_5GNR_VoNR-MT_REF-2_TC150-1.dml,,,,,,25,594,,,
163,1,,,-121.9317146,47.5237386,2025-12-10 23:47:33.000,_20251210_154452_CH06_TMO_5GNR_VoNR-MT_REF-2_TC150-1.dml,,,,,,25,594,,,
164,1,,,-121.9317146,47.5237386,2025-12-10 23:47:34.000,_20251210_154452_CH06_TMO_5GNR_VoNR-MT_REF-2_TC150-1.dml,,,,,,,,,,
165,1,,,-121.9317146,47.5237386,2025-12-10 23:47:35.000,_20251210_154452_CH06_TMO_5GNR_VoNR-MT_REF-2_TC150-1.dml,,,,,,25,594,,,
166,1,,,-121.9317146,47.5237386,2025-12-10 23:47:36.000,_20251210_154452_CH06_TMO_5GNR_VoNR-MT_REF-2_TC150-1.dml,,,,,,25,594,,,
167,1,,,-121.9317146,47.5237386,2025-12-10 23:47:37.000,_20251210_154452_CH06_TMO_5GNR_VoNR-MT_REF-2_TC150-1.dml,,,,,,25,594,,,
168,1,,,-121.9317146,47.5237386,2025-12-10 23:47:38.000,_20251210_154452_CH06_TMO_5GNR_VoNR-MT_REF-2_TC150-1.dml,,,,,,25,594,,,
169,1,,,-121.9317146,47.5237386,2025-12-10 23:47:39.000,_20251210_154452_CH06_TMO_5GNR_VoNR-MT_REF-2_TC150-1.dml,,,,,,25,594,,,
170,1,,,-121.9317146,47.5237386,2025-12-10 23:47:40.000,_20251210_154452_CH06_TMO_5GNR_VoNR-MT_REF-2_TC150-1.dml,,,,,,25,594,,,
171,1,,,-121.9317146,47.5237386,2025-12-10 23:47:41.000,_20251210_154452_CH06_TMO_5GNR_VoNR-MT_REF-2_TC150-1.dml,,,,,,25,594,,,
172,1,,,-121.9317146,47.5237386,2025-12-10 23:47:42.000,_20251210_154452_CH06_TMO_5GNR_VoNR-MT_REF-2_TC150-1.dml,NR SA,,,,,25,594,,,
173,1,,,-121.9317146,47.5237386,2025-12-10 23:47:43.000,_20251210_154452_CH06_TMO_5GNR_VoNR-MT_REF-2_TC150-1.dml,NR SA,,,,,25,594,,,
174,1,,,-121.9317146,47.5237386,2025-12-10 23:47:44.000,_20251210_154452_CH06_TMO_5GNR_VoNR-MT_REF-2_TC150-1.dml,NR SA,,,,,25,594,,,
175,1,,,-121.9317146,47.5237386,2025-12-10 23:47:45.000,_20251210_154452_CH06_TMO_5GNR_VoNR-MT_REF-2_TC150-1.dml,NR SA,,,,,25,594,,,
176,1,,,-121.9317146,47.5237386,2025-12-10 23:47:46.000,_20251210_154452_CH06_TMO_5GNR_VoNR-MT_REF-2_TC150-1.dml,NR SA,,,,,25,594,,,
177,1,,,-121.9317146,47.5237386,2025-12-10 23:47:47.000,_20251210_154452_CH06_TMO_5GNR_VoNR-MT_REF-2_TC150-1.dml,NR SA,,,,,25,594,,,
178,1,,,-121.9317146,47.5237386,2025-12-10 23:47:48.000,_20251210_154452_CH06_TMO_5GNR_VoNR-MT_REF-2_TC150-1.dml,NR SA,,,,,25,594,,,
179,1,,,-121.9317146,47.5237386,2025-12-10 23:47:49.000,_20251210_154452_CH06_TMO_5GNR_VoNR-MT_REF-2_TC150-1.dml,NR SA,,,,,25,594,,,
180,1,,,-121.9317146,47.5237386,2025-12-10 23:47:50.000,_20251210_154452_CH06_TMO_5GNR_VoNR-MT_REF-2_TC150-1.dml,NR SA,,,,,25,594,,,
181,1,,,-121.9317146,47.5237386,2025-12-10 23:47:51.000,_20251210_154452_CH06_TMO_5GNR_VoNR-MT_REF-2_TC150-1.dml,NR SA,,,,,25,594,,,
182,1,,,-121.9317146,47.5237386,2025-12-10 23:47:52.000,_20251210_154452_CH06_TMO_5GNR_VoNR-MT_REF-2_TC150-1.dml,NR SA,,,,,25,594,,,
183,1,,,-121.9317146,47.5237386,2025-12-10 23:47:53.000,_20251210_154452_CH06_TMO_5GNR_VoNR-MT_REF-2_TC150-1.dml,NR SA,,,,,25,594,,,
184,1,,,-121.9317146,47.5237386,2025-12-10 23:47:54.000,_20251210_154452_CH06_TMO_5GNR_VoNR-MT_REF-2_TC150-1.dml,NR SA,,,,,25,594,,,
185,1,,,-121.9317146,47.5237386,2025-12-10 23:47:55.000,_20251210_154452_CH06_TMO_5GNR_VoNR-MT_REF-2_TC150-1.dml,NR SA,,,,,25,594,,,
186,1,,,-121.9317146,47.5237386,2025-12-10 23:47:56.000,_20251210_154452_CH06_TMO_5GNR_VoNR-MT_REF-2_TC150-1.dml,NR SA,,,,,25,594,,,
187,1,,,-121.9317146,47.5237386,2025-12-10 23:47:57.000,_20251210_154452_CH06_TMO_5GNR_VoNR-MT_REF-2_TC150-1.dml,NR SA,,,,,25,594,,,
188,1,,,-121.9317146,47.5237386,2025-12-10 23:47:58.000,_20251210_154452_CH06_TMO_5GNR_VoNR-MT_REF-2_TC150-1.dml,NR SA,,,,,25,594,,,
189,1,,,-121.9317146,47.5237386,2025-12-10 23:47:58.301,_20251210_154452_CH06_TMO_5GNR_VoNR-MT_REF-2_TC150-1.dml,,,,-94.554693,,,,,1.007445,1.582434
190,1,,,-121.9317146,47.5237386,2025-12-10 23:47:59.000,_20251210_154452_CH06_TMO_5GNR_VoNR-MT_REF-2_TC150-1.dml,NR SA,,,,,25,594,,,
191,1,,,-121.9317146,47.5237386,2025-12-10 23:48:00.000,_20251210_154452_CH06_TMO_5GNR_VoNR-MT_REF-2_TC150-1.dml,NR SA,,,,,25,594,,,
192,1,,,-121.9317146,47.5237386,2025-12-10 23:48:01.000,_20251210_154452_CH06_TMO_5GNR_VoNR-MT_REF-2_TC150-1.dml,NR SA,,,,,25,594,,,
193,1,,,-121.9317146,47.5237386,2025-12-10 23:48:02.000,_20251210_154452_CH06_TMO_5GNR_VoNR-MT_REF-2_TC150-1.dml,NR SA,,,,,25,594,,,
194,1,,,-121.9317146,47.5237386,2025-12-10 23:48:03.000,_20251210_154452_CH06_TMO_5GNR_VoNR-MT_REF-2_TC150-1.dml,NR SA,,,,,25,594,,,
195,1,,,-121.9317146,47.5237386,2025-12-10 23:48:04.000,_20251210_154452_CH06_TMO_5GNR_VoNR-MT_REF-2_TC150-1.dml,NR SA,,,,,25,594,,,
196,1,,,-121.9317146,47.5237386,2025-12-10 23:48:05.000,_20251210_154452_CH06_TMO_5GNR_VoNR-MT_REF-2_TC150-1.dml,NR SA,,,,,25,594,,,
197,1,,,-121.9317146,47.5237386,2025-12-10 23:48:06.000,_20251210_154452_CH06_TMO_5GNR_VoNR-MT_REF-2_TC150-1.dml,NR SA,,,,,25,594,,,
198,1,,,-121.9317146,47.5237386,2025-12-10 23:48:07.000,_20251210_154452_CH06_TMO_5GNR_VoNR-MT_REF-2_TC150-1.dml,NR SA,,,,,25,594,,,
199,1,,,-121.9317146,47.5237386,2025-12-10 23:48:08.000,_20251210_154452_CH06_TMO_5GNR_VoNR-MT_REF-2_TC150-1.dml,NR SA,,,,,25,594,,,
200,1,,,-121.9317146,47.5237386,2025-12-10 23:48:09.000,_20251210_154452_CH06_TMO_5GNR_VoNR-MT_REF-2_TC150-1.dml,NR SA,,,,,25,594,,,
201,1,,,-121.9317146,47.5237386,2025-12-10 23:48:10.000,_20251210_154452_CH06_TMO_5GNR_VoNR-MT_REF-2_TC150-1.dml,NR SA,,,,,25,594,,,
202,1,,,-121.9317146,47.5237386,2025-12-10 23:48:11.000,_20251210_154452_CH06_TMO_5GNR_VoNR-MT_REF-2_TC150-1.dml,NR SA,,,,,25,594,,,
203,1,,,-121.9317146,47.5237386,2025-12-10 23:48:12.000,_20251210_154452_CH06_TMO_5GNR_VoNR-MT_REF-2_TC150-1.dml,NR SA,,,,,25,594,,,
204,1,,,-121.9317146,47.5237386,2025-12-10 23:48:12.365,_20251210_154452_CH06_TMO_5GNR_VoNR-MT_REF-2_TC150-1.dml,,,,-95.757811,,,,,1.132682,0.476352
205,1,,,-121.9317146,47.5237386,2025-12-10 23:48:13.000,_20251210_154452_CH06_TMO_5GNR_VoNR-MT_REF-2_TC150-1.dml,NR SA,,,,,25,594,,,
206,1,,,-121.9317146,47.5237386,2025-12-10 23:48:14.000,_20251210_154452_CH06_TMO_5GNR_VoNR-MT_REF-2_TC150-1.dml,NR SA,,,,,25,594,,,
207,1,,,-121.9317146,47.5237386,2025-12-10 23:48:15.000,_20251210_154452_CH06_TMO_5GNR_VoNR-MT_REF-2_TC150-1.dml,NR SA,,,,,25,594,,,
208,1,,,-121.9317146,47.5237386,2025-12-10 23:48:16.000,_20251210_154452_CH06_TMO_5GNR_VoNR-MT_REF-2_TC150-1.dml,NR SA,,,,,25,594,,,
209,1,,,-121.9317146,47.5237386,2025-12-10 23:48:17.000,_20251210_154452_CH06_TMO_5GNR_VoNR-MT_REF-2_TC150-1.dml,NR SA,,,,,25,594,,,
210,1,,,-121.9317146,47.5237386,2025-12-10 23:48:18.000,_20251210_154452_CH06_TMO_5GNR_VoNR-MT_REF-2_TC150-1.dml,NR SA,,,,,25,594,,,
211,1,,,-121.9317146,47.5237386,2025-12-10 23:48:19.000,_20251210_154452_CH06_TMO_5GNR_VoNR-MT_REF-2_TC150-1.dml,NR SA,,,,,25,594,,,
212,1,,,-121.9317146,47.5237386,2025-12-10 23:48:20.000,_20251210_154452_CH06_TMO_5GNR_VoNR-MT_REF-2_TC150-1.dml,NR SA,,,,,25,594,,,
213,1,,,-121.9317146,47.5237386,2025-12-10 23:48:21.000,_20251210_154452_CH06_TMO_5GNR_VoNR-MT_REF-2_TC150-1.dml,NR SA,,,,,25,594,,,
214,1,,,-121.9317146,47.5237386,2025-12-10 23:48:22.000,_20251210_154452_CH06_TMO_5GNR_VoNR-MT_REF-2_TC150-1.dml,NR SA,,,,,25,594,,,
215,1,,,-121.9317146,47.5237386,2025-12-10 23:48:23.000,_20251210_154452_CH06_TMO_5GNR_VoNR-MT_REF-2_TC150-1.dml,NR SA,,,,,25,594,,,
216,1,,,-121.9317146,47.5237386,2025-12-10 23:48:24.000,_20251210_154452_CH06_TMO_5GNR_VoNR-MT_REF-2_TC150-1.dml,NR SA,,,,,25,594,,,
217,1,,,-121.9317146,47.5237386,2025-12-10 23:48:25.000,_20251210_154452_CH06_TMO_5GNR_VoNR-MT_REF-2_TC150-1.dml,NR SA,,,,,25,594,,,
218,1,,,-121.9317146,47.5237386,2025-12-10 23:48:26.000,_20251210_154452_CH06_TMO_5GNR_VoNR-MT_REF-2_TC150-1.dml,NR SA,,,,,25,594,,,
219,1,,,-121.9317146,47.5237386,2025-12-10 23:48:26.334,_20251210_154452_CH06_TMO_5GNR_VoNR-MT_REF-2_TC150-1.dml,,,,-92.247423,,,,,1.065807,0.604733
220,1,,,-121.9317146,47.5237386,2025-12-10 23:48:27.000,_20251210_154452_CH06_TMO_5GNR_VoNR-MT_REF-2_TC150-1.dml,NR SA,,,,,25,594,,,
221,1,,,-121.9317146,47.5237386,2025-12-10 23:48:28.000,_20251210_154452_CH06_TMO_5GNR_VoNR-MT_REF-2_TC150-1.dml,NR SA,,,,,25,594,,,
222,1,,,-121.9317146,47.5237386,2025-12-10 23:48:29.000,_20251210_154452_CH06_TMO_5GNR_VoNR-MT_REF-2_TC150-1.dml,NR SA,,,,,25,594,,,
223,1,,,-121.9317146,47.5237386,2025-12-10 23:48:30.000,_20251210_154452_CH06_TMO_5GNR_VoNR-MT_REF-2_TC150-1.dml,NR SA,,,,,25,594,,,
224,1,,,-121.9317146,47.5237386,2025-12-10 23:48:31.000,_20251210_154452_CH06_TMO_5GNR_VoNR-MT_REF-2_TC150-1.dml,NR SA,,,,,25,594,,,
225,1,,,-121.9317146,47.5237386,2025-12-10 23:48:32.000,_20251210_154452_CH06_TMO_5GNR_VoNR-MT_REF-2_TC150-1.dml,NR SA,,,,,25,594,,,
226,1,,,-121.9317146,47.5237386,2025-12-10 23:48:33.000,_20251210_154452_CH06_TMO_5GNR_VoNR-MT_REF-2_TC150-1.dml,NR SA,,,,,25,594,,,
227,1,,,-121.9317146,47.5237386,2025-12-10 23:48:34.000,_20251210_154452_CH06_TMO_5GNR_VoNR-MT_REF-2_TC150-1.dml,NR SA,,,,,25,594,,,
228,1,,,-121.9317146,47.5237386,2025-12-10 23:48:35.000,_20251210_154452_CH06_TMO_5GNR_VoNR-MT_REF-2_TC150-1.dml,NR SA,,,,,25,594,,,
229,1,,,-121.9317146,47.5237386,2025-12-10 23:48:36.000,_20251210_154452_CH06_TMO_5GNR_VoNR-MT_REF-2_TC150-1.dml,NR SA,,,,,25,594,,,
230,1,,,-121.9317146,47.5237386,2025-12-10 23:48:37.000,_20251210_154452_CH06_TMO_5GNR_VoNR-MT_REF-2_TC150-1.dml,NR SA,,,,,25,594,,,
231,1,,,-121.9317146,47.5237386,2025-12-10 23:48:38.000,_20251210_154452_CH06_TMO_5GNR_VoNR-MT_REF-2_TC150-1.dml,NR SA,,,,,25,594,,,
232,1,,,-121.9317146,47.5237386,2025-12-10 23:48:39.000,_20251210_154452_CH06_TMO_5GNR_VoNR-MT_REF-2_TC150-1.dml,NR SA,,,,,25,594,,,
233,1,,,-121.9317146,47.5237386,2025-12-10 23:48:40.000,_20251210_154452_CH06_TMO_5GNR_VoNR-MT_REF-2_TC150-1.dml,NR SA,,,,,25,594,,,
234,1,,,-121.9317146,47.5237386,2025-12-10 23:48:40.209,_20251210_154452_CH06_TMO_5GNR_VoNR-MT_REF-2_TC150-1.dml,,,,-91.820706,,,,,2.795944,0.463658
235,1,,,-121.9317146,47.5237386,2025-12-10 23:48:41.000,_20251210_154452_CH06_TMO_5GNR_VoNR-MT_REF-2_TC150-1.dml,NR SA,,,,,25,594,,,
236,1,,,-121.9317146,47.5237386,2025-12-10 23:48:42.000,_20251210_154452_CH06_TMO_5GNR_VoNR-MT_REF-2_TC150-1.dml,NR SA,,,,,25,594,,,
237,1,,,-121.9317146,47.5237386,2025-12-10 23:48:43.000,_20251210_154452_CH06_TMO_5GNR_VoNR-MT_REF-2_TC150-1.dml,NR SA,,,,,25,594,,,
238,1,,,-121.9317146,47.5237386,2025-12-10 23:48:44.000,_20251210_154452_CH06_TMO_5GNR_VoNR-MT_REF-2_TC150-1.dml,NR SA,,,,,25,594,,,
239,1,,,-121.9317146,47.5237386,2025-12-10 23:48:45.000,_20251210_154452_CH06_TMO_5GNR_VoNR-MT_REF-2_TC150-1.dml,NR SA,,,,,25,594,,,
240,1,,,-121.9317146,47.5237386,2025-12-10 23:48:46.000,_20251210_154452_CH06_TMO_5GNR_VoNR-MT_REF-2_TC150-1.dml,NR SA,,,,,25,594,,,
241,1,,,-121.9317146,47.5237386,2025-12-10 23:48:47.000,_20251210_154452_CH06_TMO_5GNR_VoNR-MT_REF-2_TC150-1.dml,NR SA,,,,,25,594,,,
242,1,,,-121.9317146,47.5237386,2025-12-10 23:48:48.000,_20251210_154452_CH06_TMO_5GNR_VoNR-MT_REF-2_TC150-1.dml,NR SA,,,,,25,594,,,
243,1,,,-121.9317146,47.5237386,2025-12-10 23:48:49.000,_20251210_154452_CH06_TMO_5GNR_VoNR-MT_REF-2_TC150-1.dml,NR SA,,,,,25,594,,,
244,1,,,-121.9317146,47.5237386,2025-12-10 23:48:50.000,_20251210_154452_CH06_TMO_5GNR_VoNR-MT_REF-2_TC150-1.dml,NR SA,,,,,25,594,,,
245,1,,,-121.9317146,47.5237386,2025-12-10 23:48:51.000,_20251210_154452_CH06_TMO_5GNR_VoNR-MT_REF-2_TC150-1.dml,NR SA,,,,,25,594,,,
246,1,,,-121.9317146,47.5237386,2025-12-10 23:48:52.000,_20251210_154452_CH06_TMO_5GNR_VoNR-MT_REF-2_TC150-1.dml,NR SA,,,,,25,594,,,
247,1,,,-121.9317146,47.5237386,2025-12-10 23:48:53.000,_20251210_154452_CH06_TMO_5GNR_VoNR-MT_REF-2_TC150-1.dml,NR SA,,,,,25,594,,,
248,1,,,-121.9317146,47.5237386,2025-12-10 23:48:54.000,_20251210_154452_CH06_TMO_5GNR_VoNR-MT_REF-2_TC150-1.dml,NR SA,,,,,25,594,,,
249,1,,,-121.9317146,47.5237386,2025-12-10 23:48:54.755,_20251210_154452_CH06_TMO_5GNR_VoNR-MT_REF-2_TC150-1.dml,,,,-95.320822,,,,,4.061359,0.372336
250,1,,,-121.9317146,47.5237386,2025-12-10 23:48:55.000,_20251210_154452_CH06_TMO_5GNR_VoNR-MT_REF-2_TC150-1.dml,NR SA,,,,,25,594,,,
251,1,,,-121.9317146,47.5237386,2025-12-10 23:48:56.000,_20251210_154452_CH06_TMO_5GNR_VoNR-MT_REF-2_TC150-1.dml,NR SA,,,,,25,594,,,
252,1,,,-121.9317146,47.5237386,2025-12-10 23:48:57.000,_20251210_154452_CH06_TMO_5GNR_VoNR-MT_REF-2_TC150-1.dml,NR SA,,,,,25,594,,,
253,1,,,-121.9317146,47.5237386,2025-12-10 23:48:58.000,_20251210_154452_CH06_TMO_5GNR_VoNR-MT_REF-2_TC150-1.dml,NR SA,,,,,25,594,,,
254,1,,,-121.9317146,47.5237386,2025-12-10 23:48:59.000,_20251210_154452_CH06_TMO_5GNR_VoNR-MT_REF-2_TC150-1.dml,NR SA,,,,,25,594,,,
255,1,,,-121.9317146,47.5237386,2025-12-10 23:49:00.000,_20251210_154452_CH06_TMO_5GNR_VoNR-MT_REF-2_TC150-1.dml,NR SA,,,,,25,594,,,
256,1,,,-121.9317146,47.5237386,2025-12-10 23:49:01.000,_20251210_154452_CH06_TMO_5GNR_VoNR-MT_REF-2_TC150-1.dml,NR SA,,,,,25,594,,,
257,1,,,-121.9317146,47.5237386,2025-12-10 23:49:02.000,_20251210_154452_CH06_TMO_5GNR_VoNR-MT_REF-2_TC150-1.dml,NR SA,,,,,25,594,,,
258,1,,,-121.9317146,47.5237386,2025-12-10 23:49:03.000,_20251210_154452_CH06_TMO_5GNR_VoNR-MT_REF-2_TC150-1.dml,NR SA,,,,,25,594,,,
259,1,,,-121.9317146,47.5237386,2025-12-10 23:49:04.000,_20251210_154452_CH06_TMO_5GNR_VoNR-MT_REF-2_TC150-1.dml,NR SA,,,,,25,594,,,
260,1,,,-121.9317146,47.5237386,2025-12-10 23:49:05.000,_20251210_154452_CH06_TMO_5GNR_VoNR-MT_REF-2_TC150-1.dml,NR SA,,,,,25,594,,,
261,1,,,-121.9317146,47.5237386,2025-12-10 23:49:06.000,_20251210_154452_CH06_TMO_5GNR_VoNR-MT_REF-2_TC150-1.dml,NR SA,,,,,25,594,,,
262,1,,,-121.9317146,47.5237386,2025-12-10 23:49:07.000,_20251210_154452_CH06_TMO_5GNR_VoNR-MT_REF-2_TC150-1.dml,NR SA,,,,,25,594,,,
263,1,,,-121.9317146,47.5237386,2025-12-10 23:49:08.000,_20251210_154452_CH06_TMO_5GNR_VoNR-MT_REF-2_TC150-1.dml,NR SA,,,,,25,594,,,
264,1,,,-121.9317146,47.5237386,2025-12-10 23:49:08.520,_20251210_154452_CH06_TMO_5GNR_VoNR-MT_REF-2_TC150-1.dml,,,,-93.370425,,,,,4.077143,0.361862
265,1,,,-121.9317146,47.5237386,2025-12-10 23:49:09.000,_20251210_154452_CH06_TMO_5GNR_VoNR-MT_REF-2_TC150-1.dml,NR SA,,,,,25,594,,,
266,1,,,-121.9317146,47.5237386,2025-12-10 23:49:10.000,_20251210_154452_CH06_TMO_5GNR_VoNR-MT_REF-2_TC150-1.dml,NR SA,,,,,25,594,,,
267,1,,,-121.9317146,47.5237386,2025-12-10 23:49:11.000,_20251210_154452_CH06_TMO_5GNR_VoNR-MT_REF-2_TC150-1.dml,NR SA,,,,,25,594,,,
268,1,,,-121.9317146,47.5237386,2025-12-10 23:49:12.000,_20251210_154452_CH06_TMO_5GNR_VoNR-MT_REF-2_TC150-1.dml,NR SA,,,,,25,594,,,
269,1,,,-121.9317146,47.5237386,2025-12-10 23:49:13.000,_20251210_154452_CH06_TMO_5GNR_VoNR-MT_REF-2_TC150-1.dml,,,,,,25,594,,,
270,1,,,-121.9317146,47.5237386,2025-12-10 23:49:14.000,_20251210_154452_CH06_TMO_5GNR_VoNR-MT_REF-2_TC150-1.dml,,,,,,25,594,,,
271,1,,,-121.9317146,47.5237386,2025-12-10 23:49:15.000,_20251210_154452_CH06_TMO_5GNR_VoNR-MT_REF-2_TC150-1.dml,,,,,,25,594,,,
272,1,,,-121.9317146,47.5237386,2025-12-10 23:49:16.000,_20251210_154452_CH06_TMO_5GNR_VoNR-MT_REF-2_TC150-1.dml,,,,,,25,594,,,
273,1,,,-121.9317146,47.5237386,2025-12-10 23:49:17.000,_20251210_154452_CH06_TMO_5GNR_VoNR-MT_REF-2_TC150-1.dml,,,,,,25,594,,,
274,1,,,-121.9317146,47.5237386,2025-12-10 23:49:18.000,_20251210_154452_CH06_TMO_5GNR_VoNR-MT_REF-2_TC150-1.dml,,,,,,25,594,,,
275,1,,,-121.9317146,47.5237386,2025-12-10 23:49:19.000,_20251210_154452_CH06_TMO_5GNR_VoNR-MT_REF-2_TC150-1.dml,,,,,,25,594,,,
276,1,,,-121.9317146,47.5237386,2025-12-10 23:49:20.000,_20251210_154452_CH06_TMO_5GNR_VoNR-MT_REF-2_TC150-1.dml,,,,,,25,594,,,
277,1,,,-121.9317146,47.5237386,2025-12-10 23:49:21.000,_20251210_154452_CH06_TMO_5GNR_VoNR-MT_REF-2_TC150-1.dml,,,,,,25,594,,,
278,1,,,-121.9317146,47.5237386,2025-12-10 23:49:22.000,_20251210_154452_CH06_TMO_5GNR_VoNR-MT_REF-2_TC150-1.dml,,,,,,25,594,,,
279,1,,,-121.9317146,47.5237386,2025-12-10 23:49:23.000,_20251210_154452_CH06_TMO_5GNR_VoNR-MT_REF-2_TC150-1.dml,,,,,,25,594,,,
280,1,,,-121.9317146,47.5237386,2025-12-10 23:49:24.000,_20251210_154452_CH06_TMO_5GNR_VoNR-MT_REF-2_TC150-1.dml,,,,,,25,594,,,
281,1,,,-121.9317146,47.5237386,2025-12-10 23:49:25.000,_20251210_154452_CH06_TMO_5GNR_VoNR-MT_REF-2_TC150-1.dml,,,,,,25,594,,,
282,1,,,-121.9317146,47.5237386,2025-12-10 23:49:26.000,_20251210_154452_CH06_TMO_5GNR_VoNR-MT_REF-2_TC150-1.dml,,,,,,25,594,,,
283,1,,,-121.9317146,47.5237386,2025-12-10 23:49:27.000,_20251210_154452_CH06_TMO_5GNR_VoNR-MT_REF-2_TC150-1.dml,,,,,,25,594,,,
284,1,,,-121.9317146,47.5237386,2025-12-10 23:49:28.000,_20251210_154452_CH06_TMO_5GNR_VoNR-MT_REF-2_TC150-1.dml,,,,,,25,594,,,
285,1,,,-121.9317146,47.5237386,2025-12-10 23:49:29.000,_20251210_154452_CH06_TMO_5GNR_VoNR-MT_REF-2_TC150-1.dml,,,,,,25,594,,,
286,1,,,-121.9317146,47.5237386,2025-12-10 23:49:30.000,_20251210_154452_CH06_TMO_5GNR_VoNR-MT_REF-2_TC150-1.dml,,,,,,,,,,
287,1,,,-121.9317146,47.5237386,2025-12-10 23:49:31.000,_20251210_154452_CH06_TMO_5GNR_VoNR-MT_REF-2_TC150-1.dml,,,,,,25,594,,,
288,1,,,-121.9317146,47.5237386,2025-12-10 23:49:32.000,_20251210_154452_CH06_TMO_5GNR_VoNR-MT_REF-2_TC150-1.dml,,,,,,25,594,,,
289,1,,,-121.9317146,47.5237386,2025-12-10 23:49:33.000,_20251210_154452_CH06_TMO_5GNR_VoNR-MT_REF-2_TC150-1.dml,,,,,,,,,,
290,1,,,-121.9317146,47.5237386,2025-12-10 23:49:34.000,_20251210_154452_CH06_TMO_5GNR_VoNR-MT_REF-2_TC150-1.dml,,,,,,25,594,,,
291,1,,,-121.9317146,47.5237386,2025-12-10 23:49:35.000,_20251210_154452_CH06_TMO_5GNR_VoNR-MT_REF-2_TC150-1.dml,,,,,,25,594,,,
292,1,,,-121.9317146,47.5237386,2025-12-10 23:49:36.000,_20251210_154452_CH06_TMO_5GNR_VoNR-MT_REF-2_TC150-1.dml,,,,,,25,594,,,
293,1,,,-121.9317146,47.5237386,2025-12-10 23:49:37.000,_20251210_154452_CH06_TMO_5GNR_VoNR-MT_REF-2_TC150-1.dml,,,,,,25,594,,,
294,1,,,-121.9317146,47.5237386,2025-12-10 23:49:38.000,_20251210_154452_CH06_TMO_5GNR_VoNR-MT_REF-2_TC150-1.dml,,,,,,,,,,
295,1,,,-121.9317146,47.5237386,2025-12-10 23:49:39.000,_20251210_154452_CH06_TMO_5GNR_VoNR-MT_REF-2_TC150-1.dml,,,,,,25,594,,,
296,1,,,-121.9317146,47.5237386,2025-12-10 23:49:40.000,_20251210_154452_CH06_TMO_5GNR_VoNR-MT_REF-2_TC150-1.dml,,,,,,25,594,,,
297,1,,,-121.9317146,47.5237386,2025-12-10 23:49:41.000,_20251210_154452_CH06_TMO_5GNR_VoNR-MT_REF-2_TC150-1.dml,,,,,,25,594,,,
298,1,,,-121.9317146,47.5237386,2025-12-10 23:49:42.000,_20251210_154452_CH06_TMO_5GNR_VoNR-MT_REF-2_TC150-1.dml,,,,,,,,,,
299,1,,,-121.9317146,47.5237386,2025-12-10 23:49:43.000,_20251210_154452_CH06_TMO_5GNR_VoNR-MT_REF-2_TC150-1.dml,,,,,,25,594,,,
300,1,,,-121.9317146,47.5237386,2025-12-10 23:49:44.000,_20251210_154452_CH06_TMO_5GNR_VoNR-MT_REF-2_TC150-1.dml,,,,,,25,594,,,
301,1,,,-121.9317146,47.5237386,2025-12-10 23:49:45.000,_20251210_154452_CH06_TMO_5GNR_VoNR-MT_REF-2_TC150-1.dml,,,,,,25,594,,,
302,1,,,-121.9317146,47.5237386,2025-12-10 23:49:46.000,_20251210_154452_CH06_TMO_5GNR_VoNR-MT_REF-2_TC150-1.dml,,,,,,25,594,,,
303,1,,,-121.9317146,47.5237386,2025-12-10 23:49:47.000,_20251210_154452_CH06_TMO_5GNR_VoNR-MT_REF-2_TC150-1.dml,,,,,,,,,,
304,1,,,-121.9317146,47.5237386,2025-12-10 23:49:48.000,_20251210_154452_CH06_TMO_5GNR_VoNR-MT_REF-2_TC150-1.dml,,,,,,25,594,,,
305,1,,,-121.9317146,47.5237386,2025-12-10 23:49:49.000,_20251210_154452_CH06_TMO_5GNR_VoNR-MT_REF-2_TC150-1.dml,,,,,,25,594,,,
306,1,,,-121.9317146,47.5237386,2025-12-10 23:49:50.000,_20251210_154452_CH06_TMO_5GNR_VoNR-MT_REF-2_TC150-1.dml,,,,,,25,594,,,
307,1,,,-121.9317146,47.5237386,2025-12-10 23:49:51.000,_20251210_154452_CH06_TMO_5GNR_VoNR-MT_REF-2_TC150-1.dml,,,,,,,,,,
308,1,,,-121.9317146,47.5237386,2025-12-10 23:49:52.000,_20251210_154452_CH06_TMO_5GNR_VoNR-MT_REF-2_TC150-1.dml,,,,,,25,594,,,
309,1,,,-121.9317146,47.5237386,2025-12-10 23:49:53.000,_20251210_154452_CH06_TMO_5GNR_VoNR-MT_REF-2_TC150-1.dml,NR SA,,,,,25,594,,,
310,1,,,-121.9317146,47.5237386,2025-12-10 23:49:54.000,_20251210_154452_CH06_TMO_5GNR_VoNR-MT_REF-2_TC150-1.dml,NR SA,,,,,25,594,,,
311,1,,,-121.9317146,47.5237386,2025-12-10 23:49:55.000,_20251210_154452_CH06_TMO_5GNR_VoNR-MT_REF-2_TC150-1.dml,NR SA,,,,,25,594,,,
312,1,,,-121.9317146,47.5237386,2025-12-10 23:49:56.000,_20251210_154452_CH06_TMO_5GNR_VoNR-MT_REF-2_TC150-1.dml,NR SA,,,,,25,594,,,
313,1,,,-121.9317146,47.5237386,2025-12-10 23:49:57.000,_20251210_154452_CH06_TMO_5GNR_VoNR-MT_REF-2_TC150-1.dml,NR SA,,,,,25,594,,,
314,1,,,-121.9317146,47.5237386,2025-12-10 23:49:58.000,_20251210_154452_CH06_TMO_5GNR_VoNR-MT_REF-2_TC150-1.dml,NR SA,,,,,25,594,,,
315,1,,,-121.9317146,47.5237386,2025-12-10 23:49:59.000,_20251210_154452_CH06_TMO_5GNR_VoNR-MT_REF-2_TC150-1.dml,NR SA,,,,,25,594,,,
316,1,,,-121.9317146,47.5237386,2025-12-10 23:50:00.000,_20251210_154452_CH06_TMO_5GNR_VoNR-MT_REF-2_TC150-1.dml,NR SA,,,,,25,594,,,
317,1,,,-121.9317146,47.5237386,2025-12-10 23:50:01.000,_20251210_154452_CH06_TMO_5GNR_VoNR-MT_REF-2_TC150-1.dml,NR SA,,,,,25,594,,,
318,1,,,-121.9317146,47.5237386,2025-12-10 23:50:02.000,_20251210_154452_CH06_TMO_5GNR_VoNR-MT_REF-2_TC150-1.dml,NR SA,,,,,25,594,,,
319,1,,,-121.9317146,47.5237386,2025-12-10 23:50:03.000,_20251210_154452_CH06_TMO_5GNR_VoNR-MT_REF-2_TC150-1.dml,NR SA,,,,,25,594,,,
320,1,,,-121.9317146,47.5237386,2025-12-10 23:50:04.000,_20251210_154452_CH06_TMO_5GNR_VoNR-MT_REF-2_TC150-1.dml,NR SA,,,,,25,594,,,
321,1,,,-121.9317146,47.5237386,2025-12-10 23:50:05.000,_20251210_154452_CH06_TMO_5GNR_VoNR-MT_REF-2_TC150-1.dml,NR SA,,,,,25,594,,,
322,1,,,-121.9317146,47.5237386,2025-12-10 23:50:06.000,_20251210_154452_CH06_TMO_5GNR_VoNR-MT_REF-2_TC150-1.dml,NR SA,,,,,25,594,,,
323,1,,,-121.9317146,47.5237386,2025-12-10 23:50:07.000,_20251210_154452_CH06_TMO_5GNR_VoNR-MT_REF-2_TC150-1.dml,NR SA,,,,,25,594,,,
324,1,,,-121.9317146,47.5237386,2025-12-10 23:50:08.000,_20251210_154452_CH06_TMO_5GNR_VoNR-MT_REF-2_TC150-1.dml,NR SA,,,,,25,594,,,
325,1,,,-121.9317146,47.5237386,2025-12-10 23:50:09.000,_20251210_154452_CH06_TMO_5GNR_VoNR-MT_REF-2_TC150-1.dml,NR SA,,,,,25,594,,,
326,1,,,-121.9317146,47.5237386,2025-12-10 23:50:09.786,_20251210_154452_CH06_TMO_5GNR_VoNR-MT_REF-2_TC150-1.dml,,,,-93.896909,,,,,3.982776,0.357013
327,1,,,-121.9317146,47.5237386,2025-12-10 23:50:10.000,_20251210_154452_CH06_TMO_5GNR_VoNR-MT_REF-2_TC150-1.dml,NR SA,,,,,25,594,,,
328,1,,,-121.9317146,47.5237386,2025-12-10 23:50:11.000,_20251210_154452_CH06_TMO_5GNR_VoNR-MT_REF-2_TC150-1.dml,NR SA,,,,,25,594,,,
329,1,,,-121.9317146,47.5237386,2025-12-10 23:50:12.000,_20251210_154452_CH06_TMO_5GNR_VoNR-MT_REF-2_TC150-1.dml,NR SA,,,,,25,594,,,
330,1,,,-121.9317146,47.5237386,2025-12-10 23:50:13.000,_20251210_154452_CH06_TMO_5GNR_VoNR-MT_REF-2_TC150-1.dml,NR SA,,,,,25,594,,,
331,1,,,-121.9317146,47.5237386,2025-12-10 23:50:14.000,_20251210_154452_CH06_TMO_5GNR_VoNR-MT_REF-2_TC150-1.dml,NR SA,,,,,25,594,,,
332,1,,,-121.9317146,47.5237386,2025-12-10 23:50:15.000,_20251210_154452_CH06_TMO_5GNR_VoNR-MT_REF-2_TC150-1.dml,NR SA,,,,,25,594,,,
333,1,,,-121.9317146,47.5237386,2025-12-10 23:50:16.000,_20251210_154452_CH06_TMO_5GNR_VoNR-MT_REF-2_TC150-1.dml,NR SA,,,,,25,594,,,
334,1,,,-121.9317146,47.5237386,2025-12-10 23:50:17.000,_20251210_154452_CH06_TMO_5GNR_VoNR-MT_REF-2_TC150-1.dml,NR SA,,,,,25,594,,,
335,1,,,-121.9317146,47.5237386,2025-12-10 23:50:18.000,_20251210_154452_CH06_TMO_5GNR_VoNR-MT_REF-2_TC150-1.dml,NR SA,,,,,25,594,,,
336,1,,,-121.9317146,47.5237386,2025-12-10 23:50:19.000,_20251210_154452_CH06_TMO_5GNR_VoNR-MT_REF-2_TC150-1.dml,NR SA,,,,,25,594,,,
337,1,,,-121.9317146,47.5237386,2025-12-10 23:50:20.000,_20251210_154452_CH06_TMO_5GNR_VoNR-MT_REF-2_TC150-1.dml,NR SA,,,,,25,594,,,
338,1,,,-121.9317146,47.5237386,2025-12-10 23:50:21.000,_20251210_154452_CH06_TMO_5GNR_VoNR-MT_REF-2_TC150-1.dml,NR SA,,,,,25,594,,,
339,1,,,-121.9317146,47.5237386,2025-12-10 23:50:22.000,_20251210_154452_CH06_TMO_5GNR_VoNR-MT_REF-2_TC150-1.dml,NR SA,,,,,25,594,,,
340,1,,,-121.9317146,47.5237386,2025-12-10 23:50:23.000,_20251210_154452_CH06_TMO_5GNR_VoNR-MT_REF-2_TC150-1.dml,NR SA,,,,,25,594,,,
341,1,,,-121.9317146,47.5237386,2025-12-10 23:50:23.740,_20251210_154452_CH06_TMO_5GNR_VoNR-MT_REF-2_TC150-1.dml,,,,-93.979071,,,,,4.083558,0.363714
342,1,,,-121.9317146,47.5237386,2025-12-10 23:50:24.000,_20251210_154452_CH06_TMO_5GNR_VoNR-MT_REF-2_TC150-1.dml,NR SA,,,,,25,594,,,
343,1,,,-121.9317146,47.5237386,2025-12-10 23:50:25.000,_20251210_154452_CH06_TMO_5GNR_VoNR-MT_REF-2_TC150-1.dml,NR SA,,,,,25,594,,,
344,1,,,-121.9317146,47.5237386,2025-12-10 23:50:26.000,_20251210_154452_CH06_TMO_5GNR_VoNR-MT_REF-2_TC150-1.dml,NR SA,,,,,25,594,,,
345,1,,,-121.9317146,47.5237386,2025-12-10 23:50:27.000,_20251210_154452_CH06_TMO_5GNR_VoNR-MT_REF-2_TC150-1.dml,NR SA,,,,,25,594,,,
346,1,,,-121.9317146,47.5237386,2025-12-10 23:50:28.000,_20251210_154452_CH06_TMO_5GNR_VoNR-MT_REF-2_TC150-1.dml,NR SA,,,,,25,594,,,
347,1,,,-121.9317146,47.5237386,2025-12-10 23:50:29.000,_20251210_154452_CH06_TMO_5GNR_VoNR-MT_REF-2_TC150-1.dml,NR SA,,,,,25,594,,,
348,1,,,-121.9317146,47.5237386,2025-12-10 23:50:30.000,_20251210_154452_CH06_TMO_5GNR_VoNR-MT_REF-2_TC150-1.dml,NR SA,,,,,25,594,,,
349,1,,,-121.9317146,47.5237386,2025-12-10 23:50:31.000,_20251210_154452_CH06_TMO_5GNR_VoNR-MT_REF-2_TC150-1.dml,NR SA,,,,,25,594,,,
350,1,,,-121.9317146,47.5237386,2025-12-10 23:50:32.000,_20251210_154452_CH06_TMO_5GNR_VoNR-MT_REF-2_TC150-1.dml,NR SA,,,,,25,594,,,
351,1,,,-121.9317146,47.5237386,2025-12-10 23:50:33.000,_20251210_154452_CH06_TMO_5GNR_VoNR-MT_REF-2_TC150-1.dml,NR SA,,,,,25,594,,,
352,1,,,-121.9317146,47.5237386,2025-12-10 23:50:34.000,_20251210_154452_CH06_TMO_5GNR_VoNR-MT_REF-2_TC150-1.dml,NR SA,,,,,25,594,,,
353,1,,,-121.9317146,47.5237386,2025-12-10 23:50:35.000,_20251210_154452_CH06_TMO_5GNR_VoNR-MT_REF-2_TC150-1.dml,NR SA,,,,,25,594,,,
354,1,,,-121.9317146,47.5237386,2025-12-10 23:50:36.000,_20251210_154452_CH06_TMO_5GNR_VoNR-MT_REF-2_TC150-1.dml,NR SA,,,,,25,594,,,
355,1,,,-121.9317146,47.5237386,2025-12-10 23:50:37.000,_20251210_154452_CH06_TMO_5GNR_VoNR-MT_REF-2_TC150-1.dml,NR SA,,,,,25,594,,,
356,1,,,-121.9317146,47.5237386,2025-12-10 23:50:38.020,_20251210_154452_CH06_TMO_5GNR_VoNR-MT_REF-2_TC150-1.dml,,,,-91.746170,,,,,4.086153,0.345876
357,1,,,-121.9317146,47.5237386,2025-12-10 23:50:38.000,_20251210_154452_CH06_TMO_5GNR_VoNR-MT_REF-2_TC150-1.dml,NR SA,,,,,25,594,,,
358,1,,,-121.9317146,47.5237386,2025-12-10 23:50:39.000,_20251210_154452_CH06_TMO_5GNR_VoNR-MT_REF-2_TC150-1.dml,NR SA,,,,,25,594,,,
359,1,,,-121.9317146,47.5237386,2025-12-10 23:50:40.000,_20251210_154452_CH06_TMO_5GNR_VoNR-MT_REF-2_TC150-1.dml,NR SA,,,,,25,594,,,
360,1,,,-121.9317146,47.5237386,2025-12-10 23:50:41.000,_20251210_154452_CH06_TMO_5GNR_VoNR-MT_REF-2_TC150-1.dml,NR SA,,,,,25,594,,,
361,1,,,-121.9317146,47.5237386,2025-12-10 23:50:42.000,_20251210_154452_CH06_TMO_5GNR_VoNR-MT_REF-2_TC150-1.dml,NR SA,,,,,25,594,,,
362,1,,,-121.9317146,47.5237386,2025-12-10 23:50:43.000,_20251210_154452_CH06_TMO_5GNR_VoNR-MT_REF-2_TC150-1.dml,NR SA,,,,,25,594,,,
363,1,,,-121.9317146,47.5237386,2025-12-10 23:50:44.000,_20251210_154452_CH06_TMO_5GNR_VoNR-MT_REF-2_TC150-1.dml,NR SA,,,,,25,594,,,
364,1,,,-121.9317146,47.5237386,2025-12-10 23:50:45.000,_20251210_154452_CH06_TMO_5GNR_VoNR-MT_REF-2_TC150-1.dml,NR SA,,,,,25,594,,,
365,1,,,-121.9317146,47.5237386,2025-12-10 23:50:46.000,_20251210_154452_CH06_TMO_5GNR_VoNR-MT_REF-2_TC150-1.dml,NR SA,,,,,25,594,,,
366,1,,,-121.9317146,47.5237386,2025-12-10 23:50:47.000,_20251210_154452_CH06_TMO_5GNR_VoNR-MT_REF-2_TC150-1.dml,NR SA,,,,,25,594,,,
367,1,,,-121.9317146,47.5237386,2025-12-10 23:50:48.000,_20251210_154452_CH06_TMO_5GNR_VoNR-MT_REF-2_TC150-1.dml,NR SA,,,,,25,594,,,
368,1,,,-121.9317146,47.5237386,2025-12-10 23:50:49.000,_20251210_154452_CH06_TMO_5GNR_VoNR-MT_REF-2_TC150-1.dml,NR SA,,,,,25,594,,,
369,1,,,-121.9317146,47.5237386,2025-12-10 23:50:50.000,_20251210_154452_CH06_TMO_5GNR_VoNR-MT_REF-2_TC150-1.dml,NR SA,,,,,25,594,,,
370,1,,,-121.9317146,47.5237386,2025-12-10 23:50:51.000,_20251210_154452_CH06_TMO_5GNR_VoNR-MT_REF-2_TC150-1.dml,NR SA,,,,,25,594,,,
371,1,,,-121.9317146,47.5237386,2025-12-10 23:50:51.755,_20251210_154452_CH06_TMO_5GNR_VoNR-MT_REF-2_TC150-1.dml,,,,-91.202860,,,,,4.041154,0.360014
372,1,,,-121.9317146,47.5237386,2025-12-10 23:50:52.000,_20251210_154452_CH06_TMO_5GNR_VoNR-MT_REF-2_TC150-1.dml,NR SA,,,,,25,594,,,
373,1,,,-121.9317146,47.5237386,2025-12-10 23:50:53.000,_20251210_154452_CH06_TMO_5GNR_VoNR-MT_REF-2_TC150-1.dml,NR SA,,,,,25,594,,,
374,1,,,-121.9317146,47.5237386,2025-12-10 23:50:54.000,_20251210_154452_CH06_TMO_5GNR_VoNR-MT_REF-2_TC150-1.dml,NR SA,,,,,25,594,,,
375,1,,,-121.9317146,47.5237386,2025-12-10 23:50:55.000,_20251210_154452_CH06_TMO_5GNR_VoNR-MT_REF-2_TC150-1.dml,NR SA,,,,,25,594,,,
376,1,,,-121.9317146,47.5237386,2025-12-10 23:50:56.000,_20251210_154452_CH06_TMO_5GNR_VoNR-MT_REF-2_TC150-1.dml,NR SA,,,,,25,594,,,
377,1,,,-121.9317146,47.5237386,2025-12-10 23:50:57.000,_20251210_154452_CH06_TMO_5GNR_VoNR-MT_REF-2_TC150-1.dml,NR SA,,,,,25,594,,,
378,1,,,-121.9317146,47.5237386,2025-12-10 23:50:58.000,_20251210_154452_CH06_TMO_5GNR_VoNR-MT_REF-2_TC150-1.dml,NR SA,,,,,25,594,,,
379,1,,,-121.9317146,47.5237386,2025-12-10 23:50:59.000,_20251210_154452_CH06_TMO_5GNR_VoNR-MT_REF-2_TC150-1.dml,NR SA,,,,,25,594,,,
380,1,,,-121.9317146,47.5237386,2025-12-10 23:51:00.000,_20251210_154452_CH06_TMO_5GNR_VoNR-MT_REF-2_TC150-1.dml,NR SA,,,,,25,594,,,
381,1,,,-121.9317146,47.5237386,2025-12-10 23:51:01.000,_20251210_154452_CH06_TMO_5GNR_VoNR-MT_REF-2_TC150-1.dml,NR SA,,,,,25,594,,,
382,1,,,-121.9317146,47.5237386,2025-12-10 23:51:02.000,_20251210_154452_CH06_TMO_5GNR_VoNR-MT_REF-2_TC150-1.dml,NR SA,,,,,25,594,,,
383,1,,,-121.9317146,47.5237386,2025-12-10 23:51:03.000,_20251210_154452_CH06_TMO_5GNR_VoNR-MT_REF-2_TC150-1.dml,NR SA,,,,,25,594,,,
384,1,,,-121.9317146,47.5237386,2025-12-10 23:51:04.000,_20251210_154452_CH06_TMO_5GNR_VoNR-MT_REF-2_TC150-1.dml,NR SA,,,,,25,594,,,
385,1,,,-121.9317146,47.5237386,2025-12-10 23:51:05.000,_20251210_154452_CH06_TMO_5GNR_VoNR-MT_REF-2_TC150-1.dml,NR SA,,,,,25,594,,,
386,1,,,-121.9317146,47.5237386,2025-12-10 23:51:05.770,_20251210_154452_CH06_TMO_5GNR_VoNR-MT_REF-2_TC150-1.dml,,,,-91.072973,,,,,4.069731,0.338225
387,1,,,-121.9317146,47.5237386,2025-12-10 23:51:06.000,_20251210_154452_CH06_TMO_5GNR_VoNR-MT_REF-2_TC150-1.dml,NR SA,,,,,25,594,,,
388,1,,,-121.9317146,47.5237386,2025-12-10 23:51:07.000,_20251210_154452_CH06_TMO_5GNR_VoNR-MT_REF-2_TC150-1.dml,NR SA,,,,,25,594,,,
389,1,,,-121.9317146,47.5237386,2025-12-10 23:51:08.000,_20251210_154452_CH06_TMO_5GNR_VoNR-MT_REF-2_TC150-1.dml,NR SA,,,,,25,594,,,
390,1,,,-121.9317146,47.5237386,2025-12-10 23:51:09.000,_20251210_154452_CH06_TMO_5GNR_VoNR-MT_REF-2_TC150-1.dml,NR SA,,,,,25,594,,,
391,1,,,-121.9317146,47.5237386,2025-12-10 23:51:10.000,_20251210_154452_CH06_TMO_5GNR_VoNR-MT_REF-2_TC150-1.dml,NR SA,,,,,25,594,,,
392,1,,,-121.9317146,47.5237386,2025-12-10 23:51:11.000,_20251210_154452_CH06_TMO_5GNR_VoNR-MT_REF-2_TC150-1.dml,NR SA,,,,,25,594,,,
393,1,,,-121.9317146,47.5237386,2025-12-10 23:51:12.000,_20251210_154452_CH06_TMO_5GNR_VoNR-MT_REF-2_TC150-1.dml,NR SA,,,,,25,594,,,
394,1,,,-121.9317146,47.5237386,2025-12-10 23:51:13.000,_20251210_154452_CH06_TMO_5GNR_VoNR-MT_REF-2_TC150-1.dml,NR SA,,,,,25,594,,,
395,1,,,-121.9317146,47.5237386,2025-12-10 23:51:14.000,_20251210_154452_CH06_TMO_5GNR_VoNR-MT_REF-2_TC150-1.dml,NR SA,,,,,25,594,,,
396,1,,,-121.9317146,47.5237386,2025-12-10 23:51:15.000,_20251210_154452_CH06_TMO_5GNR_VoNR-MT_REF-2_TC150-1.dml,NR SA,,,,,25,594,,,
397,1,,,-121.9317146,47.5237386,2025-12-10 23:51:16.000,_20251210_154452_CH06_TMO_5GNR_VoNR-MT_REF-2_TC150-1.dml,NR SA,,,,,25,594,,,
398,1,,,-121.9317146,47.5237386,2025-12-10 23:51:17.000,_20251210_154452_CH06_TMO_5GNR_VoNR-MT_REF-2_TC150-1.dml,NR SA,,,,,25,594,,,
399,1,,,-121.9317146,47.5237386,2025-12-10 23:51:18.000,_20251210_154452_CH06_TMO_5GNR_VoNR-MT_REF-2_TC150-1.dml,NR SA,,,,,25,594,,,
400,1,,,-121.9317146,47.5237386,2025-12-10 23:51:19.000,_20251210_154452_CH06_TMO_5GNR_VoNR-MT_REF-2_TC150-1.dml,NR SA,,,,,25,594,,,
401,1,,,-121.9317146,47.5237386,2025-12-10 23:51:19.801,_20251210_154452_CH06_TMO_5GNR_VoNR-MT_REF-2_TC150-1.dml,,,,-94.435014,,,,,4.001585,0.357146
402,1,,,-121.9317146,47.5237386,2025-12-10 23:51:20.000,_20251210_154452_CH06_TMO_5GNR_VoNR-MT_REF-2_TC150-1.dml,NR SA,,,,,25,594,,,
403,1,,,-121.9317146,47.5237386,2025-12-10 23:51:21.000,_20251210_154452_CH06_TMO_5GNR_VoNR-MT_REF-2_TC150-1.dml,NR SA,,,,,25,594,,,
404,1,,,-121.9317146,47.5237386,2025-12-10 23:51:22.000,_20251210_154452_CH06_TMO_5GNR_VoNR-MT_REF-2_TC150-1.dml,NR SA,,,,,25,594,,,
405,1,,,-121.9317146,47.5237386,2025-12-10 23:51:23.000,_20251210_154452_CH06_TMO_5GNR_VoNR-MT_REF-2_TC150-1.dml,NR SA,,,,,25,594,,,
406,1,,,-121.9317146,47.5237386,2025-12-10 23:51:24.000,_20251210_154452_CH06_TMO_5GNR_VoNR-MT_REF-2_TC150-1.dml,,,,,,25,594,,,
407,1,,,-121.9317146,47.5237386,2025-12-10 23:51:25.000,_20251210_154452_CH06_TMO_5GNR_VoNR-MT_REF-2_TC150-1.dml,,,,,,25,594,,,
408,1,,,-121.9317146,47.5237386,2025-12-10 23:51:26.000,_20251210_154452_CH06_TMO_5GNR_VoNR-MT_REF-2_TC150-1.dml,,,,,,25,594,,,
409,1,,,-121.9317146,47.5237386,2025-12-10 23:51:27.000,_20251210_154452_CH06_TMO_5GNR_VoNR-MT_REF-2_TC150-1.dml,,,,,,25,594,,,
410,1,,,-121.9317146,47.5237386,2025-12-10 23:51:28.000,_20251210_154452_CH06_TMO_5GNR_VoNR-MT_REF-2_TC150-1.dml,,,,,,25,594,,,
411,1,,,-121.9317146,47.5237386,2025-12-10 23:51:29.000,_20251210_154452_CH06_TMO_5GNR_VoNR-MT_REF-2_TC150-1.dml,,,,,,25,594,,,
412,1,,,-121.9317146,47.5237386,2025-12-10 23:51:30.000,_20251210_154452_CH06_TMO_5GNR_VoNR-MT_REF-2_TC150-1.dml,,,,,,25,594,,,
413,1,,,-121.9317146,47.5237386,2025-12-10 23:51:31.000,_20251210_154452_CH06_TMO_5GNR_VoNR-MT_REF-2_TC150-1.dml,,,,,,25,594,,,
414,1,,,-121.9317146,47.5237386,2025-12-10 23:51:32.000,_20251210_154452_CH06_TMO_5GNR_VoNR-MT_REF-2_TC150-1.dml,,,,,,25,594,,,
415,1,,,-121.9317146,47.5237386,2025-12-10 23:51:33.000,_20251210_154452_CH06_TMO_5GNR_VoNR-MT_REF-2_TC150-1.dml,,,,,,25,594,,,
416,1,,,-121.9317146,47.5237386,2025-12-10 23:51:34.000,_20251210_154452_CH06_TMO_5GNR_VoNR-MT_REF-2_TC150-1.dml,,,,,,25,594,,,
417,1,,,-121.9317146,47.5237386,2025-12-10 23:51:35.000,_20251210_154452_CH06_TMO_5GNR_VoNR-MT_REF-2_TC150-1.dml,,,,,,25,594,,,
418,1,,,-121.9317146,47.5237386,2025-12-10 23:51:36.000,_20251210_154452_CH06_TMO_5GNR_VoNR-MT_REF-2_TC150-1.dml,,,,,,25,594,,,
419,1,,,-121.9317146,47.5237386,2025-12-10 23:51:37.000,_20251210_154452_CH06_TMO_5GNR_VoNR-MT_REF-2_TC150-1.dml,,,,,,25,594,,,
420,1,,,-121.9317146,47.5237386,2025-12-10 23:51:38.000,_20251210_154452_CH06_TMO_5GNR_VoNR-MT_REF-2_TC150-1.dml,,,,,,25,594,,,
421,1,,,-121.9317146,47.5237386,2025-12-10 23:51:39.000,_20251210_154452_CH06_TMO_5GNR_VoNR-MT_REF-2_TC150-1.dml,,,,,,25,594,,,
422,1,,,-121.9317146,47.5237386,2025-12-10 23:51:40.000,_20251210_154452_CH06_TMO_5GNR_VoNR-MT_REF-2_TC150-1.dml,,,,,,25,594,,,
423,1,,,-121.9317146,47.5237386,2025-12-10 23:51:41.000,_20251210_154452_CH06_TMO_5GNR_VoNR-MT_REF-2_TC150-1.dml,,,,,,25,594,,,
424,1,,,-121.9317146,47.5237386,2025-12-10 23:51:42.000,_20251210_154452_CH06_TMO_5GNR_VoNR-MT_REF-2_TC150-1.dml,,,,,,25,594,,,
425,1,,,-121.9317146,47.5237386,2025-12-10 23:51:43.000,_20251210_154452_CH06_TMO_5GNR_VoNR-MT_REF-2_TC150-1.dml,,,,,,25,594,,,
426,1,,,-121.9317146,47.5237386,2025-12-10 23:51:44.000,_20251210_154452_CH06_TMO_5GNR_VoNR-MT_REF-2_TC150-1.dml,,,,,,25,594,,,
427,1,,,-121.9317146,47.5237386,2025-12-10 23:51:45.000,_20251210_154452_CH06_TMO_5GNR_VoNR-MT_REF-2_TC150-1.dml,,,,,,25,594,,,
428,1,,,-121.9317146,47.5237386,2025-12-10 23:51:46.000,_20251210_154452_CH06_TMO_5GNR_VoNR-MT_REF-2_TC150-1.dml,,,,,,,,,,
429,1,,,-121.9317146,47.5237386,2025-12-10 23:51:47.000,_20251210_154452_CH06_TMO_5GNR_VoNR-MT_REF-2_TC150-1.dml,,,,,,25,594,,,
430,1,,,-121.9317146,47.5237386,2025-12-10 23:51:48.000,_20251210_154452_CH06_TMO_5GNR_VoNR-MT_REF-2_TC150-1.dml,,,,,,25,594,,,
431,1,,,-121.9317146,47.5237386,2025-12-10 23:51:49.000,_20251210_154452_CH06_TMO_5GNR_VoNR-MT_REF-2_TC150-1.dml,,,,,,25,594,,,
432,1,,,-121.9317146,47.5237386,2025-12-10 23:51:50.000,_20251210_154452_CH06_TMO_5GNR_VoNR-MT_REF-2_TC150-1.dml,,,,,,25,594,,,
433,1,,,-121.9317146,47.5237386,2025-12-10 23:51:51.000,_20251210_154452_CH06_TMO_5GNR_VoNR-MT_REF-2_TC150-1.dml,,,,,,25,594,,,
434,1,,,-121.9317146,47.5237386,2025-12-10 23:51:52.000,_20251210_154452_CH06_TMO_5GNR_VoNR-MT_REF-2_TC150-1.dml,,,,,,25,594,,,
435,1,,,-121.9317146,47.5237386,2025-12-10 23:51:53.000,_20251210_154452_CH06_TMO_5GNR_VoNR-MT_REF-2_TC150-1.dml,,,,,,25,594,,,
436,1,,,-121.9317146,47.5237386,2025-12-10 23:51:54.000,_20251210_154452_CH06_TMO_5GNR_VoNR-MT_REF-2_TC150-1.dml,,,,,,25,594,,,
437,1,,,-121.9317146,47.5237386,2025-12-10 23:51:55.000,_20251210_154452_CH06_TMO_5GNR_VoNR-MT_REF-2_TC150-1.dml,,,,,,25,594,,,
438,1,,,-121.9317146,47.5237386,2025-12-10 23:51:56.000,_20251210_154452_CH06_TMO_5GNR_VoNR-MT_REF-2_TC150-1.dml,,,,,,25,594,,,
439,1,,,-121.9317146,47.5237386,2025-12-10 23:51:57.000,_20251210_154452_CH06_TMO_5GNR_VoNR-MT_REF-2_TC150-1.dml,,,,,,25,594,,,
440,1,,,-121.9317146,47.5237386,2025-12-10 23:51:58.000,_20251210_154452_CH06_TMO_5GNR_VoNR-MT_REF-2_TC150-1.dml,,,,,,25,594,,,
441,1,,,-121.9317146,47.5237386,2025-12-10 23:51:59.000,_20251210_154452_CH06_TMO_5GNR_VoNR-MT_REF-2_TC150-1.dml,,,,,,25,594,,,
442,1,,,-121.9317146,47.5237386,2025-12-10 23:52:00.000,_20251210_154452_CH06_TMO_5GNR_VoNR-MT_REF-2_TC150-1.dml,,,,,,25,594,,,
443,1,,,-121.9317146,47.5237386,2025-12-10 23:52:01.000,_20251210_154452_CH06_TMO_5GNR_VoNR-MT_REF-2_TC150-1.dml,,,,,,25,594,,,
444,1,,,-121.9317146,47.5237386,2025-12-10 23:52:02.000,_20251210_154452_CH06_TMO_5GNR_VoNR-MT_REF-2_TC150-1.dml,,,,,,25,594,,,
445,1,,,-121.9317146,47.5237386,2025-12-10 23:52:03.000,_20251210_154452_CH06_TMO_5GNR_VoNR-MT_REF-2_TC150-1.dml,,,,,,25,594,,,
446,1,,,-121.9317146,47.5237386,2025-12-10 23:52:04.000,_20251210_154452_CH06_TMO_5GNR_VoNR-MT_REF-2_TC150-1.dml,,,,,,,,,,
447,1,,,-121.9317146,47.5237386,2025-12-10 23:52:05.000,_20251210_154452_CH06_TMO_5GNR_VoNR-MT_REF-2_TC150-1.dml,,,,,,25,594,,,
448,1,,,-121.9317146,47.5237386,2025-12-10 23:52:06.000,_20251210_154452_CH06_TMO_5GNR_VoNR-MT_REF-2_TC150-1.dml,,,,,,25,594,,,
449,1,,,-121.9317146,47.5237386,2025-12-10 23:52:07.000,_20251210_154452_CH06_TMO_5GNR_VoNR-MT_REF-2_TC150-1.dml,NR SA,,,,,25,594,,,
450,1,,,-121.9317146,47.5237386,2025-12-10 23:52:08.000,_20251210_154452_CH06_TMO_5GNR_VoNR-MT_REF-2_TC150-1.dml,NR SA,,,,,25,594,,,
451,1,,,-121.9317146,47.5237386,2025-12-10 23:52:09.000,_20251210_154452_CH06_TMO_5GNR_VoNR-MT_REF-2_TC150-1.dml,NR SA,,,,,25,594,,,
452,1,,,-121.9317146,47.5237386,2025-12-10 23:52:10.000,_20251210_154452_CH06_TMO_5GNR_VoNR-MT_REF-2_TC150-1.dml,NR SA,,,,,25,594,,,
453,1,,,-121.9317146,47.5237386,2025-12-10 23:52:11.000,_20251210_154452_CH06_TMO_5GNR_VoNR-MT_REF-2_TC150-1.dml,NR SA,,,,,25,594,,,
454,1,,,-121.9317146,47.5237386,2025-12-10 23:52:12.000,_20251210_154452_CH06_TMO_5GNR_VoNR-MT_REF-2_TC150-1.dml,NR SA,,,,,25,594,,,
455,1,,,-121.9317146,47.5237386,2025-12-10 23:52:13.000,_20251210_154452_CH06_TMO_5GNR_VoNR-MT_REF-2_TC150-1.dml,NR SA,,,,,25,594,,,
456,1,,,-121.9317146,47.5237386,2025-12-10 23:52:14.000,_20251210_154452_CH06_TMO_5GNR_VoNR-MT_REF-2_TC150-1.dml,NR SA,,,,,25,594,,,
457,1,,,-121.9317146,47.5237386,2025-12-10 23:52:15.000,_20251210_154452_CH06_TMO_5GNR_VoNR-MT_REF-2_TC150-1.dml,NR SA,,,,,25,594,,,
458,1,,,-121.9317146,47.5237386,2025-12-10 23:52:16.000,_20251210_154452_CH06_TMO_5GNR_VoNR-MT_REF-2_TC150-1.dml,NR SA,,,,,25,594,,,
459,1,,,-121.9317146,47.5237386,2025-12-10 23:52:17.000,_20251210_154452_CH06_TMO_5GNR_VoNR-MT_REF-2_TC150-1.dml,NR SA,,,,,25,594,,,
460,1,,,-121.9317146,47.5237386,2025-12-10 23:52:18.000,_20251210_154452_CH06_TMO_5GNR_VoNR-MT_REF-2_TC150-1.dml,NR SA,,,,,25,594,,,
461,1,,,-121.9317146,47.5237386,2025-12-10 23:52:19.000,_20251210_154452_CH06_TMO_5GNR_VoNR-MT_REF-2_TC150-1.dml,NR SA,,,,,25,594,,,
462,1,,,-121.9317146,47.5237386,2025-12-10 23:52:20.000,_20251210_154452_CH06_TMO_5GNR_VoNR-MT_REF-2_TC150-1.dml,NR SA,,,,,25,594,,,
463,1,,,-121.9317146,47.5237386,2025-12-10 23:52:21.000,_20251210_154452_CH06_TMO_5GNR_VoNR-MT_REF-2_TC150-1.dml,NR SA,,,,,25,594,,,
464,1,,,-121.9317146,47.5237386,2025-12-10 23:52:22.000,_20251210_154452_CH06_TMO_5GNR_VoNR-MT_REF-2_TC150-1.dml,NR SA,,,,,25,594,,,
465,1,,,-121.9317146,47.5237386,2025-12-10 23:52:23.000,_20251210_154452_CH06_TMO_5GNR_VoNR-MT_REF-2_TC150-1.dml,NR SA,,,,,25,594,,,
466,1,,,-121.9317146,47.5237386,2025-12-10 23:52:23.834,_20251210_154452_CH06_TMO_5GNR_VoNR-MT_REF-2_TC150-1.dml,,,,-92.444144,,,,,4.057271,0.336664
467,1,,,-121.9317146,47.5237386,2025-12-10 23:52:24.000,_20251210_154452_CH06_TMO_5GNR_VoNR-MT_REF-2_TC150-1.dml,NR SA,,,,,25,594,,,
468,1,,,-121.9317146,47.5237386,2025-12-10 23:52:25.000,_20251210_154452_CH06_TMO_5GNR_VoNR-MT_REF-2_TC150-1.dml,NR SA,,,,,25,594,,,
469,1,,,-121.9317146,47.5237386,2025-12-10 23:52:26.000,_20251210_154452_CH06_TMO_5GNR_VoNR-MT_REF-2_TC150-1.dml,NR SA,,,,,25,594,,,
470,1,,,-121.9317146,47.5237386,2025-12-10 23:52:27.000,_20251210_154452_CH06_TMO_5GNR_VoNR-MT_REF-2_TC150-1.dml,NR SA,,,,,25,594,,,
471,1,,,-121.9317146,47.5237386,2025-12-10 23:52:28.000,_20251210_154452_CH06_TMO_5GNR_VoNR-MT_REF-2_TC150-1.dml,NR SA,,,,,25,594,,,
472,1,,,-121.9317146,47.5237386,2025-12-10 23:52:29.000,_20251210_154452_CH06_TMO_5GNR_VoNR-MT_REF-2_TC150-1.dml,NR SA,,,,,25,594,,,
473,1,,,-121.9317146,47.5237386,2025-12-10 23:52:30.000,_20251210_154452_CH06_TMO_5GNR_VoNR-MT_REF-2_TC150-1.dml,NR SA,,,,,25,594,,,
474,1,,,-121.9317146,47.5237386,2025-12-10 23:52:31.000,_20251210_154452_CH06_TMO_5GNR_VoNR-MT_REF-2_TC150-1.dml,NR SA,,,,,25,594,,,
475,1,,,-121.9317146,47.5237386,2025-12-10 23:52:32.000,_20251210_154452_CH06_TMO_5GNR_VoNR-MT_REF-2_TC150-1.dml,NR SA,,,,,25,594,,,
476,1,,,-121.9317146,47.5237386,2025-12-10 23:52:33.000,_20251210_154452_CH06_TMO_5GNR_VoNR-MT_REF-2_TC150-1.dml,NR SA,,,,,25,594,,,
477,1,,,-121.9317146,47.5237386,2025-12-10 23:52:34.000,_20251210_154452_CH06_TMO_5GNR_VoNR-MT_REF-2_TC150-1.dml,NR SA,,,,,25,594,,,
478,1,,,-121.9317146,47.5237386,2025-12-10 23:52:35.000,_20251210_154452_CH06_TMO_5GNR_VoNR-MT_REF-2_TC150-1.dml,NR SA,,,,,25,594,,,
479,1,,,-121.9317146,47.5237386,2025-12-10 23:52:36.000,_20251210_154452_CH06_TMO_5GNR_VoNR-MT_REF-2_TC150-1.dml,NR SA,,,,,25,594,,,
480,1,,,-121.9317146,47.5237386,2025-12-10 23:52:37.000,_20251210_154452_CH06_TMO_5GNR_VoNR-MT_REF-2_TC150-1.dml,NR SA,,,,,25,594,,,
481,1,,,-121.9317146,47.5237386,2025-12-10 23:52:37.817,_20251210_154452_CH06_TMO_5GNR_VoNR-MT_REF-2_TC150-1.dml,,,,-93.232686,,,,,4.136558,0.338867
482,1,,,-121.9317146,47.5237386,2025-12-10 23:52:38.000,_20251210_154452_CH06_TMO_5GNR_VoNR-MT_REF-2_TC150-1.dml,NR SA,,,,,25,594,,,
483,1,,,-121.9317146,47.5237386,2025-12-10 23:52:39.000,_20251210_154452_CH06_TMO_5GNR_VoNR-MT_REF-2_TC150-1.dml,NR SA,,,,,25,594,,,
484,1,,,-121.9317146,47.5237386,2025-12-10 23:52:40.000,_20251210_154452_CH06_TMO_5GNR_VoNR-MT_REF-2_TC150-1.dml,NR SA,,,,,25,594,,,
485,1,,,-121.9317146,47.5237386,2025-12-10 23:52:41.000,_20251210_154452_CH06_TMO_5GNR_VoNR-MT_REF-2_TC150-1.dml,NR SA,,,,,25,594,,,
486,1,,,-121.9317146,47.5237386,2025-12-10 23:52:42.000,_20251210_154452_CH06_TMO_5GNR_VoNR-MT_REF-2_TC150-1.dml,NR SA,,,,,25,594,,,
487,1,,,-121.9317146,47.5237386,2025-12-10 23:52:43.000,_20251210_154452_CH06_TMO_5GNR_VoNR-MT_REF-2_TC150-1.dml,NR SA,,,,,25,594,,,
488,1,,,-121.9317146,47.5237386,2025-12-10 23:52:44.000,_20251210_154452_CH06_TMO_5GNR_VoNR-MT_REF-2_TC150-1.dml,NR SA,,,,,25,594,,,
489,1,,,-121.9317146,47.5237386,2025-12-10 23:52:45.000,_20251210_154452_CH06_TMO_5GNR_VoNR-MT_REF-2_TC150-1.dml,NR SA,,,,,25,594,,,
490,1,,,-121.9317146,47.5237386,2025-12-10 23:52:46.000,_20251210_154452_CH06_TMO_5GNR_VoNR-MT_REF-2_TC150-1.dml,NR SA,,,,,25,594,,,
491,1,,,-121.9317146,47.5237386,2025-12-10 23:52:47.000,_20251210_154452_CH06_TMO_5GNR_VoNR-MT_REF-2_TC150-1.dml,NR SA,,,,,25,594,,,
492,1,,,-121.9317146,47.5237386,2025-12-10 23:52:48.000,_20251210_154452_CH06_TMO_5GNR_VoNR-MT_REF-2_TC150-1.dml,NR SA,,,,,25,594,,,
493,1,,,-121.9317146,47.5237386,2025-12-10 23:52:49.000,_20251210_154452_CH06_TMO_5GNR_VoNR-MT_REF-2_TC150-1.dml,NR SA,,,,,25,594,,,
494,1,,,-121.9317146,47.5237386,2025-12-10 23:52:50.000,_20251210_154452_CH06_TMO_5GNR_VoNR-MT_REF-2_TC150-1.dml,NR SA,,,,,25,594,,,
495,1,,,-121.9317146,47.5237386,2025-12-10 23:52:51.000,_20251210_154452_CH06_TMO_5GNR_VoNR-MT_REF-2_TC150-1.dml,NR SA,,,,,25,594,,,
496,1,,,-121.9317146,47.5237386,2025-12-10 23:52:51.599,_20251210_154452_CH06_TMO_5GNR_VoNR-MT_REF-2_TC150-1.dml,,,,-92.411390,,,,,4.013716,0.325891
497,1,,,-121.9317146,47.5237386,2025-12-10 23:52:52.000,_20251210_154452_CH06_TMO_5GNR_VoNR-MT_REF-2_TC150-1.dml,NR SA,,,,,25,594,,,
498,1,,,-121.9317146,47.5237386,2025-12-10 23:52:53.000,_20251210_154452_CH06_TMO_5GNR_VoNR-MT_REF-2_TC150-1.dml,NR SA,,,,,25,594,,,
499,1,,,-121.9317146,47.5237386,2025-12-10 23:52:54.000,_20251210_154452_CH06_TMO_5GNR_VoNR-MT_REF-2_TC150-1.dml,NR SA,,,,,25,594,,,
500,1,,,-121.9317146,47.5237386,2025-12-10 23:52:55.000,_20251210_154452_CH06_TMO_5GNR_VoNR-MT_REF-2_TC150-1.dml,NR SA,,,,,25,594,,,
501,1,,,-121.9317146,47.5237386,2025-12-10 23:52:56.000,_20251210_154452_CH06_TMO_5GNR_VoNR-MT_REF-2_TC150-1.dml,NR SA,,,,,25,594,,,
502,1,,,-121.9317146,47.5237386,2025-12-10 23:52:57.000,_20251210_154452_CH06_TMO_5GNR_VoNR-MT_REF-2_TC150-1.dml,NR SA,,,,,25,594,,,
503,1,,,-121.9317146,47.5237386,2025-12-10 23:52:58.000,_20251210_154452_CH06_TMO_5GNR_VoNR-MT_REF-2_TC150-1.dml,NR SA,,,,,25,594,,,
504,1,,,-121.9317146,47.5237386,2025-12-10 23:52:59.000,_20251210_154452_CH06_TMO_5GNR_VoNR-MT_REF-2_TC150-1.dml,NR SA,,,,,25,594,,,
505,1,,,-121.9317146,47.5237386,2025-12-10 23:53:00.000,_20251210_154452_CH06_TMO_5GNR_VoNR-MT_REF-2_TC150-1.dml,NR SA,,,,,25,594,,,
506,1,,,-121.9317146,47.5237386,2025-12-10 23:53:01.000,_20251210_154452_CH06_TMO_5GNR_VoNR-MT_REF-2_TC150-1.dml,NR SA,,,,,25,594,,,
507,1,,,-121.9317146,47.5237386,2025-12-10 23:53:02.000,_20251210_154452_CH06_TMO_5GNR_VoNR-MT_REF-2_TC150-1.dml,NR SA,,,,,25,594,,,
508,1,,,-121.9317146,47.5237386,2025-12-10 23:53:03.000,_20251210_154452_CH06_TMO_5GNR_VoNR-MT_REF-2_TC150-1.dml,NR SA,,,,,25,594,,,
509,1,,,-121.9317146,47.5237386,2025-12-10 23:53:04.000,_20251210_154452_CH06_TMO_5GNR_VoNR-MT_REF-2_TC150-1.dml,NR SA,,,,,25,594,,,
510,1,,,-121.9317146,47.5237386,2025-12-10 23:53:05.000,_20251210_154452_CH06_TMO_5GNR_VoNR-MT_REF-2_TC150-1.dml,NR SA,,,,,25,594,,,
511,1,,,-121.9317146,47.5237386,2025-12-10 23:53:05.645,_20251210_154452_CH06_TMO_5GNR_VoNR-MT_REF-2_TC150-1.dml,,,,-90.724431,,,,,4.096421,0.325238
512,1,,,-121.9317146,47.5237386,2025-12-10 23:53:06.000,_20251210_154452_CH06_TMO_5GNR_VoNR-MT_REF-2_TC150-1.dml,NR SA,,,,,25,594,,,
513,1,,,-121.9317146,47.5237386,2025-12-10 23:53:07.000,_20251210_154452_CH06_TMO_5GNR_VoNR-MT_REF-2_TC150-1.dml,NR SA,,,,,25,594,,,
514,1,,,-121.9317146,47.5237386,2025-12-10 23:53:08.000,_20251210_154452_CH06_TMO_5GNR_VoNR-MT_REF-2_TC150-1.dml,NR SA,,,,,25,594,,,
515,1,,,-121.9317146,47.5237386,2025-12-10 23:53:09.000,_20251210_154452_CH06_TMO_5GNR_VoNR-MT_REF-2_TC150-1.dml,NR SA,,,,,25,594,,,
516,1,,,-121.9317146,47.5237386,2025-12-10 23:53:10.000,_20251210_154452_CH06_TMO_5GNR_VoNR-MT_REF-2_TC150-1.dml,NR SA,,,,,25,594,,,
517,1,,,-121.9317146,47.5237386,2025-12-10 23:53:11.000,_20251210_154452_CH06_TMO_5GNR_VoNR-MT_REF-2_TC150-1.dml,NR SA,,,,,25,594,,,
518,1,,,-121.9317146,47.5237386,2025-12-10 23:53:12.000,_20251210_154452_CH06_TMO_5GNR_VoNR-MT_REF-2_TC150-1.dml,NR SA,,,,,25,594,,,
519,1,,,-121.9317146,47.5237386,2025-12-10 23:53:13.000,_20251210_154452_CH06_TMO_5GNR_VoNR-MT_REF-2_TC150-1.dml,NR SA,,,,,25,594,,,
520,1,,,-121.9317146,47.5237386,2025-12-10 23:53:14.000,_20251210_154452_CH06_TMO_5GNR_VoNR-MT_REF-2_TC150-1.dml,NR SA,,,,,25,594,,,
521,1,,,-121.9317146,47.5237386,2025-12-10 23:53:15.000,_20251210_154452_CH06_TMO_5GNR_VoNR-MT_REF-2_TC150-1.dml,NR SA,,,,,25,594,,,
522,1,,,-121.9317146,47.5237386,2025-12-10 23:53:16.000,_20251210_154452_CH06_TMO_5GNR_VoNR-MT_REF-2_TC150-1.dml,NR SA,,,,,25,594,,,
523,1,,,-121.9317146,47.5237386,2025-12-10 23:53:17.000,_20251210_154452_CH06_TMO_5GNR_VoNR-MT_REF-2_TC150-1.dml,NR SA,,,,,25,594,,,
524,1,,,-121.9317146,47.5237386,2025-12-10 23:53:18.000,_20251210_154452_CH06_TMO_5GNR_VoNR-MT_REF-2_TC150-1.dml,NR SA,,,,,25,594,,,
525,1,,,-121.9317146,47.5237386,2025-12-10 23:53:19.000,_20251210_154452_CH06_TMO_5GNR_VoNR-MT_REF-2_TC150-1.dml,NR SA,,,,,25,594,,,
526,1,,,-121.9317146,47.5237386,2025-12-10 23:53:19.630,_20251210_154452_CH06_TMO_5GNR_VoNR-MT_REF-2_TC150-1.dml,,,,-92.202621,,,,,4.078924,0.331486
527,1,,,-121.9317146,47.5237386,2025-12-10 23:53:20.000,_20251210_154452_CH06_TMO_5GNR_VoNR-MT_REF-2_TC150-1.dml,NR SA,,,,,25,594,,,
528,1,,,-121.9317146,47.5237386,2025-12-10 23:53:21.000,_20251210_154452_CH06_TMO_5GNR_VoNR-MT_REF-2_TC150-1.dml,NR SA,,,,,25,594,,,
529,1,,,-121.9317146,47.5237386,2025-12-10 23:53:22.000,_20251210_154452_CH06_TMO_5GNR_VoNR-MT_REF-2_TC150-1.dml,NR SA,,,,,25,594,,,
530,1,,,-121.9317146,47.5237386,2025-12-10 23:53:23.000,_20251210_154452_CH06_TMO_5GNR_VoNR-MT_REF-2_TC150-1.dml,NR SA,,,,,25,594,,,
531,1,,,-121.9317146,47.5237386,2025-12-10 23:53:24.000,_20251210_154452_CH06_TMO_5GNR_VoNR-MT_REF-2_TC150-1.dml,NR SA,,,,,25,594,,,
532,1,,,-121.9317146,47.5237386,2025-12-10 23:53:25.000,_20251210_154452_CH06_TMO_5GNR_VoNR-MT_REF-2_TC150-1.dml,NR SA,,,,,25,594,,,
533,1,,,-121.9317146,47.5237386,2025-12-10 23:53:26.000,_20251210_154452_CH06_TMO_5GNR_VoNR-MT_REF-2_TC150-1.dml,NR SA,,,,,25,594,,,
534,1,,,-121.9317146,47.5237386,2025-12-10 23:53:27.000,_20251210_154452_CH06_TMO_5GNR_VoNR-MT_REF-2_TC150-1.dml,NR SA,,,,,25,594,,,
535,1,,,-121.9317146,47.5237386,2025-12-10 23:53:28.000,_20251210_154452_CH06_TMO_5GNR_VoNR-MT_REF-2_TC150-1.dml,NR SA,,,,,25,594,,,
536,1,,,-121.9317146,47.5237386,2025-12-10 23:53:29.000,_20251210_154452_CH06_TMO_5GNR_VoNR-MT_REF-2_TC150-1.dml,NR SA,,,,,25,594,,,
537,1,,,-121.9317146,47.5237386,2025-12-10 23:53:30.000,_20251210_154452_CH06_TMO_5GNR_VoNR-MT_REF-2_TC150-1.dml,NR SA,,,,,25,594,,,
538,1,,,-121.9317146,47.5237386,2025-12-10 23:53:31.000,_20251210_154452_CH06_TMO_5GNR_VoNR-MT_REF-2_TC150-1.dml,NR SA,,,,,25,594,,,
539,1,,,-121.9317146,47.5237386,2025-12-10 23:53:32.000,_20251210_154452_CH06_TMO_5GNR_VoNR-MT_REF-2_TC150-1.dml,NR SA,,,,,25,594,,,
540,1,,,-121.9317146,47.5237386,2025-12-10 23:53:33.000,_20251210_154452_CH06_TMO_5GNR_VoNR-MT_REF-2_TC150-1.dml,NR SA,,,,,25,594,,,
541,1,,,-121.9317146,47.5237386,2025-12-10 23:53:33.974,_20251210_154452_CH06_TMO_5GNR_VoNR-MT_REF-2_TC150-1.dml,,,,-94.046649,,,,,4.064287,0.344423
542,1,,,-121.9317146,47.5237386,2025-12-10 23:53:34.000,_20251210_154452_CH06_TMO_5GNR_VoNR-MT_REF-2_TC150-1.dml,NR SA,,,,,25,594,,,
543,1,,,-121.9317146,47.5237386,2025-12-10 23:53:35.000,_20251210_154452_CH06_TMO_5GNR_VoNR-MT_REF-2_TC150-1.dml,NR SA,,,,,25,594,,,
544,1,,,-121.9317146,47.5237386,2025-12-10 23:53:36.000,_20251210_154452_CH06_TMO_5GNR_VoNR-MT_REF-2_TC150-1.dml,NR SA,,,,,25,594,,,
545,1,,,-121.9317146,47.5237386,2025-12-10 23:53:37.000,_20251210_154452_CH06_TMO_5GNR_VoNR-MT_REF-2_TC150-1.dml,NR SA,,,,,25,594,,,
546,1,,,-121.9317146,47.5237386,2025-12-10 23:53:38.000,_20251210_154452_CH06_TMO_5GNR_VoNR-MT_REF-2_TC150-1.dml,,,,,,25,594,,,
547,1,,,-121.9317146,47.5237386,2025-12-10 23:53:39.000,_20251210_154452_CH06_TMO_5GNR_VoNR-MT_REF-2_TC150-1.dml,,,,,,25,594,,,
548,1,,,-121.9317146,47.5237386,2025-12-10 23:53:40.000,_20251210_154452_CH06_TMO_5GNR_VoNR-MT_REF-2_TC150-1.dml,,,,,,25,594,,,
549,1,,,-121.9317146,47.5237386,2025-12-10 23:53:41.000,_20251210_154452_CH06_TMO_5GNR_VoNR-MT_REF-2_TC150-1.dml,,,,,,25,594,,,
550,1,,,-121.9317146,47.5237386,2025-12-10 23:53:42.000,_20251210_154452_CH06_TMO_5GNR_VoNR-MT_REF-2_TC150-1.dml,,,,,,25,594,,,
551,1,,,-121.9317146,47.5237386,2025-12-10 23:53:43.000,_20251210_154452_CH06_TMO_5GNR_VoNR-MT_REF-2_TC150-1.dml,,,,,,25,594,,,
552,1,,,-121.9317146,47.5237386,2025-12-10 23:53:44.000,_20251210_154452_CH06_TMO_5GNR_VoNR-MT_REF-2_TC150-1.dml,,,,,,25,594,,,
553,1,,,-121.9317146,47.5237386,2025-12-10 23:53:45.000,_20251210_154452_CH06_TMO_5GNR_VoNR-MT_REF-2_TC150-1.dml,,,,,,25,594,,,
554,1,,,-121.9317146,47.5237386,2025-12-10 23:53:46.000,_20251210_154452_CH06_TMO_5GNR_VoNR-MT_REF-2_TC150-1.dml,,,,,,25,594,,,
555,1,,,-121.9317146,47.5237386,2025-12-10 23:53:47.000,_20251210_154452_CH06_TMO_5GNR_VoNR-MT_REF-2_TC150-1.dml,,,,,,25,594,,,
556,1,,,-121.9317146,47.5237386,2025-12-10 23:53:48.000,_20251210_154452_CH06_TMO_5GNR_VoNR-MT_REF-2_TC150-1.dml,,,,,,25,594,,,
557,1,,,-121.9317146,47.5237386,2025-12-10 23:53:49.000,_20251210_154452_CH06_TMO_5GNR_VoNR-MT_REF-2_TC150-1.dml,,,,,,25,594,,,
558,1,,,-121.9317146,47.5237386,2025-12-10 23:53:50.000,_20251210_154452_CH06_TMO_5GNR_VoNR-MT_REF-2_TC150-1.dml,,,,,,25,594,,,
559,1,,,-121.9317146,47.5237386,2025-12-10 23:53:51.000,_20251210_154452_CH06_TMO_5GNR_VoNR-MT_REF-2_TC150-1.dml,,,,,,25,594,,,
560,1,,,-121.9317146,47.5237386,2025-12-10 23:53:52.000,_20251210_154452_CH06_TMO_5GNR_VoNR-MT_REF-2_TC150-1.dml,,,,,,25,594,,,
561,1,,,-121.9317146,47.5237386,2025-12-10 23:53:53.000,_20251210_154452_CH06_TMO_5GNR_VoNR-MT_REF-2_TC150-1.dml,,,,,,25,594,,,
562,1,,,-121.9317146,47.5237386,2025-12-10 23:53:54.000,_20251210_154452_CH06_TMO_5GNR_VoNR-MT_REF-2_TC150-1.dml,,,,,,,,,,
563,1,,,-121.9317146,47.5237386,2025-12-10 23:53:55.000,_20251210_154452_CH06_TMO_5GNR_VoNR-MT_REF-2_TC150-1.dml,,,,,,,,,,
564,1,,,-121.9317146,47.5237386,2025-12-10 23:53:56.000,_20251210_154452_CH06_TMO_5GNR_VoNR-MT_REF-2_TC150-1.dml,,,,,,25,594,,,
565,1,,,-121.9317146,47.5237386,2025-12-10 23:53:57.000,_20251210_154452_CH06_TMO_5GNR_VoNR-MT_REF-2_TC150-1.dml,,,,,,25,594,,,
566,1,,,-121.9317146,47.5237386,2025-12-10 23:53:58.000,_20251210_154452_CH06_TMO_5GNR_VoNR-MT_REF-2_TC150-1.dml,,,,,,,,,,
567,1,,,-121.9317146,47.5237386,2025-12-10 23:53:59.000,_20251210_154452_CH06_TMO_5GNR_VoNR-MT_REF-2_TC150-1.dml,,,,,,25,594,,,
568,1,,,-121.9317146,47.5237386,2025-12-10 23:54:00.000,_20251210_154452_CH06_TMO_5GNR_VoNR-MT_REF-2_TC150-1.dml,,,,,,25,594,,,
569,1,,,-121.9317146,47.5237386,2025-12-10 23:54:01.000,_20251210_154452_CH06_TMO_5GNR_VoNR-MT_REF-2_TC150-1.dml,,,,,,25,594,,,
570,1,,,-121.9317146,47.5237386,2025-12-10 23:54:02.000,_20251210_154452_CH06_TMO_5GNR_VoNR-MT_REF-2_TC150-1.dml,,,,,,25,594,,,
571,1,,,-121.9317146,47.5237386,2025-12-10 23:54:03.000,_20251210_154452_CH06_TMO_5GNR_VoNR-MT_REF-2_TC150-1.dml,,,,,,,,,,
572,1,,,-121.9317146,47.5237386,2025-12-10 23:54:04.000,_20251210_154452_CH06_TMO_5GNR_VoNR-MT_REF-2_TC150-1.dml,,,,,,25,594,,,
573,1,,,-121.9317146,47.5237386,2025-12-10 23:54:05.000,_20251210_154452_CH06_TMO_5GNR_VoNR-MT_REF-2_TC150-1.dml,,,,,,25,594,,,
574,1,,,-121.9317146,47.5237386,2025-12-10 23:54:06.000,_20251210_154452_CH06_TMO_5GNR_VoNR-MT_REF-2_TC150-1.dml,,,,,,25,594,,,
575,1,,,-121.9317146,47.5237386,2025-12-10 23:54:07.000,_20251210_154452_CH06_TMO_5GNR_VoNR-MT_REF-2_TC150-1.dml,,,,,,25,594,,,
576,1,,,-121.9317146,47.5237386,2025-12-10 23:54:08.000,_20251210_154452_CH06_TMO_5GNR_VoNR-MT_REF-2_TC150-1.dml,,,,,,,,,,
577,1,,,-121.9317146,47.5237386,2025-12-10 23:54:09.000,_20251210_154452_CH06_TMO_5GNR_VoNR-MT_REF-2_TC150-1.dml,,,,,,25,594,,,
578,1,,,-121.9317146,47.5237386,2025-12-10 23:54:10.000,_20251210_154452_CH06_TMO_5GNR_VoNR-MT_REF-2_TC150-1.dml,,,,,,25,594,,,
579,1,,,-121.9317146,47.5237386,2025-12-10 23:54:11.000,_20251210_154452_CH06_TMO_5GNR_VoNR-MT_REF-2_TC150-1.dml,,,,,,25,594,,,
580,1,,,-121.9317146,47.5237386,2025-12-10 23:54:12.000,_20251210_154452_CH06_TMO_5GNR_VoNR-MT_REF-2_TC150-1.dml,,,,,,,,,,
581,1,,,-121.9317146,47.5237386,2025-12-10 23:54:13.000,_20251210_154452_CH06_TMO_5GNR_VoNR-MT_REF-2_TC150-1.dml,,,,,,25,594,,,
582,1,,,-121.9317146,47.5237386,2025-12-10 23:54:14.000,_20251210_154452_CH06_TMO_5GNR_VoNR-MT_REF-2_TC150-1.dml,,,,,,25,594,,,
583,1,,,-121.9317146,47.5237386,2025-12-10 23:54:15.000,_20251210_154452_CH06_TMO_5GNR_VoNR-MT_REF-2_TC150-1.dml,,,,,,25,594,,,
584,1,,,-121.9317146,47.5237386,2025-12-10 23:54:16.000,_20251210_154452_CH06_TMO_5GNR_VoNR-MT_REF-2_TC150-1.dml,,,,,,25,594,,,
585,1,,,-121.9317146,47.5237386,2025-12-10 23:54:17.000,_20251210_154452_CH06_TMO_5GNR_VoNR-MT_REF-2_TC150-1.dml,,,,,,,,,,
586,1,,,-121.9317146,47.5237386,2025-12-10 23:54:18.000,_20251210_154452_CH06_TMO_5GNR_VoNR-MT_REF-2_TC150-1.dml,,,,,,25,594,,,
587,1,,,-121.9317146,47.5237386,2025-12-10 23:54:19.000,_20251210_154452_CH06_TMO_5GNR_VoNR-MT_REF-2_TC150-1.dml,,,,,,25,594,,,
588,1,,,-121.9317146,47.5237386,2025-12-10 23:54:20.000,_20251210_154452_CH06_TMO_5GNR_VoNR-MT_REF-2_TC150-1.dml,,,,,,25,594,,,
589,1,,,-121.9317146,47.5237386,2025-12-10 23:54:21.000,_20251210_154452_CH06_TMO_5GNR_VoNR-MT_REF-2_TC150-1.dml,NR SA,,,,,25,594,,,
590,1,,,-121.9317146,47.5237386,2025-12-10 23:54:22.000,_20251210_154452_CH06_TMO_5GNR_VoNR-MT_REF-2_TC150-1.dml,NR SA,,,,,25,594,,,
591,1,,,-121.9317146,47.5237386,2025-12-10 23:54:23.000,_20251210_154452_CH06_TMO_5GNR_VoNR-MT_REF-2_TC150-1.dml,NR SA,,,,,25,594,,,
592,1,,,-121.9317146,47.5237386,2025-12-10 23:54:24.000,_20251210_154452_CH06_TMO_5GNR_VoNR-MT_REF-2_TC150-1.dml,NR SA,,,,,25,594,,,
593,1,,,-121.9317146,47.5237386,2025-12-10 23:54:25.000,_20251210_154452_CH06_TMO_5GNR_VoNR-MT_REF-2_TC150-1.dml,NR SA,,,,,25,594,,,
594,1,,,-121.9317146,47.5237386,2025-12-10 23:54:26.000,_20251210_154452_CH06_TMO_5GNR_VoNR-MT_REF-2_TC150-1.dml,NR SA,,,,,25,594,,,
595,1,,,-121.9317146,47.5237386,2025-12-10 23:54:27.000,_20251210_154452_CH06_TMO_5GNR_VoNR-MT_REF-2_TC150-1.dml,NR SA,,,,,25,594,,,
596,1,,,-121.9317146,47.5237386,2025-12-10 23:54:28.000,_20251210_154452_CH06_TMO_5GNR_VoNR-MT_REF-2_TC150-1.dml,NR SA,,,,,25,594,,,
597,1,,,-121.9317146,47.5237386,2025-12-10 23:54:29.000,_20251210_154452_CH06_TMO_5GNR_VoNR-MT_REF-2_TC150-1.dml,NR SA,,,,,25,594,,,
598,1,,,-121.9317146,47.5237386,2025-12-10 23:54:30.000,_20251210_154452_CH06_TMO_5GNR_VoNR-MT_REF-2_TC150-1.dml,NR SA,,,,,25,594,,,
599,1,,,-121.9317146,47.5237386,2025-12-10 23:54:31.000,_20251210_154452_CH06_TMO_5GNR_VoNR-MT_REF-2_TC150-1.dml,NR SA,,,,,25,594,,,
600,1,,,-121.9317146,47.5237386,2025-12-10 23:54:32.000,_20251210_154452_CH06_TMO_5GNR_VoNR-MT_REF-2_TC150-1.dml,NR SA,,,,,25,594,,,
601,1,,,-121.9317146,47.5237386,2025-12-10 23:54:33.000,_20251210_154452_CH06_TMO_5GNR_VoNR-MT_REF-2_TC150-1.dml,NR SA,,,,,25,594,,,
602,1,,,-121.9317146,47.5237386,2025-12-10 23:54:34.000,_20251210_154452_CH06_TMO_5GNR_VoNR-MT_REF-2_TC150-1.dml,NR SA,,,,,25,594,,,
603,1,,,-121.9317146,47.5237386,2025-12-10 23:54:35.000,_20251210_154452_CH06_TMO_5GNR_VoNR-MT_REF-2_TC150-1.dml,NR SA,,,,,25,594,,,
604,1,,,-121.9317146,47.5237386,2025-12-10 23:54:36.000,_20251210_154452_CH06_TMO_5GNR_VoNR-MT_REF-2_TC150-1.dml,NR SA,,,,,25,594,,,
605,1,,,-121.9317146,47.5237386,2025-12-10 23:54:37.000,_20251210_154452_CH06_TMO_5GNR_VoNR-MT_REF-2_TC150-1.dml,NR SA,,,,,25,594,,,
606,1,,,-121.9317146,47.5237386,2025-12-10 23:54:37.895,_20251210_154452_CH06_TMO_5GNR_VoNR-MT_REF-2_TC150-1.dml,,,,-92.728393,,,,,4.034369,0.326203
607,1,,,-121.9317146,47.5237386,2025-12-10 23:54:38.000,_20251210_154452_CH06_TMO_5GNR_VoNR-MT_REF-2_TC150-1.dml,NR SA,,,,,25,594,,,
608,1,,,-121.9317146,47.5237386,2025-12-10 23:54:39.000,_20251210_154452_CH06_TMO_5GNR_VoNR-MT_REF-2_TC150-1.dml,NR SA,,,,,25,594,,,
609,1,,,-121.9317146,47.5237386,2025-12-10 23:54:40.000,_20251210_154452_CH06_TMO_5GNR_VoNR-MT_REF-2_TC150-1.dml,NR SA,,,,,25,594,,,
610,1,,,-121.9317146,47.5237386,2025-12-10 23:54:41.000,_20251210_154452_CH06_TMO_5GNR_VoNR-MT_REF-2_TC150-1.dml,NR SA,,,,,25,594,,,
611,1,,,-121.9317146,47.5237386,2025-12-10 23:54:42.000,_20251210_154452_CH06_TMO_5GNR_VoNR-MT_REF-2_TC150-1.dml,NR SA,,,,,25,594,,,
612,1,,,-121.9317146,47.5237386,2025-12-10 23:54:43.000,_20251210_154452_CH06_TMO_5GNR_VoNR-MT_REF-2_TC150-1.dml,NR SA,,,,,25,594,,,
613,1,,,-121.9317146,47.5237386,2025-12-10 23:54:44.000,_20251210_154452_CH06_TMO_5GNR_VoNR-MT_REF-2_TC150-1.dml,NR SA,,,,,25,594,,,
614,1,,,-121.9317146,47.5237386,2025-12-10 23:54:45.000,_20251210_154452_CH06_TMO_5GNR_VoNR-MT_REF-2_TC150-1.dml,NR SA,,,,,25,594,,,
615,1,,,-121.9317146,47.5237386,2025-12-10 23:54:46.000,_20251210_154452_CH06_TMO_5GNR_VoNR-MT_REF-2_TC150-1.dml,NR SA,,,,,25,594,,,
616,1,,,-121.9317146,47.5237386,2025-12-10 23:54:47.000,_20251210_154452_CH06_TMO_5GNR_VoNR-MT_REF-2_TC150-1.dml,NR SA,,,,,25,594,,,
617,1,,,-121.9317146,47.5237386,2025-12-10 23:54:48.000,_20251210_154452_CH06_TMO_5GNR_VoNR-MT_REF-2_TC150-1.dml,NR SA,,,,,25,594,,,
618,1,,,-121.9317146,47.5237386,2025-12-10 23:54:49.000,_20251210_154452_CH06_TMO_5GNR_VoNR-MT_REF-2_TC150-1.dml,NR SA,,,,,25,594,,,
619,1,,,-121.9317146,47.5237386,2025-12-10 23:54:50.000,_20251210_154452_CH06_TMO_5GNR_VoNR-MT_REF-2_TC150-1.dml,NR SA,,,,,25,594,,,
620,1,,,-121.9317146,47.5237386,2025-12-10 23:54:51.000,_20251210_154452_CH06_TMO_5GNR_VoNR-MT_REF-2_TC150-1.dml,NR SA,,,,,25,594,,,
621,1,,,-121.9317146,47.5237386,2025-12-10 23:54:51.834,_20251210_154452_CH06_TMO_5GNR_VoNR-MT_REF-2_TC150-1.dml,,,,-91.931474,,,,,4.137415,0.329134
622,1,,,-121.9317146,47.5237386,2025-12-10 23:54:52.000,_20251210_154452_CH06_TMO_5GNR_VoNR-MT_REF-2_TC150-1.dml,NR SA,,,,,25,594,,,
623,1,,,-121.9317146,47.5237386,2025-12-10 23:54:53.000,_20251210_154452_CH06_TMO_5GNR_VoNR-MT_REF-2_TC150-1.dml,NR SA,,,,,25,594,,,
624,1,,,-121.9317146,47.5237386,2025-12-10 23:54:54.000,_20251210_154452_CH06_TMO_5GNR_VoNR-MT_REF-2_TC150-1.dml,NR SA,,,,,25,594,,,
625,1,,,-121.9317146,47.5237386,2025-12-10 23:54:55.000,_20251210_154452_CH06_TMO_5GNR_VoNR-MT_REF-2_TC150-1.dml,NR SA,,,,,25,594,,,
626,1,,,-121.9317146,47.5237386,2025-12-10 23:54:56.000,_20251210_154452_CH06_TMO_5GNR_VoNR-MT_REF-2_TC150-1.dml,NR SA,,,,,25,594,,,
627,1,,,-121.9317146,47.5237386,2025-12-10 23:54:57.000,_20251210_154452_CH06_TMO_5GNR_VoNR-MT_REF-2_TC150-1.dml,NR SA,,,,,25,594,,,
628,1,,,-121.9317146,47.5237386,2025-12-10 23:54:58.000,_20251210_154452_CH06_TMO_5GNR_VoNR-MT_REF-2_TC150-1.dml,NR SA,,,,,25,594,,,
629,1,,,-121.9317146,47.5237386,2025-12-10 23:54:59.000,_20251210_154452_CH06_TMO_5GNR_VoNR-MT_REF-2_TC150-1.dml,NR SA,,,,,25,594,,,
630,1,,,-121.9317146,47.5237386,2025-12-10 23:55:00.000,_20251210_154452_CH06_TMO_5GNR_VoNR-MT_REF-2_TC150-1.dml,NR SA,,,,,25,594,,,
631,1,,,-121.9317146,47.5237386,2025-12-10 23:55:01.000,_20251210_154452_CH06_TMO_5GNR_VoNR-MT_REF-2_TC150-1.dml,NR SA,,,,,25,594,,,
632,1,,,-121.9317146,47.5237386,2025-12-10 23:55:02.000,_20251210_154452_CH06_TMO_5GNR_VoNR-MT_REF-2_TC150-1.dml,NR SA,,,,,25,594,,,
633,1,,,-121.9317146,47.5237386,2025-12-10 23:55:03.000,_20251210_154452_CH06_TMO_5GNR_VoNR-MT_REF-2_TC150-1.dml,NR SA,,,,,25,594,,,
634,1,,,-121.9317146,47.5237386,2025-12-10 23:55:04.000,_20251210_154452_CH06_TMO_5GNR_VoNR-MT_REF-2_TC150-1.dml,NR SA,,,,,25,594,,,
635,1,,,-121.9317146,47.5237386,2025-12-10 23:55:05.000,_20251210_154452_CH06_TMO_5GNR_VoNR-MT_REF-2_TC150-1.dml,NR SA,,,,,25,594,,,
636,1,,,-121.9317146,47.5237386,2025-12-10 23:55:05.474,_20251210_154452_CH06_TMO_5GNR_VoNR-MT_REF-2_TC150-1.dml,,,,-91.823089,,,,,4.107506,0.355860
637,1,,,-121.9317146,47.5237386,2025-12-10 23:55:06.000,_20251210_154452_CH06_TMO_5GNR_VoNR-MT_REF-2_TC150-1.dml,NR SA,,,,,25,594,,,
638,1,,,-121.9317146,47.5237386,2025-12-10 23:55:07.000,_20251210_154452_CH06_TMO_5GNR_VoNR-MT_REF-2_TC150-1.dml,NR SA,,,,,25,594,,,
639,1,,,-121.9317146,47.5237386,2025-12-10 23:55:08.000,_20251210_154452_CH06_TMO_5GNR_VoNR-MT_REF-2_TC150-1.dml,NR SA,,,,,25,594,,,
640,1,,,-121.9317146,47.5237386,2025-12-10 23:55:09.000,_20251210_154452_CH06_TMO_5GNR_VoNR-MT_REF-2_TC150-1.dml,NR SA,,,,,25,594,,,
641,1,,,-121.9317146,47.5237386,2025-12-10 23:55:10.000,_20251210_154452_CH06_TMO_5GNR_VoNR-MT_REF-2_TC150-1.dml,NR SA,,,,,25,594,,,
642,1,,,-121.9317146,47.5237386,2025-12-10 23:55:11.000,_20251210_154452_CH06_TMO_5GNR_VoNR-MT_REF-2_TC150-1.dml,NR SA,,,,,25,594,,,
643,1,,,-121.9317146,47.5237386,2025-12-10 23:55:12.000,_20251210_154452_CH06_TMO_5GNR_VoNR-MT_REF-2_TC150-1.dml,NR SA,,,,,25,594,,,
644,1,,,-121.9317146,47.5237386,2025-12-10 23:55:13.000,_20251210_154452_CH06_TMO_5GNR_VoNR-MT_REF-2_TC150-1.dml,NR SA,,,,,25,594,,,
645,1,,,-121.9317146,47.5237386,2025-12-10 23:55:14.000,_20251210_154452_CH06_TMO_5GNR_VoNR-MT_REF-2_TC150-1.dml,NR SA,,,,,25,594,,,
646,1,,,-121.9317146,47.5237386,2025-12-10 23:55:15.000,_20251210_154452_CH06_TMO_5GNR_VoNR-MT_REF-2_TC150-1.dml,NR SA,,,,,25,594,,,
647,1,,,-121.9317146,47.5237386,2025-12-10 23:55:16.000,_20251210_154452_CH06_TMO_5GNR_VoNR-MT_REF-2_TC150-1.dml,NR SA,,,,,25,594,,,
648,1,,,-121.9317146,47.5237386,2025-12-10 23:55:17.000,_20251210_154452_CH06_TMO_5GNR_VoNR-MT_REF-2_TC150-1.dml,NR SA,,,,,25,594,,,
649,1,,,-121.9317146,47.5237386,2025-12-10 23:55:18.000,_20251210_154452_CH06_TMO_5GNR_VoNR-MT_REF-2_TC150-1.dml,NR SA,,,,,25,594,,,
650,1,,,-121.9317146,47.5237386,2025-12-10 23:55:19.000,_20251210_154452_CH06_TMO_5GNR_VoNR-MT_REF-2_TC150-1.dml,NR SA,,,,,25,594,,,
651,1,,,-121.9317146,47.5237386,2025-12-10 23:55:19.459,_20251210_154452_CH06_TMO_5GNR_VoNR-MT_REF-2_TC150-1.dml,,,,-93.725353,,,,,4.058786,0.349662
652,1,,,-121.9317146,47.5237386,2025-12-10 23:55:20.000,_20251210_154452_CH06_TMO_5GNR_VoNR-MT_REF-2_TC150-1.dml,NR SA,,,,,25,594,,,
653,1,,,-121.9317146,47.5237386,2025-12-10 23:55:21.000,_20251210_154452_CH06_TMO_5GNR_VoNR-MT_REF-2_TC150-1.dml,NR SA,,,,,25,594,,,
654,1,,,-121.9317146,47.5237386,2025-12-10 23:55:22.000,_20251210_154452_CH06_TMO_5GNR_VoNR-MT_REF-2_TC150-1.dml,NR SA,,,,,25,594,,,
655,1,,,-121.9317146,47.5237386,2025-12-10 23:55:23.000,_20251210_154452_CH06_TMO_5GNR_VoNR-MT_REF-2_TC150-1.dml,NR SA,,,,,25,594,,,
656,1,,,-121.9317146,47.5237386,2025-12-10 23:55:24.000,_20251210_154452_CH06_TMO_5GNR_VoNR-MT_REF-2_TC150-1.dml,NR SA,,,,,25,594,,,
657,1,,,-121.9317146,47.5237386,2025-12-10 23:55:25.000,_20251210_154452_CH06_TMO_5GNR_VoNR-MT_REF-2_TC150-1.dml,NR SA,,,,,25,594,,,
658,1,,,-121.9317146,47.5237386,2025-12-10 23:55:26.000,_20251210_154452_CH06_TMO_5GNR_VoNR-MT_REF-2_TC150-1.dml,NR SA,,,,,25,594,,,
659,1,,,-121.9317146,47.5237386,2025-12-10 23:55:27.000,_20251210_154452_CH06_TMO_5GNR_VoNR-MT_REF-2_TC150-1.dml,NR SA,,,,,25,594,,,
660,1,,,-121.9317146,47.5237386,2025-12-10 23:55:28.000,_20251210_154452_CH06_TMO_5GNR_VoNR-MT_REF-2_TC150-1.dml,NR SA,,,,,25,594,,,
661,1,,,-121.9317146,47.5237386,2025-12-10 23:55:29.000,_20251210_154452_CH06_TMO_5GNR_VoNR-MT_REF-2_TC150-1.dml,NR SA,,,,,25,594,,,
662,1,,,-121.9317146,47.5237386,2025-12-10 23:55:30.000,_20251210_154452_CH06_TMO_5GNR_VoNR-MT_REF-2_TC150-1.dml,NR SA,,,,,25,594,,,
663,1,,,-121.9317146,47.5237386,2025-12-10 23:55:31.000,_20251210_154452_CH06_TMO_5GNR_VoNR-MT_REF-2_TC150-1.dml,NR SA,,,,,25,594,,,
664,1,,,-121.9317146,47.5237386,2025-12-10 23:55:32.000,_20251210_154452_CH06_TMO_5GNR_VoNR-MT_REF-2_TC150-1.dml,NR SA,,,,,25,594,,,
665,1,,,-121.9317146,47.5237386,2025-12-10 23:55:33.000,_20251210_154452_CH06_TMO_5GNR_VoNR-MT_REF-2_TC150-1.dml,NR SA,,,,,25,594,,,
666,1,,,-121.9317146,47.5237386,2025-12-10 23:55:33.520,_20251210_154452_CH06_TMO_5GNR_VoNR-MT_REF-2_TC150-1.dml,,,,-94.716917,,,,,3.974563,0.350253
667,1,,,-121.9317146,47.5237386,2025-12-10 23:55:34.000,_20251210_154452_CH06_TMO_5GNR_VoNR-MT_REF-2_TC150-1.dml,NR SA,,,,,25,594,,,
668,1,,,-121.9317146,47.5237386,2025-12-10 23:55:35.000,_20251210_154452_CH06_TMO_5GNR_VoNR-MT_REF-2_TC150-1.dml,NR SA,,,,,25,594,,,
669,1,,,-121.9317146,47.5237386,2025-12-10 23:55:36.000,_20251210_154452_CH06_TMO_5GNR_VoNR-MT_REF-2_TC150-1.dml,NR SA,,,,,25,594,,,
670,1,,,-121.9317146,47.5237386,2025-12-10 23:55:37.000,_20251210_154452_CH06_TMO_5GNR_VoNR-MT_REF-2_TC150-1.dml,NR SA,,,,,25,594,,,
671,1,,,-121.9317146,47.5237386,2025-12-10 23:55:38.000,_20251210_154452_CH06_TMO_5GNR_VoNR-MT_REF-2_TC150-1.dml,NR SA,,,,,25,594,,,
672,1,,,-121.9317146,47.5237386,2025-12-10 23:55:39.000,_20251210_154452_CH06_TMO_5GNR_VoNR-MT_REF-2_TC150-1.dml,NR SA,,,,,25,594,,,
673,1,,,-121.9317146,47.5237386,2025-12-10 23:55:40.000,_20251210_154452_CH06_TMO_5GNR_VoNR-MT_REF-2_TC150-1.dml,NR SA,,,,,25,594,,,
674,1,,,-121.9317146,47.5237386,2025-12-10 23:55:41.000,_20251210_154452_CH06_TMO_5GNR_VoNR-MT_REF-2_TC150-1.dml,NR SA,,,,,25,594,,,
675,1,,,-121.9317146,47.5237386,2025-12-10 23:55:42.000,_20251210_154452_CH06_TMO_5GNR_VoNR-MT_REF-2_TC150-1.dml,NR SA,,,,,25,594,,,
676,1,,,-121.9317146,47.5237386,2025-12-10 23:55:43.000,_20251210_154452_CH06_TMO_5GNR_VoNR-MT_REF-2_TC150-1.dml,NR SA,,,,,25,594,,,
677,1,,,-121.9317146,47.5237386,2025-12-10 23:55:44.000,_20251210_154452_CH06_TMO_5GNR_VoNR-MT_REF-2_TC150-1.dml,NR SA,,,,,25,594,,,
678,1,,,-121.9317146,47.5237386,2025-12-10 23:55:45.000,_20251210_154452_CH06_TMO_5GNR_VoNR-MT_REF-2_TC150-1.dml,NR SA,,,,,25,594,,,
679,1,,,-121.9317146,47.5237386,2025-12-10 23:55:46.000,_20251210_154452_CH06_TMO_5GNR_VoNR-MT_REF-2_TC150-1.dml,NR SA,,,,,25,594,,,
680,1,,,-121.9317146,47.5237386,2025-12-10 23:55:47.000,_20251210_154452_CH06_TMO_5GNR_VoNR-MT_REF-2_TC150-1.dml,NR SA,,,,,25,594,,,
681,1,,,-121.9317146,47.5237386,2025-12-10 23:55:47.426,_20251210_154452_CH06_TMO_5GNR_VoNR-MT_REF-2_TC150-1.dml,,,,-95.610159,,,,,1.045890,0.514059
682,1,,,-121.9317146,47.5237386,2025-12-10 23:55:48.000,_20251210_154452_CH06_TMO_5GNR_VoNR-MT_REF-2_TC150-1.dml,NR SA,,,,,25,594,,,
683,1,,,-121.9317146,47.5237386,2025-12-10 23:55:49.000,_20251210_154452_CH06_TMO_5GNR_VoNR-MT_REF-2_TC150-1.dml,NR SA,,,,,25,594,,,
684,1,,,-121.9317146,47.5237386,2025-12-10 23:55:50.000,_20251210_154452_CH06_TMO_5GNR_VoNR-MT_REF-2_TC150-1.dml,NR SA,,,,,25,594,,,
685,1,,,-121.9317146,47.5237386,2025-12-10 23:55:51.000,_20251210_154452_CH06_TMO_5GNR_VoNR-MT_REF-2_TC150-1.dml,NR SA,,,,,25,594,,,
686,1,,,-121.9317146,47.5237386,2025-12-10 23:55:52.000,_20251210_154452_CH06_TMO_5GNR_VoNR-MT_REF-2_TC150-1.dml,,,,,,25,594,,,
687,1,,,-121.9317146,47.5237386,2025-12-10 23:55:53.000,_20251210_154452_CH06_TMO_5GNR_VoNR-MT_REF-2_TC150-1.dml,,,,,,25,594,,,
688,1,,,-121.9317146,47.5237386,2025-12-10 23:55:54.000,_20251210_154452_CH06_TMO_5GNR_VoNR-MT_REF-2_TC150-1.dml,,,,,,25,594,,,
689,1,,,-121.9317146,47.5237386,2025-12-10 23:55:55.000,_20251210_154452_CH06_TMO_5GNR_VoNR-MT_REF-2_TC150-1.dml,,,,,,25,594,,,
690,1,,,-121.9317146,47.5237386,2025-12-10 23:55:56.000,_20251210_154452_CH06_TMO_5GNR_VoNR-MT_REF-2_TC150-1.dml,,,,,,25,594,,,
691,1,,,-121.9317146,47.5237386,2025-12-10 23:55:57.000,_20251210_154452_CH06_TMO_5GNR_VoNR-MT_REF-2_TC150-1.dml,,,,,,25,594,,,
692,1,,,-121.9317146,47.5237386,2025-12-10 23:55:58.000,_20251210_154452_CH06_TMO_5GNR_VoNR-MT_REF-2_TC150-1.dml,,,,,,25,594,,,
693,1,,,-121.9317146,47.5237386,2025-12-10 23:55:59.000,_20251210_154452_CH06_TMO_5GNR_VoNR-MT_REF-2_TC150-1.dml,,,,,,25,594,,,
694,1,,,-121.9317146,47.5237386,2025-12-10 23:56:00.000,_20251210_154452_CH06_TMO_5GNR_VoNR-MT_REF-2_TC150-1.dml,,,,,,25,594,,,
695,1,,,-121.9317146,47.5237386,2025-12-10 23:56:01.000,_20251210_154452_CH06_TMO_5GNR_VoNR-MT_REF-2_TC150-1.dml,,,,,,25,594,,,
696,1,,,-121.9317146,47.5237386,2025-12-10 23:56:02.000,_20251210_154452_CH06_TMO_5GNR_VoNR-MT_REF-2_TC150-1.dml,,,,,,25,594,,,
697,1,,,-121.9317146,47.5237386,2025-12-10 23:56:03.000,_20251210_154452_CH06_TMO_5GNR_VoNR-MT_REF-2_TC150-1.dml,,,,,,25,594,,,
698,1,,,-121.9317146,47.5237386,2025-12-10 23:56:04.000,_20251210_154452_CH06_TMO_5GNR_VoNR-MT_REF-2_TC150-1.dml,,,,,,25,594,,,
699,1,,,-121.9317146,47.5237386,2025-12-10 23:56:05.000,_20251210_154452_CH06_TMO_5GNR_VoNR-MT_REF-2_TC150-1.dml,,,,,,25,594,,,
700,1,,,-121.9317146,47.5237386,2025-12-10 23:56:06.000,_20251210_154452_CH06_TMO_5GNR_VoNR-MT_REF-2_TC150-1.dml,,,,,,25,594,,,
701,1,,,-121.9317146,47.5237386,2025-12-10 23:56:07.000,_20251210_154452_CH06_TMO_5GNR_VoNR-MT_REF-2_TC150-1.dml,,,,,,25,594,,,
702,1,,,-121.9317146,47.5237386,2025-12-10 23:56:08.000,_20251210_154452_CH06_TMO_5GNR_VoNR-MT_REF-2_TC150-1.dml,,,,,,25,594,,,
703,1,,,-121.9317146,47.5237386,2025-12-10 23:56:09.000,_20251210_154452_CH06_TMO_5GNR_VoNR-MT_REF-2_TC150-1.dml,,,,,,,,,,
704,1,,,-121.9317146,47.5237386,2025-12-10 23:56:10.000,_20251210_154452_CH06_TMO_5GNR_VoNR-MT_REF-2_TC150-1.dml,,,,,,25,594,,,
705,1,,,-121.9317146,47.5237386,2025-12-10 23:56:11.000,_20251210_154452_CH06_TMO_5GNR_VoNR-MT_REF-2_TC150-1.dml,,,,,,,,,,
706,1,,,-121.9317146,47.5237386,2025-12-10 23:56:12.000,_20251210_154452_CH06_TMO_5GNR_VoNR-MT_REF-2_TC150-1.dml,,,,,,25,594,,,
707,1,,,-121.9317146,47.5237386,2025-12-10 23:56:13.000,_20251210_154452_CH06_TMO_5GNR_VoNR-MT_REF-2_TC150-1.dml,,,,,,25,594,,,
708,1,,,-121.9317146,47.5237386,2025-12-10 23:56:14.000,_20251210_154452_CH06_TMO_5GNR_VoNR-MT_REF-2_TC150-1.dml,,,,,,25,594,,,
709,1,,,-121.9317146,47.5237386,2025-12-10 23:56:15.000,_20251210_154452_CH06_TMO_5GNR_VoNR-MT_REF-2_TC150-1.dml,,,,,,25,594,,,
710,1,,,-121.9317146,47.5237386,2025-12-10 23:56:16.000,_20251210_154452_CH06_TMO_5GNR_VoNR-MT_REF-2_TC150-1.dml,,,,,,,,,,
711,1,,,-121.9317146,47.5237386,2025-12-10 23:56:17.000,_20251210_154452_CH06_TMO_5GNR_VoNR-MT_REF-2_TC150-1.dml,,,,,,25,594,,,
712,1,,,-121.9317146,47.5237386,2025-12-10 23:56:18.000,_20251210_154452_CH06_TMO_5GNR_VoNR-MT_REF-2_TC150-1.dml,,,,,,25,594,,,
713,1,,,-121.9317146,47.5237386,2025-12-10 23:56:19.000,_20251210_154452_CH06_TMO_5GNR_VoNR-MT_REF-2_TC150-1.dml,,,,,,25,594,,,
714,1,,,-121.9317146,47.5237386,2025-12-10 23:56:20.000,_20251210_154452_CH06_TMO_5GNR_VoNR-MT_REF-2_TC150-1.dml,,,,,,,,,,
715,1,,,-121.9317146,47.5237386,2025-12-10 23:56:21.000,_20251210_154452_CH06_TMO_5GNR_VoNR-MT_REF-2_TC150-1.dml,,,,,,25,594,,,
716,1,,,-121.9317146,47.5237386,2025-12-10 23:56:22.000,_20251210_154452_CH06_TMO_5GNR_VoNR-MT_REF-2_TC150-1.dml,,,,,,25,594,,,
