IDX,LID,CI_1,CI_2,Lon,Lat,Time,Measure,[LTE] [L1] [RF] PCI,[LTE] [L1] [RF] RSRP,[LTE] [L1] [RF] RS SINR,[General] Band Classification,[General] Serving Network (In Traffic),[NR5G] [RF] PCI,[NR5G] [RF] RSRP,[NR5G] [RF] SINR,[Call Test] [iPerf] [Throughput] DL Jitter,[Call Test] [iPerf] [Throughput] DL Error Ratio,[Call Test] [iPerf] [Call Average] [Jitter and Error] UL Jitter,[Call Test] [iPerf] [Call Average] [Jitter and Error] UL Error Ratio,[Event] [Data call test detail events] FTP Call Event,[Event] [Data call test detail events] HTTP Call Event,[Call Test] [HTTP Transfer] HTTP Transfer Call Event,[Call Test] [Throughput] Application DL TP,[Call Test] [iPerf] [Call Average] [Throughput] UL Avg TP,[Call Test] [iPerf] [Call Average] [Throughput] DL Avg TP,[Call Test] [Throughput] Application UL TP,[Event] [Data call test detail events] IPERF Call Event,[NR5G] [Throughput] PUSCH TP,[Event] [Data call test detail events] Ping Call Event,[Call Test] [HTTP] Total duration,[Call Test] [PING] Loss Count,[Call Test] [PING] [RTT] RTT
1,1,,,-73.9875256,40.7622188,2026-01-28 00:12:50.000,_20260127_191246_CH01_REF_TMO-NSA_HTTP SS UL_NJ NY_L2.dml,,,,N41(x)+N25(x),,371,-80.300000,14.950000,,,,,,,,,,,,,0.000,,,,
2,1,,,-73.9875256,40.7622188,2026-01-28 00:12:51.000,_20260127_191246_CH01_REF_TMO-NSA_HTTP SS UL_NJ NY_L2.dml,,,,N41(100)+N25(x),,371,-79.830000,14.170000,,,,,,,,,,,,,,,,,
3,1,,,-73.9875256,40.7622188,2026-01-28 00:12:52.000,_20260127_191246_CH01_REF_TMO-NSA_HTTP SS UL_NJ NY_L2.dml,,,,,,,,,,,,,,,,,,,,,,,,,
4,1,,,-73.9875256,40.7622188,2026-01-28 00:12:53.000,_20260127_191246_CH01_REF_TMO-NSA_HTTP SS UL_NJ NY_L2.dml,,,,,,,,,,,,,,,,,,,,,,,,,
5,1,,,-73.9875256,40.7622188,2026-01-28 00:12:54.000,_20260127_191246_CH01_REF_TMO-NSA_HTTP SS UL_NJ NY_L2.dml,,,,,,,,,,,,,,,,,,,,,,,,,
6,1,,,-73.9875256,40.7622188,2026-01-28 00:12:55.000,_20260127_191246_CH01_REF_TMO-NSA_HTTP SS UL_NJ NY_L2.dml,,,,,,,,,,,,,,,,,,,,,,,,,
7,1,,,-73.9875386,40.7622142,2026-01-28 00:12:56.000,_20260127_191246_CH01_REF_TMO-NSA_HTTP SS UL_NJ NY_L2.dml,,,,,,,,,,,,,,,,,,,,,,,,,
8,1,,,-73.9875386,40.7622142,2026-01-28 00:12:57.000,_20260127_191246_CH01_REF_TMO-NSA_HTTP SS UL_NJ NY_L2.dml,,,,,,,,,,,,,,,,,,,,,,,,,
9,1,,,-73.9875386,40.7622142,2026-01-28 00:12:58.000,_20260127_191246_CH01_REF_TMO-NSA_HTTP SS UL_NJ NY_L2.dml,,,,,,,,,,,,,,,,,,,,,,,,,
10,1,,,-73.9875386,40.7622142,2026-01-28 00:12:58.881,_20260127_191246_CH01_REF_TMO-NSA_HTTP SS UL_NJ NY_L2.dml,,,,,,,,,,,,,,,Upload Start Request,,,,,,,,,,
11,1,,,-73.9875386,40.7622142,2026-01-28 00:12:59.000,_20260127_191246_CH01_REF_TMO-NSA_HTTP SS UL_NJ NY_L2.dml,,,,,NR SA,,,,,,,,,,,,,,,,,,,,
12,1,,,-73.9875386,40.7622142,2026-01-28 00:12:59.271,_20260127_191246_CH01_REF_TMO-NSA_HTTP SS UL_NJ NY_L2.dml,,,,,,,,,,,,,,,Upload Started,,,,,,,,,,
13,1,,,-73.9875386,40.7622142,2026-01-28 00:13:00.000,_20260127_191246_CH01_REF_TMO-NSA_HTTP SS UL_NJ NY_L2.dml,,,,N41(100)+N25(x),NR SA,371,-75.810000,21.780000,,,,,,,,,,,,,,,,,
14,1,,,-73.9875386,40.7622142,2026-01-28 00:13:01.000,_20260127_191246_CH01_REF_TMO-NSA_HTTP SS UL_NJ NY_L2.dml,,,,N41(100)+N25(15),NR SA,371,-72.520000,24.960000,,,,,,,,,,,,,44.344,,,,
15,1,,,-73.9875386,40.7622142,2026-01-28 00:13:01.100,_20260127_191246_CH01_REF_TMO-NSA_HTTP SS UL_NJ NY_L2.dml,,,,,,,,,,,,,,,Upload Ended,,,,,,,,,,
16,1,,,-73.9875386,40.7622142,2026-01-28 00:13:02.000,_20260127_191246_CH01_REF_TMO-NSA_HTTP SS UL_NJ NY_L2.dml,,,,N41(100)+N25(15),NR SA,371,-72.900000,24.160000,,,,,,,,,,,92.275,,65.128,,,,
17,1,,,-73.9875386,40.7622142,2026-01-28 00:13:03.000,_20260127_191246_CH01_REF_TMO-NSA_HTTP SS UL_NJ NY_L2.dml,,,,N41(100)+N25(15),,371,-73.000000,24.560000,,,,,,,,,,,34.570,,40.848,,,,
18,1,,,-73.9881233,40.7625367,2026-01-28 00:13:04.000,_20260127_191246_CH01_REF_TMO-NSA_HTTP SS UL_NJ NY_L2.dml,,,,N41(100)+N25(15),,371,-73.000000,23.960000,,,,,,,,,,,,,0.000,,,,
19,1,,,-73.9881300,40.7623933,2026-01-28 00:13:05.000,_20260127_191246_CH01_REF_TMO-NSA_HTTP SS UL_NJ NY_L2.dml,,,,N41(100)+N25(15),,371,-73.000000,24.180000,,,,,,,,,,,,,0.000,,,,
20,1,,,-73.9881300,40.7623933,2026-01-28 00:13:06.000,_20260127_191246_CH01_REF_TMO-NSA_HTTP SS UL_NJ NY_L2.dml,,,,N41(100)+N25(15),,371,-73.000000,24.220000,,,,,,,,,,,,,0.000,,,,
21,1,,,-73.9881783,40.7623033,2026-01-28 00:13:06.944,_20260127_191246_CH01_REF_TMO-NSA_HTTP SS UL_NJ NY_L2.dml,,,,,,,,,,,,,,,Upload Start Request,,,,,,,,,,
22,1,,,-73.9881783,40.7623033,2026-01-28 00:13:07.000,_20260127_191246_CH01_REF_TMO-NSA_HTTP SS UL_NJ NY_L2.dml,,,,N41(100)+N25(15),NR SA,371,-73.100000,24.130000,,,,,,,,,,,,,0.000,,,,
23,1,,,-73.9881783,40.7623033,2026-01-28 00:13:07.115,_20260127_191246_CH01_REF_TMO-NSA_HTTP SS UL_NJ NY_L2.dml,,,,,,,,,,,,,,,Upload Started,,,,,,,,,,
24,1,,,-73.9881950,40.7622850,2026-01-28 00:13:08.000,_20260127_191246_CH01_REF_TMO-NSA_HTTP SS UL_NJ NY_L2.dml,,,,N41(100)+N25(15),NR SA,371,-73.000000,24.380000,,,,,,,,,,,,,8.344,,,,
25,1,,,-73.9881933,40.7622683,2026-01-28 00:13:08.756,_20260127_191246_CH01_REF_TMO-NSA_HTTP SS UL_NJ NY_L2.dml,,,,,,,,,,,,,,,Upload Ended,,,,,,,,,,
26,1,,,-73.9881933,40.7622683,2026-01-28 00:13:09.000,_20260127_191246_CH01_REF_TMO-NSA_HTTP SS UL_NJ NY_L2.dml,,,,N41(100)+N25(15),NR SA,371,-73.000000,24.080000,,,,,,,,,,,,,71.744,,,,
27,1,,,-73.9882883,40.7622517,2026-01-28 00:13:10.000,_20260127_191246_CH01_REF_TMO-NSA_HTTP SS UL_NJ NY_L2.dml,,,,N41(100)+N25(15),,371,-72.620000,24.180000,,,,,,,,,,,45.903,,67.872,,,,
28,1,,,-73.9881917,40.7622683,2026-01-28 00:13:11.000,_20260127_191246_CH01_REF_TMO-NSA_HTTP SS UL_NJ NY_L2.dml,,,,N41(100)+N25(15),,371,-73.000000,24.780000,,,,,,,,,,,,,0.000,,,,
29,1,,,-73.9881917,40.7622683,2026-01-28 00:13:12.000,_20260127_191246_CH01_REF_TMO-NSA_HTTP SS UL_NJ NY_L2.dml,,,,N41(100)+N25(15),,371,-72.800000,25.020000,,,,,,,,,,,,,0.000,,,,
30,1,,,-73.9882067,40.7622617,2026-01-28 00:13:13.000,_20260127_191246_CH01_REF_TMO-NSA_HTTP SS UL_NJ NY_L2.dml,,,,N41(100)+N25(15),,371,-72.740000,24.580000,,,,,,,,,,,,,0.000,,,,
31,1,,,-73.9882233,40.7622550,2026-01-28 00:13:13.959,_20260127_191246_CH01_REF_TMO-NSA_HTTP SS UL_NJ NY_L2.dml,,,,,,,,,,,,,,,Upload Start Request,,,,,,,,,,
32,1,,,-73.9882233,40.7622550,2026-01-28 00:13:14.000,_20260127_191246_CH01_REF_TMO-NSA_HTTP SS UL_NJ NY_L2.dml,,,,N41(100)+N25(15),NR SA,371,-72.900000,24.950000,,,,,,,,,,,,,0.000,,,,
33,1,,,-73.9882233,40.7622550,2026-01-28 00:13:14.161,_20260127_191246_CH01_REF_TMO-NSA_HTTP SS UL_NJ NY_L2.dml,,,,,,,,,,,,,,,Upload Started,,,,,,,,,,
34,1,,,-73.9882233,40.7622550,2026-01-28 00:13:15.000,_20260127_191246_CH01_REF_TMO-NSA_HTTP SS UL_NJ NY_L2.dml,,,,N41(100)+N25(15),NR SA,371,-72.400000,24.480000,,,,,,,,,,,,,5.872,,,,
35,1,,,-73.9882400,40.7622500,2026-01-28 00:13:15.896,_20260127_191246_CH01_REF_TMO-NSA_HTTP SS UL_NJ NY_L2.dml,,,,,,,,,,,,,,,Upload Ended,,,,,,,,,,
36,1,,,-73.9882400,40.7622500,2026-01-28 00:13:16.000,_20260127_191246_CH01_REF_TMO-NSA_HTTP SS UL_NJ NY_L2.dml,,,,N41(100)+N25(15),NR SA,371,-72.080000,24.560000,,,,,,,,,,,,,72.128,,,,
37,1,,,-73.9882450,40.7622500,2026-01-28 00:13:17.000,_20260127_191246_CH01_REF_TMO-NSA_HTTP SS UL_NJ NY_L2.dml,,,,N41(100)+N25(15),,371,-72.000000,24.360000,,,,,,,,,,,38.001,,69.120,,,,
38,1,,,-73.9882450,40.7622500,2026-01-28 00:13:18.000,_20260127_191246_CH01_REF_TMO-NSA_HTTP SS UL_NJ NY_L2.dml,,,,N41(100)+N25(15),,371,-72.000000,24.290000,,,,,,,,,,,,,0.000,,,,
39,1,,,-73.9882450,40.7622500,2026-01-28 00:13:19.000,_20260127_191246_CH01_REF_TMO-NSA_HTTP SS UL_NJ NY_L2.dml,,,,N41(100)+N25(15),,371,-72.350000,24.270000,,,,,,,,,,,,,0.000,,,,
40,1,,,-73.9882450,40.7622500,2026-01-28 00:13:20.000,_20260127_191246_CH01_REF_TMO-NSA_HTTP SS UL_NJ NY_L2.dml,,,,N41(100)+N25(15),,371,-72.000000,24.820000,,,,,,,,,,,,,0.000,,,,
41,1,,,-73.9882450,40.7622500,2026-01-28 00:13:20.975,_20260127_191246_CH01_REF_TMO-NSA_HTTP SS UL_NJ NY_L2.dml,,,,,,,,,,,,,,,Upload Start Request,,,,,,,,,,
42,1,,,-73.9882450,40.7622500,2026-01-28 00:13:21.000,_20260127_191246_CH01_REF_TMO-NSA_HTTP SS UL_NJ NY_L2.dml,,,,N41(100)+N25(15),NR SA,371,-72.200000,25.020000,,,,,,,,,,,,,0.000,,,,
43,1,,,-73.9882450,40.7622500,2026-01-28 00:13:21.161,_20260127_191246_CH01_REF_TMO-NSA_HTTP SS UL_NJ NY_L2.dml,,,,,,,,,,,,,,,Upload Started,,,,,,,,,,
44,1,,,-73.9882450,40.7622500,2026-01-28 00:13:22.000,_20260127_191246_CH01_REF_TMO-NSA_HTTP SS UL_NJ NY_L2.dml,,,,N41(100)+N25(15),NR SA,371,-73.000000,24.040000,,,,,,,,,,,,,33.216,,,,
45,1,,,-73.9882450,40.7622500,2026-01-28 00:13:22.786,_20260127_191246_CH01_REF_TMO-NSA_HTTP SS UL_NJ NY_L2.dml,,,,,,,,,,,,,,,Upload Ended,,,,,,,,,,
46,1,,,-73.9882450,40.7622500,2026-01-28 00:13:23.000,_20260127_191246_CH01_REF_TMO-NSA_HTTP SS UL_NJ NY_L2.dml,,,,N41(100)+N25(15),NR SA,371,-73.000000,24.260000,,,,,,,,,,,,,74.808,,,,
47,1,,,-73.9882667,40.7622450,2026-01-28 00:13:24.000,_20260127_191246_CH01_REF_TMO-NSA_HTTP SS UL_NJ NY_L2.dml,,,,N41(100)+N25(15),NR SA,371,-72.960000,24.760000,,,,,,,,,,,44.314,,,,,,
48,1,,,-73.9882717,40.7622450,2026-01-28 00:13:25.000,_20260127_191246_CH01_REF_TMO-NSA_HTTP SS UL_NJ NY_L2.dml,,,,N41(100)+N25(15),,371,-73.000000,24.240000,,,,,,,,,,,,,18.560,,,,
49,1,,,-73.9882717,40.7622450,2026-01-28 00:13:26.000,_20260127_191246_CH01_REF_TMO-NSA_HTTP SS UL_NJ NY_L2.dml,,,,N41(100)+N25(15),,371,-72.780000,24.600000,,,,,,,,,,,,,0.000,,,,
50,1,,,-73.9882750,40.7622483,2026-01-28 00:13:27.000,_20260127_191246_CH01_REF_TMO-NSA_HTTP SS UL_NJ NY_L2.dml,,,,N41(100)+N25(15),,371,-72.910000,24.410000,,,,,,,,,,,,,,,,,
51,1,,,-73.9882750,40.7622483,2026-01-28 00:13:28.006,_20260127_191246_CH01_REF_TMO-NSA_HTTP SS UL_NJ NY_L2.dml,,,,,,,,,,,,,,,Upload Start Request,,,,,,,,,,
52,1,,,-73.9882750,40.7622483,2026-01-28 00:13:28.000,_20260127_191246_CH01_REF_TMO-NSA_HTTP SS UL_NJ NY_L2.dml,,,,N41(100)+N25(15),NR SA,371,-74.860000,22.700000,,,,,,,,,,,,,0.004,,,,
53,1,,,-73.9882750,40.7622483,2026-01-28 00:13:28.194,_20260127_191246_CH01_REF_TMO-NSA_HTTP SS UL_NJ NY_L2.dml,,,,,,,,,,,,,,,Upload Started,,,,,,,,,,
54,1,,,-73.9882750,40.7622483,2026-01-28 00:13:29.000,_20260127_191246_CH01_REF_TMO-NSA_HTTP SS UL_NJ NY_L2.dml,,,,N41(100)+N25(15),NR SA,371,-72.420000,24.700000,,,,,,,,,,,,,,,,,
55,1,,,-73.9882750,40.7622483,2026-01-28 00:13:29.928,_20260127_191246_CH01_REF_TMO-NSA_HTTP SS UL_NJ NY_L2.dml,,,,,,,,,,,,,,,Upload Ended,,,,,,,,,,
56,1,,,-73.9882750,40.7622483,2026-01-28 00:13:30.000,_20260127_191246_CH01_REF_TMO-NSA_HTTP SS UL_NJ NY_L2.dml,,,,N41(100)+N25(15),NR SA,371,-74.060000,23.520000,,,,,,,,,,,,,32.896,,,,
57,1,,,-73.9882750,40.7622483,2026-01-28 00:13:31.000,_20260127_191246_CH01_REF_TMO-NSA_HTTP SS UL_NJ NY_L2.dml,,,,N41(100)+N25(15),NR SA,371,-74.780000,23.220000,,,,,,,,,,,39.383,,72.168,,,,
58,1,,,-73.9882750,40.7622483,2026-01-28 00:13:32.000,_20260127_191246_CH01_REF_TMO-NSA_HTTP SS UL_NJ NY_L2.dml,,,,N41(100)+N25(15),,371,-74.560000,23.210000,,,,,,,,,,,,,40.648,,,,
59,1,,,-73.9882750,40.7622483,2026-01-28 00:13:33.000,_20260127_191246_CH01_REF_TMO-NSA_HTTP SS UL_NJ NY_L2.dml,,,,N41(100)+N25(15),,371,-74.240000,23.900000,,,,,,,,,,,,,0.000,,,,
60,1,,,-73.9882750,40.7622483,2026-01-28 00:13:34.000,_20260127_191246_CH01_REF_TMO-NSA_HTTP SS UL_NJ NY_L2.dml,,,,N41(100)+N25(15),,371,-73.690000,24.580000,,,,,,,,,,,,,0.000,,,,
61,1,,,-73.9882750,40.7622483,2026-01-28 00:13:35.000,_20260127_191246_CH01_REF_TMO-NSA_HTTP SS UL_NJ NY_L2.dml,,,,N41(100)+N25(15),,371,-74.170000,23.290000,,,,,,,,,,,,,0.008,,,,
62,1,,,-73.9882750,40.7622483,2026-01-28 00:13:35.036,_20260127_191246_CH01_REF_TMO-NSA_HTTP SS UL_NJ NY_L2.dml,,,,,,,,,,,,,,,Upload Start Request,,,,,,,,,,
63,1,,,-73.9882750,40.7622483,2026-01-28 00:13:35.194,_20260127_191246_CH01_REF_TMO-NSA_HTTP SS UL_NJ NY_L2.dml,,,,,,,,,,,,,,,Upload Started,,,,,,,,,,
64,1,,,-73.9882750,40.7622483,2026-01-28 00:13:36.000,_20260127_191246_CH01_REF_TMO-NSA_HTTP SS UL_NJ NY_L2.dml,,,,N41(100)+N25(15),NR SA,371,-74.000000,23.450000,,,,,,,,,,,,,0.000,,,,
65,1,,,-73.9882750,40.7622483,2026-01-28 00:13:36.944,_20260127_191246_CH01_REF_TMO-NSA_HTTP SS UL_NJ NY_L2.dml,,,,,,,,,,,,,,,Upload Ended,,,,,,,,,,
66,1,,,-73.9882750,40.7622483,2026-01-28 00:13:37.000,_20260127_191246_CH01_REF_TMO-NSA_HTTP SS UL_NJ NY_L2.dml,,,,N41(100)+N25(15),NR SA,371,-74.000000,24.300000,,,,,,,,,,,,,41.928,,,,
67,1,,,-73.9882750,40.7622483,2026-01-28 00:13:38.000,_20260127_191246_CH01_REF_TMO-NSA_HTTP SS UL_NJ NY_L2.dml,,,,N41(100)+N25(15),NR SA,371,-74.000000,24.540000,,,,,,,,,,,36.507,,73.992,,,,
68,1,,,-73.9882750,40.7622483,2026-01-28 00:13:39.000,_20260127_191246_CH01_REF_TMO-NSA_HTTP SS UL_NJ NY_L2.dml,,,,N41(100)+N25(15),,371,-74.000000,24.160000,,,,,,,,,,,,,29.040,,,,
69,1,,,-73.9882750,40.7622483,2026-01-28 00:13:40.000,_20260127_191246_CH01_REF_TMO-NSA_HTTP SS UL_NJ NY_L2.dml,,,,N41(100)+N25(15),,371,-74.290000,23.650000,,,,,,,,,,,,,0.000,,,,
70,1,,,-73.9882750,40.7622483,2026-01-28 00:13:41.000,_20260127_191246_CH01_REF_TMO-NSA_HTTP SS UL_NJ NY_L2.dml,,,,N41(100)+N25(15),,371,-74.190000,23.210000,,,,,,,,,,,,,0.000,,,,
71,1,,,-73.9882750,40.7622483,2026-01-28 00:13:42.000,_20260127_191246_CH01_REF_TMO-NSA_HTTP SS UL_NJ NY_L2.dml,,,,N41(100)+N25(15),,371,-74.050000,23.540000,,,,,,,,,,,,,0.008,,,,
72,1,,,-73.9882750,40.7622483,2026-01-28 00:13:42.069,_20260127_191246_CH01_REF_TMO-NSA_HTTP SS UL_NJ NY_L2.dml,,,,,,,,,,,,,,,Upload Start Request,,,,,,,,,,
73,1,,,-73.9882750,40.7622483,2026-01-28 00:13:42.256,_20260127_191246_CH01_REF_TMO-NSA_HTTP SS UL_NJ NY_L2.dml,,,,,,,,,,,,,,,Upload Started,,,,,,,,,,
74,1,,,-73.9882750,40.7622483,2026-01-28 00:13:43.000,_20260127_191246_CH01_REF_TMO-NSA_HTTP SS UL_NJ NY_L2.dml,,,,N41(100)+N25(15),NR SA,371,-74.510000,23.470000,,,,,,,,,,,,,0.288,,,,
75,1,,,-73.9882750,40.7622483,2026-01-28 00:13:43.990,_20260127_191246_CH01_REF_TMO-NSA_HTTP SS UL_NJ NY_L2.dml,,,,,,,,,,,,,,,Upload Ended,,,,,,,,,,
76,1,,,-73.9882750,40.7622483,2026-01-28 00:13:44.000,_20260127_191246_CH01_REF_TMO-NSA_HTTP SS UL_NJ NY_L2.dml,,,,N41(100)+N25(15),NR SA,371,-74.000000,23.820000,,,,,,,,,,,,,49.520,,,,
77,1,,,-73.9882750,40.7622483,2026-01-28 00:13:45.000,_20260127_191246_CH01_REF_TMO-NSA_HTTP SS UL_NJ NY_L2.dml,,,,N41(100)+N25(15),NR SA,371,-74.420000,23.740000,,,,,,,,,,,35.064,,72.216,,,,
78,1,,,-73.9882750,40.7622483,2026-01-28 00:13:46.000,_20260127_191246_CH01_REF_TMO-NSA_HTTP SS UL_NJ NY_L2.dml,,,,N41(100)+N25(15),,371,-74.760000,23.720000,,,,,,,,,,,,,21.224,,,,
79,1,,,-73.9882750,40.7622483,2026-01-28 00:13:47.000,_20260127_191246_CH01_REF_TMO-NSA_HTTP SS UL_NJ NY_L2.dml,,,,N41(100)+N25(15),,371,-74.500000,23.920000,,,,,,,,,,,,,0.000,,,,
80,1,,,-73.9882750,40.7622483,2026-01-28 00:13:48.000,_20260127_191246_CH01_REF_TMO-NSA_HTTP SS UL_NJ NY_L2.dml,,,,N41(100)+N25(15),,371,-73.900000,23.880000,,,,,,,,,,,,,0.000,,,,
81,1,,,-73.9882750,40.7622483,2026-01-28 00:13:49.000,_20260127_191246_CH01_REF_TMO-NSA_HTTP SS UL_NJ NY_L2.dml,,,,N41(100)+N25(15),,371,-73.300000,22.810000,,,,,,,,,,,,,0.008,,,,
82,1,,,-73.9882750,40.7622483,2026-01-28 00:13:49.115,_20260127_191246_CH01_REF_TMO-NSA_HTTP SS UL_NJ NY_L2.dml,,,,,,,,,,,,,,,Upload Start Request,,,,,,,,,,
83,1,,,-73.9882750,40.7622483,2026-01-28 00:13:49.286,_20260127_191246_CH01_REF_TMO-NSA_HTTP SS UL_NJ NY_L2.dml,,,,,,,,,,,,,,,Upload Started,,,,,,,,,,
84,1,,,-73.9882750,40.7622483,2026-01-28 00:13:50.000,_20260127_191246_CH01_REF_TMO-NSA_HTTP SS UL_NJ NY_L2.dml,,,,N41(100)+N25(15),NR SA,371,-73.260000,22.900000,,,,,,,,,,,,,3.552,,,,
85,1,,,-73.9882750,40.7622483,2026-01-28 00:13:50.709,_20260127_191246_CH01_REF_TMO-NSA_HTTP SS UL_NJ NY_L2.dml,,,,,,,,,,,,,,,Upload Ended,,,,,,,,,,
86,1,,,-73.9882750,40.7622483,2026-01-28 00:13:51.000,_20260127_191246_CH01_REF_TMO-NSA_HTTP SS UL_NJ NY_L2.dml,,,,N41(100)+N25(15),NR SA,371,-74.080000,23.360000,,,,,,,,,,,,,65.552,,,,
87,1,,,-73.9882750,40.7622483,2026-01-28 00:13:52.000,_20260127_191246_CH01_REF_TMO-NSA_HTTP SS UL_NJ NY_L2.dml,,,,N41(100)+N25(15),NR SA,371,-73.600000,24.680000,,,,,,,,,,,58.535,,73.192,,,,
88,1,,,-73.9882750,40.7622483,2026-01-28 00:13:53.000,_20260127_191246_CH01_REF_TMO-NSA_HTTP SS UL_NJ NY_L2.dml,,,,N41(100)+N25(15),,371,-73.320000,24.960000,,,,,,,,,,,,,2.992,,,,
89,1,,,-73.9882750,40.7622483,2026-01-28 00:13:54.000,_20260127_191246_CH01_REF_TMO-NSA_HTTP SS UL_NJ NY_L2.dml,,,,N41(100)+N25(15),,371,-73.980000,24.270000,,,,,,,,,,,,,0.000,,,,
90,1,,,-73.9882750,40.7622483,2026-01-28 00:13:55.000,_20260127_191246_CH01_REF_TMO-NSA_HTTP SS UL_NJ NY_L2.dml,,,,N41(100)+N25(15),,371,-75.070000,22.660000,,,,,,,,,,,,,0.000,,,,
91,1,,,-73.9882750,40.7622483,2026-01-28 00:13:56.000,_20260127_191246_CH01_REF_TMO-NSA_HTTP SS UL_NJ NY_L2.dml,,,,N41(100)+N25(15),,371,-74.060000,23.180000,,,,,,,,,,,,,0.008,,,,
92,1,,,-73.9882750,40.7622483,2026-01-28 00:13:56.146,_20260127_191246_CH01_REF_TMO-NSA_HTTP SS UL_NJ NY_L2.dml,,,,,,,,,,,,,,,Upload Start Request,,,,,,,,,,
93,1,,,-73.9882883,40.7622433,2026-01-28 00:13:56.350,_20260127_191246_CH01_REF_TMO-NSA_HTTP SS UL_NJ NY_L2.dml,,,,,,,,,,,,,,,Upload Started,,,,,,,,,,
94,1,,,-73.9882883,40.7622433,2026-01-28 00:13:57.000,_20260127_191246_CH01_REF_TMO-NSA_HTTP SS UL_NJ NY_L2.dml,,,,N41(100)+N25(15),NR SA,371,-74.880000,22.740000,,,,,,,,,,,,,2.208,,,,
95,1,,,-73.9882917,40.7622450,2026-01-28 00:13:58.000,_20260127_191246_CH01_REF_TMO-NSA_HTTP SS UL_NJ NY_L2.dml,,,,N41(100)+N25(15),NR SA,371,-74.580000,22.620000,,,,,,,,,,,,,64.128,,,,
96,1,,,-73.9882917,40.7622450,2026-01-28 00:13:58.178,_20260127_191246_CH01_REF_TMO-NSA_HTTP SS UL_NJ NY_L2.dml,,,,,,,,,,,,,,,Upload Ended,,,,,,,,,,
97,1,,,-73.9882917,40.7622450,2026-01-28 00:13:59.000,_20260127_191246_CH01_REF_TMO-NSA_HTTP SS UL_NJ NY_L2.dml,,,,N41(100)+N25(15),NR SA,371,-73.320000,24.000000,,,,,,,,,,,31.995,,72.072,,,,
98,1,,,-73.9882917,40.7622450,2026-01-28 00:14:00.000,_20260127_191246_CH01_REF_TMO-NSA_HTTP SS UL_NJ NY_L2.dml,,,,N41(100)+N25(15),,371,-73.000000,24.860000,,,,,,,,,,,,,6.752,,,,
99,1,,,-73.9882900,40.7622450,2026-01-28 00:14:01.000,_20260127_191246_CH01_REF_TMO-NSA_HTTP SS UL_NJ NY_L2.dml,,,,N41(100)+N25(15),,371,-73.000000,24.980000,,,,,,,,,,,,,0.000,,,,
100,1,,,-73.9882867,40.7622450,2026-01-28 00:14:02.000,_20260127_191246_CH01_REF_TMO-NSA_HTTP SS UL_NJ NY_L2.dml,,,,N41(100)+N25(15),,371,-73.000000,24.710000,,,,,,,,,,,,,0.000,,,,
101,1,,,-73.9882867,40.7622450,2026-01-28 00:14:03.000,_20260127_191246_CH01_REF_TMO-NSA_HTTP SS UL_NJ NY_L2.dml,,,,N41(100)+N25(15),,371,-73.000000,24.520000,,,,,,,,,,,,,0.000,,,,
102,1,,,-73.9882867,40.7622450,2026-01-28 00:14:03.194,_20260127_191246_CH01_REF_TMO-NSA_HTTP SS UL_NJ NY_L2.dml,,,,,,,,,,,,,,,Upload Start Request,,,,,,,,,,
103,1,,,-73.9882867,40.7622450,2026-01-28 00:14:03.396,_20260127_191246_CH01_REF_TMO-NSA_HTTP SS UL_NJ NY_L2.dml,,,,,,,,,,,,,,,Upload Started,,,,,,,,,,
104,1,,,-73.9882867,40.7622450,2026-01-28 00:14:04.000,_20260127_191246_CH01_REF_TMO-NSA_HTTP SS UL_NJ NY_L2.dml,,,,N41(100)+N25(15),NR SA,371,-73.380000,24.560000,,,,,,,,,,,,,5.352,,,,
105,1,,,-73.9882867,40.7622450,2026-01-28 00:14:05.000,_20260127_191246_CH01_REF_TMO-NSA_HTTP SS UL_NJ NY_L2.dml,,,,N41(100)+N25(15),NR SA,371,-73.760000,23.940000,,,,,,,,,,,,,63.912,,,,
106,1,,,-73.9882867,40.7622450,2026-01-28 00:14:05.240,_20260127_191246_CH01_REF_TMO-NSA_HTTP SS UL_NJ NY_L2.dml,,,,,,,,,,,,,,,Upload Ended,,,,,,,,,,
107,1,,,-73.9882867,40.7622450,2026-01-28 00:14:06.000,_20260127_191246_CH01_REF_TMO-NSA_HTTP SS UL_NJ NY_L2.dml,,,,N41(100)+N25(15),NR SA,371,-73.680000,24.100000,,,,,,,,,,,71.303,,67.776,,,,
108,1,,,-73.9882867,40.7622450,2026-01-28 00:14:07.000,_20260127_191246_CH01_REF_TMO-NSA_HTTP SS UL_NJ NY_L2.dml,,,,N41(100)+N25(15),NR SA,371,-73.980000,24.040000,,,,,,,,,,,60.719,,8.048,,,,
109,1,,,-73.9882867,40.7622450,2026-01-28 00:14:08.000,_20260127_191246_CH01_REF_TMO-NSA_HTTP SS UL_NJ NY_L2.dml,,,,N41(100)+N25(15),,371,-74.000000,23.680000,,,,,,,,,,,,,,,,,
110,1,,,-73.9882867,40.7622450,2026-01-28 00:14:09.000,_20260127_191246_CH01_REF_TMO-NSA_HTTP SS UL_NJ NY_L2.dml,,,,N41(100)+N25(15),,371,-74.000000,23.710000,,,,,,,,,,,,,,,,,
111,1,,,-73.9882867,40.7622450,2026-01-28 00:14:10.000,_20260127_191246_CH01_REF_TMO-NSA_HTTP SS UL_NJ NY_L2.dml,,,,N41(100)+N25(15),,371,-74.000000,24.040000,,,,,,,,,,,,,0.000,,,,
112,1,,,-73.9882867,40.7622450,2026-01-28 00:14:11.000,_20260127_191246_CH01_REF_TMO-NSA_HTTP SS UL_NJ NY_L2.dml,,,,N41(100)+N25(15),,371,-74.000000,23.680000,,,,,,,,,,,,,0.000,,,,
113,1,,,-73.9882867,40.7622450,2026-01-28 00:14:11.194,_20260127_191246_CH01_REF_TMO-NSA_HTTP SS UL_NJ NY_L2.dml,,,,,,,,,,,,,,,Upload Start Request,,,,,,,,,,
114,1,,,-73.9882867,40.7622450,2026-01-28 00:14:11.396,_20260127_191246_CH01_REF_TMO-NSA_HTTP SS UL_NJ NY_L2.dml,,,,,,,,,,,,,,,Upload Started,,,,,,,,,,
115,1,,,-73.9882867,40.7622450,2026-01-28 00:14:12.000,_20260127_191246_CH01_REF_TMO-NSA_HTTP SS UL_NJ NY_L2.dml,,,,N41(100)+N25(15),NR SA,371,-74.000000,23.780000,,,,,,,,,,,,,0.000,,,,
116,1,,,-73.9882867,40.7622450,2026-01-28 00:14:13.000,_20260127_191246_CH01_REF_TMO-NSA_HTTP SS UL_NJ NY_L2.dml,,,,N41(100)+N25(15),NR SA,371,-74.000000,23.860000,,,,,,,,,,,,,33.184,,,,
117,1,,,-73.9882867,40.7622450,2026-01-28 00:14:13.052,_20260127_191246_CH01_REF_TMO-NSA_HTTP SS UL_NJ NY_L2.dml,,,,,,,,,,,,,,,Upload Ended,,,,,,,,,,
118,1,,,-73.9882867,40.7622450,2026-01-28 00:14:14.000,_20260127_191246_CH01_REF_TMO-NSA_HTTP SS UL_NJ NY_L2.dml,,,,N41(100)+N25(15),NR SA,371,-73.780000,24.060000,,,,,,,,,,,44.387,,72.616,,,,
119,1,,,-73.9882867,40.7622450,2026-01-28 00:14:15.000,_20260127_191246_CH01_REF_TMO-NSA_HTTP SS UL_NJ NY_L2.dml,,,,N41(100)+N25(15),,371,-73.580000,24.330000,,,,,,,,,,,,,38.128,,,,
120,1,,,-73.9882867,40.7622450,2026-01-28 00:14:16.000,_20260127_191246_CH01_REF_TMO-NSA_HTTP SS UL_NJ NY_L2.dml,,,,N41(100)+N25(15),,371,-74.000000,24.270000,,,,,,,,,,,,,0.000,,,,
121,1,,,-73.9882867,40.7622450,2026-01-28 00:14:17.000,_20260127_191246_CH01_REF_TMO-NSA_HTTP SS UL_NJ NY_L2.dml,,,,N41(100)+N25(15),,371,-73.940000,24.540000,,,,,,,,,,,,,0.000,,,,
122,1,,,-73.9882867,40.7622450,2026-01-28 00:14:18.000,_20260127_191246_CH01_REF_TMO-NSA_HTTP SS UL_NJ NY_L2.dml,,,,N41(100)+N25(15),,371,-73.560000,25.240000,,,,,,,,,,,,,0.000,,,,
123,1,,,-73.9882867,40.7622450,2026-01-28 00:14:18.225,_20260127_191246_CH01_REF_TMO-NSA_HTTP SS UL_NJ NY_L2.dml,,,,,,,,,,,,,,,Upload Start Request,,,,,,,,,,
124,1,,,-73.9882867,40.7622450,2026-01-28 00:14:18.459,_20260127_191246_CH01_REF_TMO-NSA_HTTP SS UL_NJ NY_L2.dml,,,,,,,,,,,,,,,Upload Started,,,,,,,,,,
125,1,,,-73.9882867,40.7622450,2026-01-28 00:14:19.000,_20260127_191246_CH01_REF_TMO-NSA_HTTP SS UL_NJ NY_L2.dml,,,,N41(100)+N25(15),NR SA,371,-73.780000,24.860000,,,,,,,,,,,,,0.000,,,,
126,1,,,-73.9882867,40.7622450,2026-01-28 00:14:20.000,_20260127_191246_CH01_REF_TMO-NSA_HTTP SS UL_NJ NY_L2.dml,,,,N41(100)+N25(15),NR SA,371,-73.180000,25.040000,,,,,,,,,,,,,43.160,,,,
127,1,,,-73.9882867,40.7622450,2026-01-28 00:14:20.178,_20260127_191246_CH01_REF_TMO-NSA_HTTP SS UL_NJ NY_L2.dml,,,,,,,,,,,,,,,Upload Ended,,,,,,,,,,
128,1,,,-73.9882867,40.7622450,2026-01-28 00:14:21.000,_20260127_191246_CH01_REF_TMO-NSA_HTTP SS UL_NJ NY_L2.dml,,,,N41(100)+N25(15),NR SA,371,-73.540000,24.900000,,,,,,,,,,,41.047,,67.032,,,,
129,1,,,-73.9882867,40.7622450,2026-01-28 00:14:22.000,_20260127_191246_CH01_REF_TMO-NSA_HTTP SS UL_NJ NY_L2.dml,,,,N41(100)+N25(15),,371,-73.320000,24.380000,,,,,,,,,,,,,35.816,,,,
130,1,,,-73.9882867,40.7622450,2026-01-28 00:14:23.000,_20260127_191246_CH01_REF_TMO-NSA_HTTP SS UL_NJ NY_L2.dml,,,,N41(100)+N25(15),,371,-73.710000,24.310000,,,,,,,,,,,,,0.000,,,,
131,1,,,-73.9882867,40.7622450,2026-01-28 00:14:24.000,_20260127_191246_CH01_REF_TMO-NSA_HTTP SS UL_NJ NY_L2.dml,,,,N41(100)+N25(15),,371,-73.580000,24.600000,,,,,,,,,,,,,0.008,,,,
132,1,,,-73.9882867,40.7622450,2026-01-28 00:14:25.000,_20260127_191246_CH01_REF_TMO-NSA_HTTP SS UL_NJ NY_L2.dml,,,,N41(100)+N25(15),,371,-73.900000,24.320000,,,,,,,,,,,,,0.000,,,,
133,1,,,-73.9882867,40.7622450,2026-01-28 00:14:25.225,_20260127_191246_CH01_REF_TMO-NSA_HTTP SS UL_NJ NY_L2.dml,,,,,,,,,,,,,,,Upload Start Request,,,,,,,,,,
134,1,,,-73.9882867,40.7622450,2026-01-28 00:14:25.444,_20260127_191246_CH01_REF_TMO-NSA_HTTP SS UL_NJ NY_L2.dml,,,,,,,,,,,,,,,Upload Started,,,,,,,,,,
135,1,,,-73.9882867,40.7622450,2026-01-28 00:14:26.000,_20260127_191246_CH01_REF_TMO-NSA_HTTP SS UL_NJ NY_L2.dml,,,,N41(100)+N25(15),NR SA,371,-73.520000,24.580000,,,,,,,,,,,,,0.000,,,,
136,1,,,-73.9883000,40.7622517,2026-01-28 00:14:26.771,_20260127_191246_CH01_REF_TMO-NSA_HTTP SS UL_NJ NY_L2.dml,,,,,,,,,,,,,,,Upload Ended,,,,,,,,,,
137,1,,,-73.9883000,40.7622517,2026-01-28 00:14:27.000,_20260127_191246_CH01_REF_TMO-NSA_HTTP SS UL_NJ NY_L2.dml,,,,N41(100)+N25(15),NR SA,371,-74.000000,24.300000,,,,,,,,,,,,,50.936,,,,
138,1,,,-73.9883000,40.7622517,2026-01-28 00:14:28.000,_20260127_191246_CH01_REF_TMO-NSA_HTTP SS UL_NJ NY_L2.dml,,,,N41(100)+N25(15),NR SA,371,-73.900000,24.460000,,,,,,,,,,,74.692,,67.768,,,,
139,1,,,-73.9883000,40.7622517,2026-01-28 00:14:29.000,_20260127_191246_CH01_REF_TMO-NSA_HTTP SS UL_NJ NY_L2.dml,,,,N41(100)+N25(15),,371,-73.780000,24.840000,,,,,,,,,,,,,27.784,,,,
140,1,,,-73.9883000,40.7622517,2026-01-28 00:14:30.000,_20260127_191246_CH01_REF_TMO-NSA_HTTP SS UL_NJ NY_L2.dml,,,,N41(100)+N25(15),,371,-73.660000,24.380000,,,,,,,,,,,,,,,,,
141,1,,,-73.9882983,40.7622517,2026-01-28 00:14:31.000,_20260127_191246_CH01_REF_TMO-NSA_HTTP SS UL_NJ NY_L2.dml,,,,N41(100)+N25(15),,371,-73.090000,25.330000,,,,,,,,,,,,,0.000,,,,
142,1,,,-73.9883033,40.7622500,2026-01-28 00:14:32.000,_20260127_191246_CH01_REF_TMO-NSA_HTTP SS UL_NJ NY_L2.dml,,,,N41(100)+N25(15),,371,-73.120000,24.880000,,,,,,,,,,,,,0.000,,,,
143,1,,,-73.9883033,40.7622500,2026-01-28 00:14:32.271,_20260127_191246_CH01_REF_TMO-NSA_HTTP SS UL_NJ NY_L2.dml,,,,,,,,,,,,,,,Upload Start Request,,,,,,,,,,
144,1,,,-73.9883050,40.7622483,2026-01-28 00:14:32.490,_20260127_191246_CH01_REF_TMO-NSA_HTTP SS UL_NJ NY_L2.dml,,,,,,,,,,,,,,,Upload Started,,,,,,,,,,
145,1,,,-73.9883050,40.7622483,2026-01-28 00:14:33.000,_20260127_191246_CH01_REF_TMO-NSA_HTTP SS UL_NJ NY_L2.dml,,,,N41(100)+N25(15),NR SA,371,-73.600000,24.460000,,,,,,,,,,,,,0.000,,,,
146,1,,,-73.9883050,40.7622467,2026-01-28 00:14:34.000,_20260127_191246_CH01_REF_TMO-NSA_HTTP SS UL_NJ NY_L2.dml,,,,N41(100)+N25(15),NR SA,371,-73.600000,24.520000,,,,,,,,,,,,,48.048,,,,
147,1,,,-73.9883050,40.7622467,2026-01-28 00:14:34.115,_20260127_191246_CH01_REF_TMO-NSA_HTTP SS UL_NJ NY_L2.dml,,,,,,,,,,,,,,,Upload Ended,,,,,,,,,,
148,1,,,-73.9883033,40.7622483,2026-01-28 00:14:35.000,_20260127_191246_CH01_REF_TMO-NSA_HTTP SS UL_NJ NY_L2.dml,,,,N41(100)+N25(15),NR SA,371,-74.000000,24.400000,,,,,,,,,,,51.111,,67.904,,,,
149,1,,,-73.9883067,40.7622450,2026-01-28 00:14:36.000,_20260127_191246_CH01_REF_TMO-NSA_HTTP SS UL_NJ NY_L2.dml,,,,N41(100)+N25(15),,371,-74.000000,24.450000,,,,,,,,,,,,,30.400,,,,
150,1,,,-73.9883067,40.7622450,2026-01-28 00:14:37.000,_20260127_191246_CH01_REF_TMO-NSA_HTTP SS UL_NJ NY_L2.dml,,,,N41(100)+N25(15),,371,-74.000000,24.930000,,,,,,,,,,,,,0.000,,,,
151,1,,,-73.9883067,40.7622450,2026-01-28 00:14:38.000,_20260127_191246_CH01_REF_TMO-NSA_HTTP SS UL_NJ NY_L2.dml,,,,N41(100)+N25(15),,371,-73.240000,24.580000,,,,,,,,,,,,,0.000,,,,
152,1,,,-73.9883067,40.7622450,2026-01-28 00:14:39.000,_20260127_191246_CH01_REF_TMO-NSA_HTTP SS UL_NJ NY_L2.dml,,,,N41(100)+N25(15),,371,-73.050000,24.600000,,,,,,,,,,,,,0.000,,,,
153,1,,,-73.9883067,40.7622450,2026-01-28 00:14:39.319,_20260127_191246_CH01_REF_TMO-NSA_HTTP SS UL_NJ NY_L2.dml,,,,,,,,,,,,,,,Upload Start Request,,,,,,,,,,
154,1,,,-73.9883067,40.7622450,2026-01-28 00:14:39.521,_20260127_191246_CH01_REF_TMO-NSA_HTTP SS UL_NJ NY_L2.dml,,,,,,,,,,,,,,,Upload Started,,,,,,,,,,
155,1,,,-73.9883067,40.7622450,2026-01-28 00:14:40.000,_20260127_191246_CH01_REF_TMO-NSA_HTTP SS UL_NJ NY_L2.dml,,,,N41(100)+N25(15),NR SA,371,-73.890000,24.330000,,,,,,,,,,,,,2.592,,,,
156,1,,,-73.9883067,40.7622450,2026-01-28 00:14:41.000,_20260127_191246_CH01_REF_TMO-NSA_HTTP SS UL_NJ NY_L2.dml,,,,N41(100)+N25(15),NR SA,371,-73.740000,24.440000,,,,,,,,,,,,,68.616,,,,
157,1,,,-73.9883067,40.7622450,2026-01-28 00:14:41.178,_20260127_191246_CH01_REF_TMO-NSA_HTTP SS UL_NJ NY_L2.dml,,,,,,,,,,,,,,,Upload Ended,,,,,,,,,,
158,1,,,-73.9883067,40.7622450,2026-01-28 00:14:42.000,_20260127_191246_CH01_REF_TMO-NSA_HTTP SS UL_NJ NY_L2.dml,,,,N41(100)+N25(15),NR SA,371,-73.500000,24.120000,,,,,,,,,,,45.979,,71.824,,,,
159,1,,,-73.9883067,40.7622450,2026-01-28 00:14:43.000,_20260127_191246_CH01_REF_TMO-NSA_HTTP SS UL_NJ NY_L2.dml,,,,N41(100)+N25(15),,371,-74.000000,24.070000,,,,,,,,,,,,,2.144,,,,
160,1,,,-73.9883067,40.7622450,2026-01-28 00:14:44.000,_20260127_191246_CH01_REF_TMO-NSA_HTTP SS UL_NJ NY_L2.dml,,,,N41(100)+N25(15),,371,-74.000000,23.900000,,,,,,,,,,,,,,,,,
161,1,,,-73.9883067,40.7622450,2026-01-28 00:14:45.000,_20260127_191246_CH01_REF_TMO-NSA_HTTP SS UL_NJ NY_L2.dml,,,,N41(100)+N25(15),,371,-74.000000,24.470000,,,,,,,,,,,,,0.000,,,,
162,1,,,-73.9883067,40.7622450,2026-01-28 00:14:46.000,_20260127_191246_CH01_REF_TMO-NSA_HTTP SS UL_NJ NY_L2.dml,,,,N41(100)+N25(15),,371,-74.000000,24.300000,,,,,,,,,,,,,0.000,,,,
163,1,,,-73.9883067,40.7622450,2026-01-28 00:14:46.350,_20260127_191246_CH01_REF_TMO-NSA_HTTP SS UL_NJ NY_L2.dml,,,,,,,,,,,,,,,Upload Start Request,,,,,,,,,,
164,1,,,-73.9883067,40.7622450,2026-01-28 00:14:46.569,_20260127_191246_CH01_REF_TMO-NSA_HTTP SS UL_NJ NY_L2.dml,,,,,,,,,,,,,,,Upload Started,,,,,,,,,,
165,1,,,-73.9883067,40.7622450,2026-01-28 00:14:47.000,_20260127_191246_CH01_REF_TMO-NSA_HTTP SS UL_NJ NY_L2.dml,,,,N41(100)+N25(15),NR SA,371,-73.880000,24.340000,,,,,,,,,,,,,0.000,,,,
166,1,,,-73.9883067,40.7622450,2026-01-28 00:14:48.000,_20260127_191246_CH01_REF_TMO-NSA_HTTP SS UL_NJ NY_L2.dml,,,,N41(100)+N25(15),NR SA,371,-73.120000,24.840000,,,,,,,,,,,,,15.208,,,,
167,1,,,-73.9883067,40.7622450,2026-01-28 00:14:48.271,_20260127_191246_CH01_REF_TMO-NSA_HTTP SS UL_NJ NY_L2.dml,,,,,,,,,,,,,,,Upload Ended,,,,,,,,,,
168,1,,,-73.9883067,40.7622450,2026-01-28 00:14:49.000,_20260127_191246_CH01_REF_TMO-NSA_HTTP SS UL_NJ NY_L2.dml,,,,N41(100)+N25(15),NR SA,371,-73.000000,24.960000,,,,,,,,,,,33.568,,71.288,,,,
169,1,,,-73.9883067,40.7622450,2026-01-28 00:14:50.000,_20260127_191246_CH01_REF_TMO-NSA_HTTP SS UL_NJ NY_L2.dml,,,,N41(100)+N25(15),,371,-73.070000,24.780000,,,,,,,,,,,,,58.328,,,,
170,1,,,-73.9883067,40.7622450,2026-01-28 00:14:51.000,_20260127_191246_CH01_REF_TMO-NSA_HTTP SS UL_NJ NY_L2.dml,,,,N41(100)+N25(15),,371,-73.000000,25.260000,,,,,,,,,,,,,,,,,
171,1,,,-73.9883067,40.7622450,2026-01-28 00:14:52.000,_20260127_191246_CH01_REF_TMO-NSA_HTTP SS UL_NJ NY_L2.dml,,,,N41(100)+N25(15),,371,-72.980000,24.740000,,,,,,,,,,,,,0.000,,,,
172,1,,,-73.9883067,40.7622450,2026-01-28 00:14:53.000,_20260127_191246_CH01_REF_TMO-NSA_HTTP SS UL_NJ NY_L2.dml,,,,N41(100)+N25(15),,371,-73.240000,25.160000,,,,,,,,,,,,,0.000,,,,
173,1,,,-73.9883067,40.7622450,2026-01-28 00:14:53.381,_20260127_191246_CH01_REF_TMO-NSA_HTTP SS UL_NJ NY_L2.dml,,,,,,,,,,,,,,,Upload Start Request,,,,,,,,,,
174,1,,,-73.9883067,40.7622450,2026-01-28 00:14:53.584,_20260127_191246_CH01_REF_TMO-NSA_HTTP SS UL_NJ NY_L2.dml,,,,,,,,,,,,,,,Upload Started,,,,,,,,,,
175,1,,,-73.9883067,40.7622450,2026-01-28 00:14:54.000,_20260127_191246_CH01_REF_TMO-NSA_HTTP SS UL_NJ NY_L2.dml,,,,N41(100)+N25(15),NR SA,371,-73.440000,24.260000,,,,,,,,,,,,,0.000,,,,
176,1,,,-73.9883067,40.7622450,2026-01-28 00:14:55.000,_20260127_191246_CH01_REF_TMO-NSA_HTTP SS UL_NJ NY_L2.dml,,,,N41(100)+N25(15),NR SA,371,-73.560000,24.640000,,,,,,,,,,,,,24.072,,,,
177,1,,,-73.9883067,40.7622450,2026-01-28 00:14:55.303,_20260127_191246_CH01_REF_TMO-NSA_HTTP SS UL_NJ NY_L2.dml,,,,,,,,,,,,,,,Upload Ended,,,,,,,,,,
178,1,,,-73.9883200,40.7622433,2026-01-28 00:14:56.000,_20260127_191246_CH01_REF_TMO-NSA_HTTP SS UL_NJ NY_L2.dml,,,,N41(100)+N25(15),NR SA,371,-73.940000,24.060000,,,,,,,,,,,39.495,,71.256,,,,
179,1,,,-73.9883333,40.7622433,2026-01-28 00:14:57.000,_20260127_191246_CH01_REF_TMO-NSA_HTTP SS UL_NJ NY_L2.dml,,,,N41(100)+N25(15),,371,-74.620000,23.360000,,,,,,,,,,,,,50.688,,,,
180,1,,,-73.9883350,40.7622433,2026-01-28 00:14:58.000,_20260127_191246_CH01_REF_TMO-NSA_HTTP SS UL_NJ NY_L2.dml,,,,N41(100)+N25(15),,371,-73.840000,24.440000,,,,,,,,,,,,,0.008,,,,
181,1,,,-73.9883333,40.7622433,2026-01-28 00:14:59.000,_20260127_191246_CH01_REF_TMO-NSA_HTTP SS UL_NJ NY_L2.dml,,,,N41(100)+N25(15),,371,-73.250000,24.690000,,,,,,,,,,,,,0.000,,,,
182,1,,,-73.9883333,40.7622433,2026-01-28 00:15:00.000,_20260127_191246_CH01_REF_TMO-NSA_HTTP SS UL_NJ NY_L2.dml,,,,N41(100)+N25(15),,371,-73.510000,24.690000,,,,,,,,,,,,,0.000,,,,
183,1,,,-73.9883333,40.7622450,2026-01-28 00:15:00.411,_20260127_191246_CH01_REF_TMO-NSA_HTTP SS UL_NJ NY_L2.dml,,,,,,,,,,,,,,,Upload Start Request,,,,,,,,,,
184,1,,,-73.9883333,40.7622450,2026-01-28 00:15:00.615,_20260127_191246_CH01_REF_TMO-NSA_HTTP SS UL_NJ NY_L2.dml,,,,,,,,,,,,,,,Upload Started,,,,,,,,,,
185,1,,,-73.9883333,40.7622450,2026-01-28 00:15:01.000,_20260127_191246_CH01_REF_TMO-NSA_HTTP SS UL_NJ NY_L2.dml,,,,N41(100)+N25(15),NR SA,371,-73.290000,24.130000,,,,,,,,,,,,,0.000,,,,
186,1,,,-73.9883333,40.7622450,2026-01-28 00:15:02.000,_20260127_191246_CH01_REF_TMO-NSA_HTTP SS UL_NJ NY_L2.dml,,,,N41(100)+N25(15),NR SA,371,-74.300000,23.760000,,,,,,,,,,,,,26.720,,,,
187,1,,,-73.9883333,40.7622450,2026-01-28 00:15:02.365,_20260127_191246_CH01_REF_TMO-NSA_HTTP SS UL_NJ NY_L2.dml,,,,,,,,,,,,,,,Upload Ended,,,,,,,,,,
188,1,,,-73.9883333,40.7622450,2026-01-28 00:15:03.000,_20260127_191246_CH01_REF_TMO-NSA_HTTP SS UL_NJ NY_L2.dml,,,,N41(100)+N25(15),NR SA,371,-73.940000,23.840000,,,,,,,,,,,40.988,,68.712,,,,
189,1,,,-73.9883333,40.7622450,2026-01-28 00:15:04.000,_20260127_191246_CH01_REF_TMO-NSA_HTTP SS UL_NJ NY_L2.dml,,,,N41(100)+N25(15),,371,-73.770000,23.540000,,,,,,,,,,,,,44.048,,,,
190,1,,,-73.9883333,40.7622450,2026-01-28 00:15:05.000,_20260127_191246_CH01_REF_TMO-NSA_HTTP SS UL_NJ NY_L2.dml,,,,N41(100)+N25(15),,371,-73.710000,22.490000,,,,,,,,,,,,,0.008,,,,
191,1,,,-73.9883333,40.7622450,2026-01-28 00:15:06.000,_20260127_191246_CH01_REF_TMO-NSA_HTTP SS UL_NJ NY_L2.dml,,,,N41(100)+N25(15),,371,-73.330000,24.450000,,,,,,,,,,,,,0.000,,,,
192,1,,,-73.9883250,40.7622500,2026-01-28 00:15:07.000,_20260127_191246_CH01_REF_TMO-NSA_HTTP SS UL_NJ NY_L2.dml,,,,N41(100)+N25(15),,371,-73.520000,24.260000,,,,,,,,,,,,,0.000,,,,
193,1,,,-73.9883250,40.7622500,2026-01-28 00:15:07.444,_20260127_191246_CH01_REF_TMO-NSA_HTTP SS UL_NJ NY_L2.dml,,,,,,,,,,,,,,,Upload Start Request,,,,,,,,,,
194,1,,,-73.9883250,40.7622500,2026-01-28 00:15:07.661,_20260127_191246_CH01_REF_TMO-NSA_HTTP SS UL_NJ NY_L2.dml,,,,,,,,,,,,,,,Upload Started,,,,,,,,,,
195,1,,,-73.9883250,40.7622500,2026-01-28 00:15:08.000,_20260127_191246_CH01_REF_TMO-NSA_HTTP SS UL_NJ NY_L2.dml,,,,N41(100)+N25(15),NR SA,371,-73.400000,24.680000,,,,,,,,,,,,,0.000,,,,
196,1,,,-73.9883250,40.7622500,2026-01-28 00:15:09.000,_20260127_191246_CH01_REF_TMO-NSA_HTTP SS UL_NJ NY_L2.dml,,,,N41(100)+N25(15),NR SA,371,-73.680000,23.180000,,,,,,,,,,,,,43.832,,,,
197,1,,,-73.9883250,40.7622500,2026-01-28 00:15:09.396,_20260127_191246_CH01_REF_TMO-NSA_HTTP SS UL_NJ NY_L2.dml,,,,,,,,,,,,,,,Upload Ended,,,,,,,,,,
198,1,,,-73.9883250,40.7622500,2026-01-28 00:15:10.000,_20260127_191246_CH01_REF_TMO-NSA_HTTP SS UL_NJ NY_L2.dml,,,,N41(100)+N25(15),NR SA,371,-74.780000,22.310000,,,,,,,,,,,39.551,,65.936,,,,
199,1,,,-73.9883250,40.7622500,2026-01-28 00:15:11.000,_20260127_191246_CH01_REF_TMO-NSA_HTTP SS UL_NJ NY_L2.dml,,,,N41(100)+N25(15),,371,-74.440000,23.090000,,,,,,,,,,,,,37.144,,,,
200,1,,,-73.9883250,40.7622500,2026-01-28 00:15:12.000,_20260127_191246_CH01_REF_TMO-NSA_HTTP SS UL_NJ NY_L2.dml,,,,N41(100)+N25(15),,371,-74.420000,23.360000,,,,,,,,,,,,,0.000,,,,
201,1,,,-73.9883233,40.7622500,2026-01-28 00:15:13.000,_20260127_191246_CH01_REF_TMO-NSA_HTTP SS UL_NJ NY_L2.dml,,,,N41(100)+N25(15),,371,-73.140000,23.820000,,,,,,,,,,,,,0.000,,,,
202,1,,,-73.9883233,40.7622517,2026-01-28 00:15:14.000,_20260127_191246_CH01_REF_TMO-NSA_HTTP SS UL_NJ NY_L2.dml,,,,N41(100)+N25(15),,371,-74.220000,22.720000,,,,,,,,,,,,,0.000,,,,
203,1,,,-73.9883233,40.7622517,2026-01-28 00:15:14.459,_20260127_191246_CH01_REF_TMO-NSA_HTTP SS UL_NJ NY_L2.dml,,,,,,,,,,,,,,,Upload Start Request,,,,,,,,,,
204,1,,,-73.9883233,40.7622517,2026-01-28 00:15:14.661,_20260127_191246_CH01_REF_TMO-NSA_HTTP SS UL_NJ NY_L2.dml,,,,,,,,,,,,,,,Upload Started,,,,,,,,,,
205,1,,,-73.9883233,40.7622517,2026-01-28 00:15:15.000,_20260127_191246_CH01_REF_TMO-NSA_HTTP SS UL_NJ NY_L2.dml,,,,N41(100)+N25(15),NR SA,371,-74.640000,22.420000,,,,,,,,,,,,,0.200,,,,
206,1,,,-73.9883233,40.7622517,2026-01-28 00:15:16.000,_20260127_191246_CH01_REF_TMO-NSA_HTTP SS UL_NJ NY_L2.dml,,,,N41(100)+N25(15),NR SA,371,-75.040000,22.620000,,,,,,,,,,,,,51.608,,,,
207,1,,,-73.9883233,40.7622517,2026-01-28 00:15:16.396,_20260127_191246_CH01_REF_TMO-NSA_HTTP SS UL_NJ NY_L2.dml,,,,,,,,,,,,,,,Upload Ended,,,,,,,,,,
208,1,,,-73.9883233,40.7622517,2026-01-28 00:15:17.000,_20260127_191246_CH01_REF_TMO-NSA_HTTP SS UL_NJ NY_L2.dml,,,,N41(100)+N25(15),NR SA,371,-74.510000,23.110000,,,,,,,,,,,38.001,,71.720,,,,
209,1,,,-73.9883383,40.7622500,2026-01-28 00:15:18.000,_20260127_191246_CH01_REF_TMO-NSA_HTTP SS UL_NJ NY_L2.dml,,,,N41(100)+N25(15),,371,-74.000000,23.640000,,,,,,,,,,,,,22.144,,,,
210,1,,,-73.9883367,40.7622500,2026-01-28 00:15:19.000,_20260127_191246_CH01_REF_TMO-NSA_HTTP SS UL_NJ NY_L2.dml,,,,N41(100)+N25(15),,371,-74.330000,23.000000,,,,,,,,,,,,,0.000,,,,
211,1,,,-73.9883533,40.7622483,2026-01-28 00:15:20.000,_20260127_191246_CH01_REF_TMO-NSA_HTTP SS UL_NJ NY_L2.dml,,,,N41(100)+N25(15),,371,-74.000000,23.310000,,,,,,,,,,,,,,,,,
212,1,,,-73.9883517,40.7622500,2026-01-28 00:15:21.000,_20260127_191246_CH01_REF_TMO-NSA_HTTP SS UL_NJ NY_L2.dml,,,,N41(100)+N25(15),,371,-74.280000,22.680000,,,,,,,,,,,,,0.000,,,,
